id,date,content,retweets,favorites,hashtags,mentions
682805320217980929,2016-01-01 00:07:28,Happy New Year from # MarALago! Thank you to my great family for all of their support.pic.twitter.com/6UsqSiaaj7 – bei The Mar-a-lago Club,1650,7078,#MarALago,
682805477168779264,2016-01-01 00:08:06,""" @ jallenaip: Hillary said she was in a ""Fog of War"" as explanation for the lies about Benghazi. No fog allowed in WH. Vote Trump POTUS!""",2258,6221,,@jallenaip
683037464504745985,2016-01-01 15:29:56,""" @ sprinklermanus: @ CNN @ realDonaldTrump they're spending millions but you're still going to win - go Donald Trump""",748,2778,,"@sprinklermanus,@CNN,@realDonaldTrump"
683060169677344768,2016-01-01 17:00:09,"Well, the year has officially begun. I have many stops planned and will be working very hard to win so that we can turn our country around!",2157,7125,,
683060654098530305,2016-01-01 17:02:05,""" @ marie7777777777: @ realDonaldTrump we love u to Trump Family. God bless you.""",550,2324,,"@marie7777777777,@realDonaldTrump"
683061678246903808,2016-01-01 17:06:09,""" @ JodiL792: We are Standing with you! Spreading the Word...Trump for President 2016!! I wake & sleep praying for you & the USA!+Israel2""",740,2573,,@JodiL792
683062220490715136,2016-01-01 17:08:18,""" @ MEMEoryHead: I'm one of your biggest fans Mr Trump and I can't wait for you to Make America Great ifAgain! Never forget you have support!""",730,2924,,@MEMEoryHead
683062751434899456,2016-01-01 17:10:25,""" @ CASuperrunner: @ georgehenryw Huckabee is a good man...but he needs to get behind @ realDonaldTrump"" I agree!",755,2770,,"@CASuperrunner,@georgehenryw,@realDonaldTrump"
683066224251645953,2016-01-01 17:24:13,I will be going to Mississippi tomorrow night - hear the crowds are going to be massive! Look forward to it.,1405,4586,,
683066650627846144,2016-01-01 17:25:54,""" @ codyraymille: I have never been interested in politics but because of you I want to get my political science degree. # trump2016"" Great!",814,3681,#trump2016,@codyraymille
683070410993364992,2016-01-01 17:40:51,"The person that Hillary Clinton least wants to run against is, by far, me. It will be the largest voter turnout ever - she will be swamped!",3075,8570,,
683127297457700864,2016-01-01 21:26:54,Thank you so much to http://WND.com for naming me the 2015 Man of the Year. This is indeed a great honor for me!,1566,5328,,
683128636279361537,2016-01-01 21:32:13,# VoteTrump2016 & together we will # MakeAmericaGreatAgain! THANK YOU for your support!pic.twitter.com/bziqUSHnbi,2495,6199,#MakeAmericaGreatAgain,
683140004625936384,2016-01-01 22:17:23,Massive crowds expected in Mississippi tomorrow night. Look forward to it! 2015 IN PHOTOS: https://m.facebook.com/DonaldTrump pic.twitter.com/utrl0UnQau,1761,5375,,
683259029804695552,2016-01-02 06:10:21,". @ JebBush is a sad case. A total embarrassment to both himself and his family, he just announced he will continue to spend on Trump hit ads!",1769,4764,,@JebBush
683260753810440192,2016-01-02 06:17:12,". @ JebBush is a low energy ""stiff"" who should focus his special interest money on the many people ahead of him in the polls. Has no chance!",1396,4476,,@JebBush
683277309969694720,2016-01-02 07:23:00,"Hillary Clinton said that it is O.K. to ban Muslims from Israel by building a WALL, but not O.K. to do so in the U.S. We must be vigilant!",6359,11936,,
683377290282156032,2016-01-02 14:00:17,"Hillary Clinton doesn't have the strength or stamina to be president. Jeb Bush is a low energy individual, but Hillary is not much better!",1890,5441,,
683378470093746176,2016-01-02 14:04:58,I hope Bill Clinton starts talking about women's issues so that voters can see what a hypocrite he is and how Hillary abused those women!,3027,6779,,
683392613869858816,2016-01-02 15:01:10,"When I look at all of the money the special interests and lobbyists are giving to candidates, beware - the candidates are mere puppets $$$$!",3069,7549,,
683394224184758272,2016-01-02 15:07:34,"Remember, I am self-funding my campaign, the only one in either party. I'm not controlled by lobbyists or special interests-only the U.S.A.!",4935,13266,,
683418056417251328,2016-01-02 16:42:16,"Heading to Biloxi, Mississippi. Massive crowds expected. Thank you for your support! # VoteTrump2016pic.twitter.com/1VMngEMLzT",1311,4875,#VoteTrump2016pic,
683443848639455232,2016-01-02 18:24:45,Just arrived in Mississippi for the rally. Word is that the crowd is overflowing and massive. Will be an amazing evening!,1431,5824,,
683509528453869569,2016-01-02 22:45:45,""" @ Granite_Hope: @brandonstinney How can you deny this fact.HillaryClinton and BarackObama are the two people who made # ISIS a big problem""",1407,3754,#ISIS,"@Granite,@brandonstinney"
683511482684936192,2016-01-02 22:53:31,"Thank you # Biloxi, # Mississippi! Remember this night & spread the word to get out & # VoteTrump2016!pic.twitter.com/hfYdkY5DKq",2045,4848,"#Biloxi,#Mississippi,#VoteTrump2016",
683521456790220800,2016-01-02 23:33:09,""" @ namusca: @ realDonaldTrump @ EricTrump @ DiamondandSilk # Trump is much better than any rock concert! He knows how to fill a stadium.""",756,2702,#Trump,"@namusca,@realDonaldTrump,@EricTrump,@DiamondandSilk"
683521627930365952,2016-01-02 23:33:49,""" @ MMMDigits: Well done # Biloxi....great display of Southern pride and hospitality at @ realDonaldTrump event. Fired up and ready to go!!""",861,3046,#Biloxi,"@MMMDigits,@realDonaldTrump"
683522343680000000,2016-01-02 23:36:40,Just returned from Mississippi - a great evening.,936,4241,,
683648845033680896,2016-01-03 07:59:20,Hillary Clinton lied last week when she said ISIS made a D.T. video. The video that ISIS made was about her husband being a degenerate.,3707,8310,,
683652037800755200,2016-01-03 08:12:02,"Al-Shabbab, not ISIS, just made a video on me - they all will as front-runner & if I speak out against them, which I must. Hillary lied!",2169,5457,,
683655884547973121,2016-01-03 08:27:19,Hillary said that guns don't keep you safe. If she really believes that she should demand that her heavily armed bodyguards quickly disarm!,14618,26976,,
683690682649833476,2016-01-03 10:45:35,"Thank you for your support in Biloxi, MS! Let's ALL get out & VOTE in 2016, so we can # MakeAmericaGreatAgain!pic.twitter.com/RSZF12Kyhn",1925,5405,#MakeAmericaGreatAgain,
683708260784967680,2016-01-03 11:55:26,"Does anybody remember when Bill Clinton, in 2008, worked long and hard for Hillary? She LOST! Now Bill is at it again. Just watch.",2099,5613,,
683712803392323584,2016-01-03 12:13:29,". @ chucktodd said today on @ meetthepress that ""attacking Bill to get to Hillary has never worked before."" Wrong - attacked him in '08 & won!",1093,3141,,"@chucktodd,@meetthepress"
683725499391164416,2016-01-03 13:03:56,". @ RuthMarcus of the @ washingtonpost was terrible today on Face The Nation.No focus, poor level of concentration-but correct on Hillary lying",813,3109,,"@RuthMarcus,@washingtonpost"
683736913631653888,2016-01-03 13:49:18,""" @ TINAHILLSTROM1: @ FoxNews @ KatrinaPierson I love @ piersmorgan & @ realDonaldTrump REAL MEN w/ an opinion Exciting interesting controversial",482,1772,,"@TINAHILLSTROM1,@FoxNews,@KatrinaPierson,@piersmorgan,@realDonaldTrump"
683738198703509506,2016-01-03 13:54:24,""" @ barbaraslavin1: @ RuthMarcus @ washingtonpost bashing distinguished women journalists won't win you votes"" She is 3rd rate, a total dummy!",643,2225,,"@barbaraslavin1,@RuthMarcus,@washingtonpost"
683739850185543681,2016-01-03 14:00:58,"Iran, with all of the money and all else given to them by Obama, has wanted a way to take over Saudi Arabia & their oil. THEY JUST FOUND IT!",2103,4397,,
683789635189882881,2016-01-03 17:18:47,The worst thing Hillary could do is have her husband campaign for her. Just watch.,2800,7700,,
683789875653513220,2016-01-03 17:19:45,"By the way, Hillary & the MSM forgot to mention that Hillary is in the Al-Shabaab terror video.http://therightscoop.com/media-gleefully-reporting-al-shabab-video-with-trump-ignores-hillary-and-black-lives-matter-are-in-it-too/ …",3384,5634,,
683806644124385280,2016-01-03 18:26:23,"""@icareeguns: This # Iowan is voting for @ RealDonaldTrump # IACaucus. Thank you for supporting IOWA! https://twitter.com/chriskyleband/status/683768768129024000 …"" My great honor",1371,3627,"#Iowan,#IACaucus",@RealDonaldTrump
683976902055297025,2016-01-04 05:42:55,"""@RhettRiley1234: Trump only wins with our votes. we must grow Trump nation and do our part. vote. This is our time.",1606,4449,,
684064699760115712,2016-01-04 11:31:48,"I look forward to being in Lowell, Massachusetts, today. I hear a very big crowd is expected--we will have lots of fun!",1839,5691,,
684102012141703170,2016-01-04 14:00:04,"Woody Johnson, owner of the NYJets, is @ JebBush’s finance chairman. If Woody would’ve been w/me, he would’ve been in the playoffs, at least!",3780,7836,,@JebBush
684197871009292292,2016-01-04 20:20:58,"The rally in Lowell, Massachusetts, was amazing. 10,000 people going wild. MAKE AMERICA GREAT AGAIN!",1641,5064,,
684198370349572097,2016-01-04 20:22:57,""" @ troyconway: Now 2-more IT Firms going over seas? There is a huge difference between a global economy and GREED! # MakeAmericaGreatAgain",951,2846,#MakeAmericaGreatAgain,@troyconway
684199772203397120,2016-01-04 20:28:32,"""@thecybermenace: @ realDonaldTrump Donald Trump hit one out of the ballpark in Lowell, MA tonight""",899,3100,,@realDonaldTrump
684216070463447040,2016-01-04 21:33:17,"""@samuelghaddad: Wow! Let's hear it for the Factor. Let the truth be known. More are beginning to realize @ realDonaldTrump is the real deal!",857,2744,,@realDonaldTrump
684216660933361664,2016-01-04 21:35:38,""" @ Mark98z: @ realDonaldTrump Mr. TRUMP this was your best, most energized one to date. ( and i have watched most of them)... WELL DONE",668,2573,,"@Mark98z,@realDonaldTrump"
684216903863250944,2016-01-04 21:36:36,""" @ djw11223: @ realDonaldTrump The crowd was HUGE # MakeAmericaGreatAgain pic.twitter.com/xKq957P6yr""",792,2762,#MakeAmericaGreatAgain,"@djw11223,@realDonaldTrump"
684216973815844866,2016-01-04 21:36:53,""" @ SalRiccobono: @ realDonaldTrump @ troyconway Donald get big business back and#MAKE AMERICA GREAT AGAIN FOR 2016""",606,2183,,"@SalRiccobono,@realDonaldTrump,@troyconway"
684217554861199360,2016-01-04 21:39:11,""" @ iLoveiDevices: @ EdwinRo47796972 @ happyjack225 @ FoxNews @ krauthammer Minimizing dependency on China is crucial.Only Trump talks about that",851,2663,,"@iLoveiDevices,@EdwinRo47796972,@happyjack225,@FoxNews,@krauthammer"
684218305100525569,2016-01-04 21:42:10,""" @ ghosthunter_lol: Iowa key endorsement for @ realDonaldTrump Can't wait for the Iowa caucus in 4 weeks! # Trump2016 pic.twitter.com/JBfyFrZfFb""",1911,4966,#Trump2016,"@ghosthunter,@realDonaldTrump"
684218836569206784,2016-01-04 21:44:17,""" @ marybnall01: @ realDonaldTrump watched lowell mass speech. Awesome. Great crowd. Make America Great Again!!!!!!""",697,2605,,"@marybnall01,@realDonaldTrump"
684219579548041218,2016-01-04 21:47:14,""" @ lilredfrmkokomo: @ realDonaldTrump My Facebook Groups are all voting TRUMP /4000 people! !!"" Great!",929,3327,,"@lilredfrmkokomo,@realDonaldTrump"
684417452906774529,2016-01-05 10:53:31,"Wow @ UnionLeader circulation in NH has dropped from 75,000 to around 10—bad management. No wonder they begged me for ads.",973,2935,,@UnionLeader
684429853433696258,2016-01-05 11:42:47,"I don’t know @ SamuelLJackson, to best of my knowledge haven't played golf w/him & think he does too many TV commercials—boring. Not a fan.",2502,5286,,@SamuelLJackson
684432562241015808,2016-01-05 11:53:33,""" @ Lucky5713 @ NewDay What's wrong with showing Morocco? Nothing! It illustrates a Point! Duh! Love the video!""",864,2795,,"@Lucky5713,@NewDay"
684435524346613765,2016-01-05 12:05:19,""" @ longtalltexan20 @ realDonaldTrump I love it when TRUMP calls out MSM for what they really are! Cams starting to show crowds at rallies!""",1079,3265,,"@longtalltexan20,@realDonaldTrump"
684531959939371008,2016-01-05 18:28:31,I am in New Hampshire. Just received great news from Reuters poll. Thank you for your support!pic.twitter.com/yzp9dGfbce,3726,10094,,
684562852372426752,2016-01-05 20:31:17,""" @ pearl_brendan: @ dphilbs if @ realDonaldTrump doesn't win, I'm leaving this country # Trump4President""",551,2129,#Trump4President,"@pearl,@dphilbs,@realDonaldTrump"
684563455001636864,2016-01-05 20:33:40,""" @ trumpy17: @ realDonaldTrump gave an AWESOME speech in Claremont tonight!!",630,2222,,"@trumpy17,@realDonaldTrump"
684564419557339143,2016-01-05 20:37:30,""" @ RubinsteinNel: @ realDonaldTrump @ pearl_brendan @ dphilbs If Trump doesn't win, we may not be able to recuperate America.""",921,2781,,"@RubinsteinNel,@realDonaldTrump,@pearl,@dphilbs"
684581112161636352,2016-01-05 21:43:50,""" @ Boazziz: . @ DanScavino Somewhere in that crowd am I. The Gymnasium was electric, the crowd unstoppable & @ realDonaldTrump Kingly.""",589,2060,,"@Boazziz,@DanScavino,@realDonaldTrump"
684581639561822208,2016-01-05 21:45:56,""" @ dantegtmeyer: #ISIS Reportedly Murders Spies Calls # DavidCameron 'Slave of the # WH' Video http://townhall.com/tipsheet/cortneyobrien/2016/01/04/isis-calls-david-cameron-slave-of-the-white-house-in-new-video-n2099576 … ARE YOU WELCOME NOW""",562,1460,"#ISIS,#DavidCameron,#WH",@dantegtmeyer
684581798504955904,2016-01-05 21:46:34,""" @ kristopheryan11: @ realDonaldTrump mr trump you were excellent on @ seanhannity tonight"" Thank you!",588,2218,,"@kristopheryan11,@realDonaldTrump,@seanhannity"
684582462022758400,2016-01-05 21:49:12,""" @ Kacee50: @ realDonaldTrump Women make up the fastest growing market in gun sales. And Hillary wants to take those rights away from women!""",2598,5507,,"@Kacee50,@realDonaldTrump"
684582854613807104,2016-01-05 21:50:46,""" @ CompresPhyllis: @ seanhannity @ FoxNews I am so glad u are for Trump your program is my favorite. The Don is by far the best""",666,2508,,"@CompresPhyllis,@seanhannity,@FoxNews"
684584079983915008,2016-01-05 21:55:38,""" @ ArkaysDesign: @ slone @ realDonaldTrump Have to get people of all ages out to vote for Donald Trump!""",1007,3051,,"@ArkaysDesign,@slone,@realDonaldTrump"
684585121039552512,2016-01-05 21:59:46,""" @ becker_berta: @ longtalltexan20 Trump single handedly did what no other politician ever dared to do, attacked the media for all their lies""",2039,5642,,"@becker,@longtalltexan20"
684742583520722944,2016-01-06 08:25:28,Germany is going through massive attacks to its people by the migrants allowed to enter the country. New Years Eve was a disaster. THINK!,6244,10685,,
684751768522194944,2016-01-06 09:01:58,"HAPPY BIRTHDAY to my son, @ EricTrump! Very proud of you! https://www.facebook.com/DonaldTrump/posts/10156500910690725:0 …pic.twitter.com/IJzW2NDJyA",1441,6284,,@EricTrump
684817275430539264,2016-01-06 13:22:16,I don’t cheat at golf but @ SamuelLJackson cheats—with his game he has no choice—and stop doing commercials!,1918,4347,,@SamuelLJackson
684817323333693442,2016-01-06 13:22:27,Don’t like @ SamuelLJackson’s golf swing. Not athletic. I’ve won many club championships. Play him for charity!,2383,4699,,@SamuelLJackson
684832481414148096,2016-01-06 14:22:41,"Huge crowd expected tomorrow night! VT Police say first come, first serve. Arrive early!",1236,3585,,
684844313528942599,2016-01-06 15:09:42,I will be on @ wolfblitzer for a @ CNNSitRoom interview today. Please join us 5PM ET.,715,2444,,"@wolfblitzer,@CNNSitRoom"
684875944352432128,2016-01-06 17:15:24,"Do you believe that @ UnionLeader in NH was demanding ads? Look at enclosed letter from them, just received: https://www.facebook.com/DonaldTrump/posts/10156502334810725:0 …",986,2733,,@UnionLeader
685054952754941952,2016-01-07 05:06:43,"The failing @ UnionLeader newspaper in N.H. just sent The Trump Organization a letter asking that we take ads. How stupid, how desperate!",835,2658,,@UnionLeader
685057265989189632,2016-01-07 05:15:54,". @ Macys was one of the worst performing stocks on the S&P last year, plunging 46%. Very disloyal company. Another win for Trump! Boycott.",1667,4759,,@Macys
685060524548222976,2016-01-07 05:28:51,It was a very wise move that Ted Cruz renounced his Canadian citizenship 18 months ago. Senator John McCain is certainly no friend of Ted!,1295,3763,,
685087910169808896,2016-01-07 07:17:40,"I will be in beautiful Burlington, Vermont, tonight for a rally. Will be great fun. MAKE AMERICA GREAT AGAIN!",1192,3925,,
685089631973601280,2016-01-07 07:24:31,Man shot inside Paris police station. Just announced that terror threat is at highest level. Germany is a total mess-big crime. GET SMART!,10738,13100,,
685130082646626305,2016-01-07 10:05:15,Massive crowd in VT tonight. Venue not big enough. Officials say NO to outside event and sound system. Arrive early!,1122,3512,,
685132443393867776,2016-01-07 10:14:38,. @ SenTedCruz Ted--free legal advice on how to pre-empt the Dems on citizen issue. Go to court now & seek Declaratory Judgment--you will win!,1136,3032,,@SenTedCruz
685135364584017920,2016-01-07 10:26:14,I have an idea for @ JebBush whose campaign is a disaster. Try using your last name and don't be ashamed of it!,1467,4299,,@JebBush
685136336920129536,2016-01-07 10:30:06,Weak & ineffective @ JebBush is doing ads where he shows his statement in the debate but not my response. False advertising!,1111,3759,,@JebBush
685149937856819200,2016-01-07 11:24:09,Hillary and her friends! https://www.instagram.com/p/BAPvZ-1GhbP/,1847,3674,,
685205769030078466,2016-01-07 15:06:00,"The @ TheView @ ABC, once great when headed by @ BarbaraJWalters, is now in total freefall. Whoopi Goldberg is terrible. Very sad!",1546,5271,,"@TheView,@ABC,@BarbaraJWalters"
685205850558980097,2016-01-07 15:06:19,"Joy Behar, who was fired from her last show for lack of ratings, is even worse on @ TheView. We love Barbara!",1140,4197,,@TheView
685207046921269249,2016-01-07 15:11:05,"I'm leaving now for Burlington, Vermont. It will be wild!",1156,4663,,
685285573943279616,2016-01-07 20:23:07,We could only get a small fraction of this 25k crowd in. The movement to Make America Great Again is unbelievable!pic.twitter.com/NHPdGm57YJ,3652,9009,,
685296929656422401,2016-01-07 21:08:14,"Great time in Burlington, Vermont. Crowd was amazing.",995,3943,,
685297899887063040,2016-01-07 21:12:06,""" @ hofmannken: DonaldTrump, wish I could attend one of your rallies, none are close enough. Make America Great Again for my Kids.Thank you",941,4076,,@hofmannken
685302314740113408,2016-01-07 21:29:38,""" @ LiberatedCit: @ JebBush Key State Florida Poll: Trump 32% Beats # Rubio- # Bush Combined http://bit.ly/1ITGy1D pic.twitter.com/ubJvEeCsom""",1386,3285,"#Rubio,#Bush","@LiberatedCit,@JebBush"
685302633897312257,2016-01-07 21:30:54,""" @ pink_sprnva: @ pastormike7 @ thehill I agree with you on this. @ realDonaldTrump won't be good. He will be great!""",910,2915,,"@pink,@pastormike7,@thehill,@realDonaldTrump"
685302951821340672,2016-01-07 21:32:10,"""@rlbenney: @ realDonaldTrump You did great and showed courage going to Burlington. No other GOP candidate would do what you did tonight!""",1188,4032,,@realDonaldTrump
685490467329425408,2016-01-08 09:57:17,"Hank Greenberg, formerly of AIG, gave $10 million to the @ JebBush campaign 3 months ago. He is not happy, a total waste of money!",1626,4426,,@JebBush
685533340074688512,2016-01-08 12:47:39,Not good news for Jeb Bushhttp://www.huffingtonpost.com/entry/jeb-bush-liked-republicans_568fba2be4b0c8beacf694f4 …,1427,3670,,
685571686423461888,2016-01-08 15:20:02,On my way to South Carolina. Big Crowd--- look forward to it!,1079,4184,,
685582649679867904,2016-01-08 16:03:35,I hope all workers demand that their @ Teamsters reps endorse Donald J. Trump. Nobody knows jobs like I do! Don’t let them sell you out!,1791,4957,,@Teamsters
685584095120887809,2016-01-08 16:09:20,Love seeing union & non-union members alike are defecting to Trump. I will create jobs like no one else. Their # Dem leaders can’t compete!,2163,5940,#Dem,
685590843181416448,2016-01-08 16:36:09,# MakeAmericaGreatAgain # Trump2016pic.twitter.com/3HmclWL9GT,2110,5175,#Trump2016pic,
685600012043202560,2016-01-08 17:12:35,# FoxNews Poll - THANK YOU! # MakeAmericaGreatAgain # Trump2016pic.twitter.com/dKuyzLRTZ3,2003,4725,"#MakeAmericaGreatAgain,#Trump2016pic",
685606815267221504,2016-01-08 17:39:37,"Will be at venue, in wonderful South Carolina, very soon. Big traffic back-up, tremendous crowd! Will be wild.",1031,3923,,
685644333022851072,2016-01-08 20:08:42,"Great even in SC tonight! Fire Marshall would not let everyone in-- 5,000 turned away. Thank you for coming!",1615,5321,,
685829026175401984,2016-01-09 08:22:36,"Pat Buchanan gave a fantastic interview this morning on @ CNN - way to go Pat, way ahead of your time!",1110,3298,,@CNN
685829999467872256,2016-01-09 08:26:28,South Carolina rally last night was so unbelievably exciting (and fun). I am now off to Iowa for two big rallies - packed houses. Love it!,1589,5685,,
685848940298776577,2016-01-09 09:41:44,"Constitutional law expert # Laurence Tribe of Harvard says ""wrong to say it (natural born citizen) is a settled matter-it isn't settled).",984,2669,#Laurence,
685854865998884864,2016-01-09 10:05:17,"Thank you, @ TheFix- Chris Cillizza. It is a true person of character that can change his opinion & do what is right.https://www.washingtonpost.com/news/the-fix/wp/2016/01/09/still-dont-think-donald-trump-can-win-this-chart-should-convince-you/ …",871,2279,,@TheFix
685855280798674944,2016-01-09 10:06:56,". @ JonahNRO, watched on @ seanhannity and appreciate your statements --- I have been waiting for them for a long time. Thank you.",663,2340,,"@JonahNRO,@seanhannity"
685873644308926464,2016-01-09 11:19:54,Thank you so much. Earnest must have been a great person. http://m.richmond.com/obituaries/article_80ca0100-a435-5a87-814b-03d039e997c2.html?mode=jqm …pic.twitter.com/2YtLlEwceB,898,3155,,
685882755020898304,2016-01-09 11:56:06,(1/2) Time Magazine has me on the cover this week. David Von Drehle has written one of the best stories I have ever had.,1246,3658,,
685882772540534785,2016-01-09 11:56:10,(2/2) David brilliantly tells it like it is -- the real deal! Read it! http://time.com/4170772/the-art-of-the-steal/ …,834,2344,,
685883989039656961,2016-01-09 12:01:00,I'm protesting the @ UnionLeader from having anything to do w/ ABC debate. Their unethical record doesn't give them the right to be involved!,1546,4400,,@UnionLeader
685977438527078400,2016-01-09 18:12:20,I will be interviewed by Chris Wallace on Fox tomorrow morning. Tune in!,1034,3744,,
685977534983462912,2016-01-09 18:12:43,Will be on Meet the Press with @ ChuckTodd tomorrow morning. Enjoy!,920,3267,,@ChuckTodd
685977617145663492,2016-01-09 18:13:03,I want to thank the people of Iowa for an unbelievable day. The crowds were amazing. Will be back Tuesday!,1564,5543,,
686182981891801088,2016-01-10 07:49:06,""" @ redletter99: Trump pummels his opponents - and the press | SunHerald @ realDonaldTrump http://www.sunherald.com/news/politics-government/article52798030.html …"" Thank you!",1032,2817,,"@redletter99,@realDonaldTrump"
686252152042336256,2016-01-10 12:23:57,Yesterday in Iowa was amazing - two speeches in front of two great sold out crowds. They love that I am the only candidate self-funding!,1443,5312,,
686253395024297984,2016-01-10 12:28:54,"In the just out @ FoxNews Poll, I easily beat Hillary Clinton - and I havn't even focused on her yet. On our way: MAKE AMERICA GREAT AGAIN!",2565,7028,,@FoxNews
686254121435807744,2016-01-10 12:31:47,"Heading now for Reno, Nevada, for a big rally. Good poll numberd all over!",1010,4029,,
686280225731293184,2016-01-10 14:15:30,"Remember, get TIME magazine! I am on the cover. Take it out in 4 years and read it again! Just watch...",2279,6232,,
686292802708320258,2016-01-10 15:05:29,I am pleased to announce that I had the Union Leader removed from the upcoming debate.http://www.politico.com/blogs/on-media/2016/01/abc-severs-debate-partnership-with-union-leader-217560 …,1688,4241,,
686292962846871552,2016-01-10 15:06:07,"If their highly unethical behavior, including begging me for ads, isn’t questionable enough, they have endorsed a candidate who can’t win.",858,2992,,
686293040496009216,2016-01-10 15:06:26,This is really unfair and a conflict for all the other candidates. I said it should not be allowed and ABC agreed.,831,3066,,
686293133961871360,2016-01-10 15:06:48,UL has lost all credibility under Joe McQuaid w circulation dropping to record lows. They aren't worthy of representing the great people NH.,827,2876,,
686327439870574592,2016-01-10 17:23:07,"Union Leader refuses to comment as to why they were kicked out of the ABC News debate like a dog. For starters, try getting a new publisher!",1209,3963,,
686337471123197952,2016-01-10 18:02:59,Thank you to our law enforcement officers! # LESM # Trump2016pic.twitter.com/sfuuVrx33E,3065,8179,"#LESM,#Trump2016pic",
686552289516105728,2016-01-11 08:16:36,Why does @ ThisWeekABC w/ @ GStephanopoulos allow a hater & racist like @ tavissmiley to waste good airtime? @ ABC can do much better than him!,889,2714,,"@ThisWeekABC,@GStephanopoulos,@tavissmiley,@ABC"
686552786952130560,2016-01-11 08:18:34,Congratulations to my friend @ TheSlyStallone on winning a # GoldenGlobe. A wonderful guy- who has created something special- well deserved!,1433,5168,#GoldenGlobe,@TheSlyStallone
686558650576539648,2016-01-11 08:41:52,Great job on Fox this morning @ KatiePavlich. I am sending out for your book immediately. Thank you very much!,804,2806,,@KatiePavlich
686565549028044800,2016-01-11 09:09:17,"So professional of @ ABC news to throw out the failing @ UnionLeader newspaper from their debate. Paper won't survive, highly unethical!",862,3011,,"@ABC,@UnionLeader"
686573482461794304,2016-01-11 09:40:48,Just arrived in New Hampshire. Thank you to all of my supporters! # MakeAmericaGreatAgain # Trump2016pic.twitter.com/KSguIhkIwa,1960,5745,"#MakeAmericaGreatAgain,#Trump2016pic",
686626127213924356,2016-01-11 13:10:00,Congratulations to @ jdickerson of Face the Nation on his highest ratings in 15 years. 4.6 million people watched my interview! Thank you!,1071,3733,,@jdickerson
686626351449804803,2016-01-11 13:10:53,. @ RinglingBros is retiring their elephants-- the circus will never be the same.,1177,3227,,@RinglingBros
686634552748584960,2016-01-11 13:43:29,New Iowa poll. Thank you! # MakeAmericaGreatAgain # Trump2016pic.twitter.com/19sshZ8dSu,1816,4354,"#MakeAmericaGreatAgain,#Trump2016pic",
686643969657319426,2016-01-11 14:20:54,". @ megynkelly recently said that she can’t be wooed by Trump. She is so average in every way, who the hell wants to woo her!",3460,8588,,@megynkelly
686682823932153856,2016-01-11 16:55:17,Will be on @ FallonTonight with @ JimmyFallon on @ NBC at 11:35pmE. Enjoy! # Trump2016pic.twitter.com/Z9zbKfXJqb,1772,5327,#Trump2016pic,"@FallonTonight,@JimmyFallon,@NBC"
686725838746836992,2016-01-11 19:46:13,Thank you Michael Harrison @ Talkersmagazine for your kind words - greatly appreciated!,584,2187,,@Talkersmagazine
686726788144300032,2016-01-11 19:49:59,". @ MajorCBS Major Garrett of @ CBSNews covers me very inaccurately. Total agenda, bad reporter!",869,2811,,"@MajorCBS,@CBSNews"
686740083265957889,2016-01-11 20:42:49,Face The Nation's interview of me was the highest rated show that they have had in 15 years. Congratulations and WOW! @ CBSNews @ jdickerson,1245,4379,,"@CBSNews,@jdickerson"
686741878579064832,2016-01-11 20:49:57,Don't forget to watch The Tonight Show with the wonderful @ jimmyfallon at 11:30 P.M. You will not be disappointed! @ NBC,918,3381,,"@jimmyfallon,@NBC"
686753035637370881,2016-01-11 21:34:17,Fantastic job on @ CNN tonight. @ kayleighmcenany is a winner! @ donlemon,575,2204,,"@CNN,@kayleighmcenany,@donlemon"
686754981161078785,2016-01-11 21:42:01,""" @ CLewandowski_: . @ stuartpstevens --failed ""strategist"" who can't find clients criticizes winning # TeamTrump. Stop complaining & try winning",734,2505,#TeamTrump,"@CLewandowski,@stuartpstevens"
686764361600364545,2016-01-11 22:19:17,. @ stuartpstevens horrible advise to Mitt Romney made victory an impossibility. Don't blame Mitt! Now Stevens can't get a job!,675,2432,,@stuartpstevens
686765292412878849,2016-01-11 22:22:59,The Tonight Show begins in 5 minutes. Enjoy!,641,3236,,
686927355844116480,2016-01-12 09:06:58,THANK YOU! # Trump2016pic.twitter.com/QmDcCKppEu,2534,6360,#Trump2016pic,
686996181268983810,2016-01-12 13:40:28,"On my way to Cedar Falls, Iowa, now. Will be great--I love the people of Iowa!",1312,4794,,
687008301356322817,2016-01-12 14:28:37,"Such a serious problem for Ted & the GOP. Great doubt, Dems will sue! Let's all work together to solve this problem.https://www.bostonglobe.com/opinion/2016/01/11/through-ted-cruz-constitutional-looking-glass/zvKE6qpF31q2RsvPO9nGoK/story.html …",1121,2846,,
687027364933550080,2016-01-12 15:44:22,Another new Iowa poll just released. Thank you! # IACaucus # FITNpic.twitter.com/RGkrruqpM7,2116,5920,"#IACaucus,#FITNpic",
687105848699662336,2016-01-12 20:56:14,New CBS poll. # Trump2016http://www.cbsnews.com/news/cbsnyt-poll-donald-trump-holds-on-to-top-spot-nationally/ …,1058,3354,#Trump2016http,
687106714521464833,2016-01-12 20:59:41,The Iran deal is terrible. Why didn't we get the uranium stockpile - it was sent to Russia. # SOTU,2342,6228,#SOTU,
687108096926330880,2016-01-12 21:05:10,"The # SOTU speech is really boring, slow, lethargic - very hard to watch!",6734,15362,#SOTU,
687128203031375873,2016-01-12 22:25:04,"Just found out that @ tedcruz is spending a fortune on Iowa push polls negative to me. Not nice, but OK! New polls are great.",1607,4964,,@tedcruz
687130047422042112,2016-01-12 22:32:24,"The State Of The Union speech was one of the most boring, rambling and non-substantive I have heard in a long time. New leadership fast!",9961,19293,,
687148683712958464,2016-01-12 23:46:27,"Numerous polls have me beating Hillary Clinton. In a race with her, voter turnout will be the highest in U.S. history-I get most new voters!",2300,7286,,
687245182127964160,2016-01-13 06:09:54,"Iran toys with U.S. days before we pay them, ridiculously, billions of dollars. Don't release money. We want our hostages back NOW!",3351,8330,,
687271496012664833,2016-01-13 07:54:28,"Thank you for your support last night, Iowa! # VoteTrump # Trump2016 # IACaucus # FITN # IAPoliticspic.twitter.com/xRvznATrU7",1544,4792,"#VoteTrump,#Trump2016,#IACaucus,#FITN,#IAPoliticspic",
687275646561693698,2016-01-13 08:10:57,""" @ johnkurkosky: @ Carolde @ The_Lady_Colors @DRJAMESCABOT @TamiDurling @ AceofSpadesHQ THIS ELECTION IS ABOUT AMERICAS FUTURE, VOTE TRUMP""",1496,3369,,"@johnkurkosky,@Carolde,@The,@DRJAMESCABOT,@TamiDurling,@AceofSpadesHQ"
687279537323782144,2016-01-13 08:26:25,"Sadly, there is no way that Ted Cruz can continue running in the Republican Primary unless he can erase doubt on eligibility. Dems will sue!",1776,4696,,
687338519732293633,2016-01-13 12:20:47,My nomination would increase voter turnout. # VoteTrump # MakeAmericaGreatAgain # Trump2016http://www.usatoday.com/story/opinion/2016/01/12/donald-trump-expanding-voter-participation-reagan-democrats-column/78689906/ …,1517,4113,"#VoteTrump,#MakeAmericaGreatAgain,#Trump2016http",
687338908837908480,2016-01-13 12:22:20,Thank you! # VoteTrumphttp://www.bloomberg.com/news/articles/2016-01-13/trump-new-favorite-to-take-republican-nomination-betfair-says …,1192,3271,#VoteTrumphttp,
687353545063030784,2016-01-13 13:20:30,"THANK YOU, IOWA! Highly respected @ OANN @ GravisMarketing poll just released. # VoteTrump # IowaCaucuspic.twitter.com/Ecs9XYXaXL",2727,6607,"#VoteTrump,#IowaCaucuspic","@OANN,@GravisMarketing"
687360898491625472,2016-01-13 13:49:43,THANK YOU! # VoteTrumphttp://www.washingtonexaminer.com/poll-trump-nears-50-in-3-way-race-gop-likes-strong-bold-over-conservative/article/2580352 …,1525,3749,#VoteTrumphttp,
687436400958947328,2016-01-13 18:49:44,. @ EricTrump- unbelievable job on # FoxNews with @ greta. That was better than I could do! # Trump2016,1224,4797,"#FoxNews,#Trump2016","@EricTrump,@greta"
687490653153050625,2016-01-13 22:25:19,"Why does @ CNN & @ andersoncooper waste airtime by putting failed campaign strategist, Stuart Stevens - who lost BIG for Romney - on the show?",1027,3854,,"@CNN,@andersoncooper"
687510877847851008,2016-01-13 23:45:41,Iran humiliated the United States with the capture of our 10 sailors. Horrible pictures & images. We are weak. I will NOT forget!,4336,9775,,
687510877835280384,2016-01-13 23:45:41,"Stuart Stevens is a dumb guy who fails @virtually everything he touches. Romney campaign,his book,etc. Why does @ andersoncooper put him on?",902,3282,,"@virtually,@andersoncooper"
687511035385909248,2016-01-13 23:46:18,United States looks more and more like a paper tiger. Won't be that way if I win!,2621,7113,,
687706466124492800,2016-01-14 12:42:53,". @ TheBrodyFile: ""Trump's appeal to evangelicals is real"" # Trump2016 https://www.facebook.com/DonaldTrump/posts/10156529697320725 …pic.twitter.com/3xdEXZV5Ge",1117,3078,#Trump2016,@TheBrodyFile
687716042555191296,2016-01-14 13:20:56,""" @ melindaross123: @ FoxNews @ realDonaldTrump There isn't anything Donald Trump says that I don't agree with. Go Trump!""",733,2693,,"@melindaross123,@FoxNews,@realDonaldTrump"
687716107633950720,2016-01-14 13:21:11,""" @ Bonfiredesigns: Standing with @ realDonaldTrump as he defends our sailors and military and Americans in the USA https://twitter.com/melindaross123/status/687706108807397376 …""",890,2711,,"@Bonfiredesigns,@realDonaldTrump"
687717134890307588,2016-01-14 13:25:16,Do you think Iran would have acted so tough if they were Russian sailors? Our country was humiliated.,3409,7401,,
687726670862794752,2016-01-14 14:03:10,""" @ wpjenna: Thousands packed into the Pensacola Bay Center to see Donald Trump tonight... pic.twitter.com/K5lIT2p7fL"" A fantastic evening!",1575,5855,,@wpjenna
687726829474562049,2016-01-14 14:03:48,""" @ CLewandowski_: Massive crowd in Pensacola, Florida! Unbelievable! THANK YOU! # VoteTrump pic.twitter.com/9D2tsQaysd""",1617,4629,#VoteTrump,@CLewandowski
687727739516891136,2016-01-14 14:07:25,""" @ ameriflames: @ realDonaldTrump @ CLewandowski_ no one wants a Bush or a Clinton, they want a straight shooter like TRUMP!""",1374,4251,,"@ameriflames,@realDonaldTrump,@CLewandowski"
687728866698342400,2016-01-14 14:11:53,"""@_BScarb: Enjoyed watching @ realDonaldTrump at his rally yesterday! I've never seen the Bay Center that packed! pic.twitter.com/ZXDKA5TYBo""",1911,5120,,@realDonaldTrump
687779981800390656,2016-01-14 17:35:00,WSJ/NBC Poll: Donald Trump Widens His Lead in Republican Presidential Race. # Trump2016http://www.wsj.com/articles/poll-donald-trump-widens-his-lead-in-republican-presidential-race-1452808842?mod=djemalertPolitics …,2395,5674,#Trump2016http,
688017079996407808,2016-01-15 09:17:09,"Jeb Bush, who did poorly last night in the debate and whose chances of winning are zero, just got Graham endorsement. Graham quit at O.",2307,7359,,
688020474744467460,2016-01-15 09:30:38,Sen. Lindsey Graham embarrassed himself with his failed run for President and now further embarrasses himself with endorsement of Bush.,2773,7798,,
688084656072298496,2016-01-15 13:45:40,"Top searched candidate by state, as seen in the # GOPDebate media filing center. WE WILL MAKE AMERICA GREAT AGAIN!pic.twitter.com/nwKPRmWFNr",2773,7021,#GOPDebate,
688105040104435712,2016-01-15 15:06:40,Jusr watched # HarveyPitt on @ TeamCavuto - he was great!,573,2310,#HarveyPitt,@TeamCavuto
688169779308310529,2016-01-15 19:23:55,""" @ GeraldoRivera @ SenTedCruz got ass kicked by @ realDonaldTrump last night-He offended every New Yorker & has no answer to Natural Born issue",1296,3748,,"@GeraldoRivera,@SenTedCruz,@realDonaldTrump"
688174117929881601,2016-01-15 19:41:10,. @ GeraldoRivera Thank you Geraldo for your nice words on @ oreillyfactor tonight. You are a true champion! Thank @ ericbolling - great guy!,1027,3791,,"@GeraldoRivera,@oreillyfactor,@ericbolling"
688175313348505600,2016-01-15 19:45:55,Just got back from Iowa - had a great time with amazing people. Will be back soon!,1063,4519,,
688179414585053184,2016-01-15 20:02:12,". @ oreillyfactor please explain to the very dumb and failing @ glennbeck that I supported John McCain big league in 2008, not Obama!",2022,5267,,"@oreillyfactor,@glennbeck"
688183605491703812,2016-01-15 20:18:52,. @ FrankLuntz is a total clown. Has zero credibility! @ FoxNews @ megynkelly,1325,3967,,"@FrankLuntz,@FoxNews,@megynkelly"
688190779773210626,2016-01-15 20:47:22,"More radical Islam attacks today - it never ends! Strengthen the borders, we must be vigilant and smart. No more being politically correct.",6028,13136,,
688324874604023808,2016-01-16 05:40:13,Ted Cruz was born in Canada and was a Canadian citizen until 15 months ago. Lawsuits have just been filed with more to follow. I told you so,3275,6955,,
688327093214662657,2016-01-16 05:49:02,"Ted Cruz said he ""didn't know"" that he was a Canadian Citizen. He also FORGOT to file his Goldman Sachs Million $ loan papers.Not believable",2290,5346,,
688328034651361280,2016-01-16 05:52:46,"Was there another loan that Ted Cruz FORGOT to file. Goldman Sachs owns him, he will do anything they demand. Not much of a reformer!",2727,5052,,
688333063093374976,2016-01-16 06:12:45,"The Ted Cruz wiseguy apology to the people of New York is a disgrace. Remember, his wife's employer, and his lender, is located there!",1905,4822,,
688334268804804608,2016-01-16 06:17:32,"Oh no, just reported that Ted Cruz didn't report another loan, this one from Citi. Wow, no wonder banks do so well in the U.S. Senate.",2329,5612,,
688335640925061124,2016-01-16 06:23:00,"Based on the fact that Ted Cruz was born in Canada and is therefore a ""natural born Canadian,"" did he borrow unreported loans from C banks?",1845,4655,,
688352797251792896,2016-01-16 07:31:10,"Ted Cruz purposely, and illegally, did not list on his personal disclosure form personally guaranteed loans from banks. They own him!",1993,4779,,
688355751463636992,2016-01-16 07:42:54,Great new numbers. Thank you! # MakeAmericaGreatAgain # Trump2016 https://www.facebook.com/DonaldTrump/posts/10156536301815725:0 …pic.twitter.com/GFYNUWWCYn,2914,7236,"#MakeAmericaGreatAgain,#Trump2016",
688393139435008000,2016-01-16 10:11:28,"Ted is the ultimate hypocrite. Says one thing for money, does another for votes.http://mobile.nytimes.com/2015/04/24/us/politics/at-new-york-reception-ted-cruz-is-said-to-strike-different-tone-toward-gays.html?referer= …",2269,4437,,
688425749129211905,2016-01-16 12:21:03,"If Ted Cruz is so opposed to gay marriage, why did he accept money from people who espouse gay marriage?",1974,4774,,
688426156920459264,2016-01-16 12:22:40,"Everybody that loves the people of New York, and all they have been thru, should get hypocrites like Ted Cruz out of politics!",1768,4709,,
688426349652910080,2016-01-16 12:23:26,When will @ TedCruz give all the New York based campaign contributions back to the special interests that control him.,1699,4333,,@TedCruz
688427218901532672,2016-01-16 12:26:54,Greatly dishonest of @ TedCruz to file a financial disclosure form & not list his lending banks- then pretend he is going to clean up Wall St,2083,4985,,@TedCruz
688428417235218433,2016-01-16 12:31:39,Departing NH now- great morning with record crowd in Portsmouth- in a snow storm! Thank you! https://www.facebook.com/DonaldTrump/posts/10156537190420725:0 …pic.twitter.com/izBMhEZolh,1562,5116,,
688443772565348352,2016-01-16 13:32:40,"Wow! Ted Cruz received $487K in campaign contributions, $11M from a NY hedge fund mogul, & $1M low int. loan from Goldman Sachs. Hypocrite",3234,6504,,
688445495174393856,2016-01-16 13:39:31,Is this the New York that Ted Cruz is talking about & demeaning?pic.twitter.com/rYGX9vazku,3238,8046,,
688517545293406208,2016-01-16 18:25:49,Interesting read from Peggy Noonan.pic.twitter.com/jAxIy8xseM,2383,5325,,
688720409865383936,2016-01-17 07:51:56,"In Iran deal we get 4 prisoners. They get $150 billion, 7 most wanted and many off watch list. This will create great incentive for others!",3844,7813,,
688743019479171072,2016-01-17 09:21:46,"Iran is going to buy 114 jetliners with a small part of the $150 billion we are giving them...but they won't buy from U.S., rather Airbus!",2781,5482,,
688779451019210753,2016-01-17 11:46:32,"Big announcement in Ames, Iowa on Tuesday! You will not want to miss this rally! # Trump2016 https://www.facebook.com/DonaldTrump/posts/10156540847600725 …pic.twitter.com/lErVfowpMX",2208,5364,#Trump2016,
688827531143806979,2016-01-17 14:57:35,"Far more killed than anticipated in radical Islamic terror attack yesterday. Get tough and smart U.S., or we won't have a country anymore!",3349,8449,,
688829594472939520,2016-01-17 15:05:47,"I am self-funding my campaign - putting up my own money, not controlled. Cruz is spending $millions on ads paid for by his N.Y. bosses.",3710,9565,,
688927113903247360,2016-01-17 21:33:18,""" @ pbralick: @ BenKissel great on @ greggutfeld @ GregGutfeldShow @ JoNosuchinsky too"" Thank you Ben for your nice comments on debate!",776,3103,,"@pbralick,@BenKissel,@greggutfeld,@GregGutfeldShow,@JoNosuchinsky"
689096917817671682,2016-01-18 08:48:02,Thank you @ IvankaTrump for the kind words. I am very proud of the role model you are for so many. NH & IA radio ad:https://youtu.be/bOGD9mvzIi4,1402,4210,,@IvankaTrump
689097594182725632,2016-01-18 08:50:43,Just a reminder that Ted Cruz supported liberal Justice John Roberts who gave us # Obamacare.http://www.nationalreview.com/article/214989/right-stuff-ted-cruz …,1871,3773,#Obamacare,
689097658976317444,2016-01-18 08:50:59,Leaving for Liberty University. I'll be speaking today in front of a record crowd. # Trump2016,1472,5462,#Trump2016,
689142431477010432,2016-01-18 11:48:53,A great morning with everyone @ LibertyU! Thank you! Off to New Hampshire now. # Trump2016 https://www.facebook.com/DonaldTrump/posts/10156544702880725:0 …pic.twitter.com/aEMUMqSoWm – bei Lynchburg Regional Airport (LYH),1739,4877,#Trump2016,@LibertyU
689173145513791488,2016-01-18 13:50:56,We launched a new series of # Trump2016 videos via Facebook. A new topic everyday! Watch: https://www.facebook.com/DonaldTrump/videos/10156544215695725/ …pic.twitter.com/52E3LU3W77,2047,4785,#Trump2016,
689232143818579968,2016-01-18 17:45:23,"I loved being at Liberty University today! Record setting crowd, unbelievable people! Thank you Jerry and Becki!pic.twitter.com/YrLGb7wXyh",2989,9519,,
689263744443138049,2016-01-18 19:50:57,Ted Cruz is falling in the polls. He is nervous. People are worried about his place of birth and his failure to report his loans from banks!,2138,5457,,
689265377872867329,2016-01-18 19:57:26,I don't think Ted Cruz can even run for President until he can assure Republican voters that being born in Canada is not a problem. Doubt!,1694,4994,,
689275203151654912,2016-01-18 20:36:29,""". @ TheBrodyFile Exclusive: @ realDonaldTrump Says He Will Protect Evangelicals Better Than @ tedcruz http://www1.cbn.com/thebrodyfile/a … # CBNNews #2016""",825,2397,"#CBNNews,#2016","@TheBrodyFile,@realDonaldTrump,@tedcruz"
689292259276226561,2016-01-18 21:44:15,. @ TheBrodyFile great job on @ AC360. Thank you for the very smart and kind words!,631,2343,,"@TheBrodyFile,@AC360"
689429603614502913,2016-01-19 06:50:01,"Wow, new polls just out have Trump up and Cruz down - he is a nervous wreck!",1295,3933,,
689451985557331969,2016-01-19 08:18:57,. @ tedcruz Conflicting Stances on Birthright Citizenship [14th Amendment] Gives # TeamTrump credit.https://m.youtube.com/watch?feature=youtu.be&v=4zBW8vLnRDY …,889,2113,#TeamTrump,@tedcruz
689458393283563524,2016-01-19 08:44:25,"Dope Frank Bruni said I called many people, including Karl Rove, losers-true! I never called my friend @ HowardStern a loser- he’s a winner!",1199,3542,,@HowardStern
689458468835569664,2016-01-19 08:44:43,Really disgusting that the failing New York Times allows dishonest writers to totally fabricate stories.,1347,3995,,
689463443791880192,2016-01-19 09:04:29,On my way to Iowa- just received new national poll numbers. Thank you! # MakeAmericaGreatAgain # Trump2016pic.twitter.com/sQ9UEVW4Vp,1737,4878,"#MakeAmericaGreatAgain,#Trump2016pic",
689466630741463040,2016-01-19 09:17:09,. @ FreeJesseJames- Just read your complete statement. You are an amazing guy & I really appreciate your words & support. I will see you soon!,835,2887,,@FreeJesseJames
689467901582020609,2016-01-19 09:22:12,Thank you Georgia! I appreciate all of your support. # Trump2016pic.twitter.com/oNbgRpjKDl,1547,4298,#Trump2016pic,
689474228907716609,2016-01-19 09:47:20,"Thank you for your strong testimony when welcoming me to Liberty University, yesterday- @ JerryJrFalwell. https://www.youtube.com/watch?v=FVMVkKAHXU4 …",1204,3387,,@JerryJrFalwell
689482404990361601,2016-01-19 10:19:49,In the just released SC poll I increased my lead by 4 points since last poll by same firm. Up by 14! Cruz dropped 3.http://www.thestate.com/news/politics-government/politics-columns-blogs/the-buzz/article55176940.html …,1555,4458,,
689510460819828736,2016-01-19 12:11:19,A true honor to receive the endorsement of John Wayne's daughter....read: https://www.facebook.com/DonaldTrump/posts/10156548303850725:0 …pic.twitter.com/1e6gk0PsQH,2810,7862,,
689519657414320128,2016-01-19 12:47:51,"Wow, the highly respected Governor of Iowa just stated that ""Ted Cruz must be defeated."" Big shoker! People do not like Ted.",2473,6231,,
689576854089404416,2016-01-19 16:35:08,"“Palin’s brand among evangelicals is as gold as the faucets in Trump tower,” said Ralph Reed, the chairman of the Faith & Freedom Coalition.",2011,5224,,
689625540722950144,2016-01-19 19:48:36,# Trump2016 # MakeAmericaGreatAgain # ECONOMY - VIDEO: https://www.facebook.com/DonaldTrump/videos/10156546300015725/ …pic.twitter.com/KsVYviVdc2,1335,3493,"#MakeAmericaGreatAgain,#ECONOMY",
689625883913560064,2016-01-19 19:49:58,Judge Jeanine Slams GOP Establishment: http://insider.foxnews.com/2016/01/18/judge-jeanine-slams-haley-gop-establishment-start-supporting-your-partys-frontrunner …,1539,3428,,
689660056489431044,2016-01-19 22:05:45,I am greatly honored to receive Sarah Palin's endorsement tonight. Video: https://www.facebook.com/DonaldTrump/videos/10156549868870725/ …pic.twitter.com/bjTPvwM4nW,2235,7487,,
689768040892792832,2016-01-20 05:14:50,""" @ ron_fournier: President Donald Trump (just getting used to it)"" Wow, very nice!",801,2921,,@ron
689768331776098304,2016-01-20 05:16:00,""" @ nytimes: Breaking News: Sarah Palin has endorsed Donald Trump in the GOP primary - appeal to Tea Party loyalists http://nyti.ms/1T2ddnW """,912,2976,,@nytimes
689804695221600256,2016-01-20 07:40:29,# MakeAmericaGreatAgain # Trump2016 LIFE CHANGING EXPERIENCE Video: https://www.facebook.com/DonaldTrump/videos/10156549336385725/ …pic.twitter.com/0bSTLvq7V9,1391,3448,#Trump2016,
689838094158168064,2016-01-20 09:53:12,Great rally in Iowa! Such wonderful people. Traveling now with @ SarahPalinUSA to Tulsa- massive crowd expected!pic.twitter.com/gaK4KEbHOh,1527,5076,,@SarahPalinUSA
689913293759115264,2016-01-20 14:52:01,"15K in OK! Had to turn away 5k, but we are coming back soon to take care of them! So much love in the crowd! Thanks!pic.twitter.com/XsOeREiYuA",3436,9854,,
689941247549640705,2016-01-20 16:43:06,"Thank you, Florida! # Trump2016pic.twitter.com/npcw1AN2ht",2309,5565,#Trump2016pic,
689941704342921217,2016-01-20 16:44:55,"Thank you, New Hampshire! # FITN # Trump2016 # NHPoliticspic.twitter.com/3FkMZpaEdR",1798,4446,"#FITN,#Trump2016,#NHPoliticspic",
689955649137016832,2016-01-20 17:40:20,"Bob Dole Warns of ‘Cataclysmic’ Losses With Ted Cruz, and Says Donald Trump Would Do Better via New York Times: https://www.facebook.com/DonaldTrump/posts/10156552826965725 …",1313,3616,,
689956187434020865,2016-01-20 17:42:28,New CNN/WMUR New Hampshire poll just released. Thank you! # FITN # Trump2016pic.twitter.com/sZr9taU20G,1854,4710,"#FITN,#Trump2016pic",
690163844618956800,2016-01-21 07:27:37,""" @ AnnCoulter: Trump destroyed Hillary & Sanders moved in. But he didn't destroy her, Trump did. http://nyti.ms/1WtXJcs "" So true!",874,2296,,@AnnCoulter
690167662698110976,2016-01-21 07:42:48,"Wacko @ glennbeck is a sad answer to the @ SarahPalinUSA endorsement that Cruz so desperately wanted. Glenn is a failing, crying, lost soul!",1474,3737,,"@glennbeck,@SarahPalinUSA"
690169884597092352,2016-01-21 07:51:37,""" @ NeilTurner_: https://www.youtube.com/watch?v=1FJ6WYtLgbo … You're the only candidate we can trust, other candidates are controlled by their donors! # VoteTrump""",861,2514,#VoteTrump,@NeilTurner
690170154672529408,2016-01-21 07:52:42,# MakeAmericaGreatAgain # Trump2016 UNIFYING THE NATION Video: https://www.facebook.com/DonaldTrump/videos/10156553066190725/ …pic.twitter.com/Md10pL1wn8,1289,3026,#Trump2016,
690171032150237184,2016-01-21 07:56:11,""" @ bigop1: @ realDonaldTrump @ SarahPalinUSA https://twitter.com/bigop1/status/690167727059816448/photo/1pic.twitter.com/3kYQGqeVyD """,826,1967,,"@bigop1,@realDonaldTrump,@SarahPalinUSA"
690171403388104704,2016-01-21 07:57:39,""" @ AmericanAsPie: @ glennbeck @ SarahPalinUSA Remember when Glenn gave out gifts to ILLEGAL ALIENS at crossing the border? Me too!""",1092,2681,,"@AmericanAsPie,@glennbeck,@SarahPalinUSA"
690173226341691392,2016-01-21 08:04:54,So sad that @ CNN and many others refused to show the massive crowd at the arena yesterday in Oklahoma. Dishonest reporting!,1649,4900,,@CNN
690176882055114758,2016-01-21 08:19:26,"Sad sack @ JebBush has just done another ad on me, with special interest money, saying I won't beat Hillary - I WILL. But he can't beat me.",1841,5391,,@JebBush
690180284189310976,2016-01-21 08:32:57,Low energy candidate @ JebBush has wasted $80 million on his failed presidential campaign. Millions spent on me. He should go home and relax!,2350,7037,,@JebBush
690271688127213568,2016-01-21 14:36:09,New Day on CNN treats me very badly. @ AlisynCamerota is a disaster. Not going to watch anymore.,1147,3712,,@AlisynCamerota
690272687168458754,2016-01-21 14:40:07,"Happy birthday to my friend, the great @ jacknicklaus - a totally special guy!",845,3624,,@jacknicklaus
690313350278819840,2016-01-21 17:21:42,"Thank you, Iowa! # Trump2016pic.twitter.com/ryhEheTLqN",1908,4906,#Trump2016pic,
690315202261155840,2016-01-21 17:29:04,Thank you! # Trump2016pic.twitter.com/pcdmyIO1Zt,1172,3533,#Trump2016pic,
690315366564626433,2016-01-21 17:29:43,"Thank you, New Hampshire! # Trump2016pic.twitter.com/TG9oZKly4l",1406,4029,#Trump2016pic,
690315667636023296,2016-01-21 17:30:55,# Trump2016 # MakeAmericaGreatAgainpic.twitter.com/vfUwGIGjN4,1781,4720,#MakeAmericaGreatAgainpic,
690336644281581568,2016-01-21 18:54:16,"Why does @ Greta have a fired Bushy like dummy, John Sununu on- spewing false info? I will beat Hillary by a lot, she wants no part of Trump.",1297,4242,,@Greta
690337376061788161,2016-01-21 18:57:10,"Thank you, Iowa! # FITN # IACaucus # MakeAmericaGreatAgain # Trump2016pic.twitter.com/wVJldvTSag",1963,4624,"#FITN,#IACaucus,#MakeAmericaGreatAgain,#Trump2016pic",
690382564494839809,2016-01-21 21:56:44,National Review is a failing publication that has lost it's way. It's circulation is way down w its influence being at an all time low. Sad!,1802,4967,,
690382619213742082,2016-01-21 21:56:57,"Very few people read the National Review because it only knows how to criticize, but not how to lead.",1496,4172,,
690382722162913280,2016-01-21 21:57:22,"The late, great, William F. Buckley would be ashamed of what had happened to his prize, the dying National Review!",1791,4425,,
690528062190944256,2016-01-22 07:34:54,"Ted Cruz complains about my views on eminent domain, but without it we wouldn't have roads, highways, airports, schools or even pipelines.",1271,3447,,
690528407117889538,2016-01-22 07:36:16,""" @ realOllieTaylor: Isn't it time we had a president? Let goofy Glen keep Canada Cruz who can't win. The American people have Trump!""",726,2443,,@realOllieTaylor
690528526181601281,2016-01-22 07:36:44,""" @ BornToBeGOP: @ realDonaldTrump No sleep for the # TrumpTrain!""",543,2006,#TrumpTrain,"@BornToBeGOP,@realDonaldTrump"
690529122326413314,2016-01-22 07:39:06,""" @ NeilTurner_: @ realDonaldTrump https://www.youtube.com/watch?v=1FJ6WYtLgbo … With your help we can # MakeAmericaGreatAgain! # VoteTrump""",611,1785,"#MakeAmericaGreatAgain,#VoteTrump","@NeilTurner,@realDonaldTrump"
690529690205818880,2016-01-22 07:41:22,"# TedCruz eligibility to be President not settled law, says Cruz' Constitutional Law Professor, # LaurenceTribe https://twitter.com/eastvillagetwt/status/687843283595309057 …""",616,1732,#LaurenceTribe,
690530164711624705,2016-01-22 07:43:15,""" @ TruBluMajority: # laurencetribe calls Cruz ""constitutional hypocrite"" on @ WBUR http://wbur.fm/1OSNkVV @ pbsgwen @ charlierose @ jaketapper",516,1577,#laurencetribe,"@TruBluMajority,@WBUR,@pbsgwen,@charlierose,@jaketapper"
690532959363866625,2016-01-22 07:54:21,"Highly respected Constitutional law professor Mary Brigid McManamon has just stated, ""Ted Cruz is not eligible to be President."" Big problem",1576,3818,,
690534215478173697,2016-01-22 07:59:21,""" @ D: # MaryBrigidMcManamon, Washington Post: Constitutionally speaking, # Cruz simply isn’t eligible to be president https://twitter.com/realDonaldTrump/status/688393139435008000 …""",712,1905,"#MaryBrigidMcManamon,#Cruz",@D
690534576066719744,2016-01-22 08:00:47,""" @ CyberCiety: # MaryBrigidMcManamon clarified how # CommonLaw is used to interpret meaning of # NaturalBorn # TedCruz pic.twitter.com/5y6SZrTdGr""",652,1898,"#MaryBrigidMcManamon,#CommonLaw,#NaturalBorn,#TedCruz",@CyberCiety
690537121916923904,2016-01-22 08:10:54,""" @ MiamiNewTimes: Poll: Trump has more support in Florida than Rubio and Bush combined. http://bit.ly/1niL6oL pic.twitter.com/2tvIaa2aFr""",1429,3377,,@MiamiNewTimes
690540484154896384,2016-01-22 08:24:15,The failing @ NRO National Review Magazine has just been informed by the Republican National Committee that they cannot participate in debate,1712,4323,,@NRO
690560125916975104,2016-01-22 09:42:18,"After spending $89 million, @ JebBush is at the bottom of the barrel in polls. He is ashamed to use the name ""Bush"" in ads. Low energy guy!",1334,3879,,@JebBush
690560942430523392,2016-01-22 09:45:33,""" @ Lisa_Milicaj: Truth be told, I never heard of The National Review until they ""tried"" to declare war on you. No worries, you got my vote!""",918,2965,,@Lisa
690562515500032000,2016-01-22 09:51:48,""" @ WhiteGenocideTM: @ realDonaldTrump Poor Jeb. I could've sworn I saw him outside Trump Tower the other day! https://twitter.com/WhiteGenocideTM/status/690560137040400384/photo/1pic.twitter.com/e5uLRubqla """,3489,7179,,"@WhiteGenocideTM,@realDonaldTrump"
690585875365756928,2016-01-22 11:24:37,Wow! This might be my highest #yet! Thank you to my opposition- you are totally ineffective & have been for years!http://www.forbes.com/sites/johnzogby/2016/01/21/new-zogby-poll-trump-leads-cruz-by-32-points-nationwide/#d739c517b32b …,2021,4663,#yet,
690636948864512000,2016-01-22 14:47:34,The dying @ NRO National Review has totally given up the fight against Barrack Obama. They have been losing for years. I will beat Hillary!,1508,4530,,@NRO
690641744287760384,2016-01-22 15:06:37,New Reuters poll! Thank you! # MakeAmericaGreatAgain # Trump2016pic.twitter.com/KDVZoUia4I,2259,4541,"#MakeAmericaGreatAgain,#Trump2016pic",
690649956634353666,2016-01-22 15:39:15,"""National Black Republican Association Endorses Donald J. Trump"" # Trump2016 # MakeAmericaGreatAgain http://blackrepublican.blogspot.com/2016/01/national-black-republican-association.html …",2063,4239,"#Trump2016,#MakeAmericaGreatAgain",
690656497022337024,2016-01-22 16:05:15,New National GOP Zogby Poll # MakeAmericaGreatAgain # Trump2016 https://www.facebook.com/DonaldTrump/posts/10156559347565725:0 …pic.twitter.com/evqFrWKBD1,1896,4411,"#MakeAmericaGreatAgain,#Trump2016",
690669496621633537,2016-01-22 16:56:54,Leaving Nevada now for Iowa. Things are looking good - great new polls!,983,3839,,
690672420433178624,2016-01-22 17:08:31,Wow! New National Zogby Poll just out:.TRUMP 45. CRUZ 13. RUBIO 8. Big numbers.,1435,3868,,
690680515800596480,2016-01-22 17:40:41,"Just received the new Fox poll. Thank you, America! # Trump2016pic.twitter.com/QKNineuS8H",1774,5064,#Trump2016pic,
690682449387397120,2016-01-22 17:48:22,The tax scam Washington Post does among the most inaccurate stories of all. Really dishonest reporting.,902,2971,,
690682782163447808,2016-01-22 17:49:42,"Rush Limbaugh is great, tells it as he sees it---really honorable guy! Thanks Rush! # Trump2016",1550,4793,#Trump2016,
690684930259423232,2016-01-22 17:58:14,Ted Cruz went down big in just released Reuters poll - what's going on? Is it Goldman Sachs/Citi loans or Canada?,1382,3770,,
690701138899898368,2016-01-22 19:02:38,"Just watched Jeb's ad where he desperately needed mommy to help him. Jeb --- mom can't help you with ISIS, the Chinese or with Putin.",4033,8724,,
690708660377513984,2016-01-22 19:32:32,". @ BrentBozell, one of the National Review lightweights, came to my office begging for money like a dog. Why doesn't he say that?",1643,3885,,@BrentBozell
690708850664669185,2016-01-22 19:33:17,The only reason irrelevant @ GlennBeck doesn't like me is I refused to do his failing show - asked many times. Very few listeners - sad!,1587,4641,,@GlennBeck
690709138884661248,2016-01-22 19:34:26,"Cruz says I supported TARP, which gave $25 million to Goldman Sachs, the bank which loaned him the money he didn't disclose. Puppet!",1686,4780,,
690716679496679424,2016-01-22 20:04:23,Cruz did not renounce his Canadian citizenship as a US Senator- only when he started to run for # POTUS. He could be Canadian Prime Minister.,1891,4875,#POTUS,
690717760205275136,2016-01-22 20:08:41,"Is Cruz honest? He is in bed w/ Wall St. & is funded by Goldman Sachs/Citi, low interest loans. No legal disclosure & never sold off assets.",1992,4559,,
690732776920743937,2016-01-22 21:08:21,A wonderful article by a writer who truly gets it. I am for the people and the people are for me. # Trump2016 http://republicannewswatch.com/wp/?p=13982,1915,4534,#Trump2016,
690884779693051904,2016-01-23 07:12:22,"""@TheSouthwasRite: @ NRO cancelling my subscription- you people are idiots. @ realDonaldTrump WILL be our next President. # Trump2016 # RNC""",862,2677,"#Trump2016,#RNC","@NRO,@realDonaldTrump"
690889105035538434,2016-01-23 07:29:33,I am in Iowa. Will be making two speeches today. Good luck to all of the great folks on the East coast. Enjoy the beauty of the storm!,1058,4434,,
690889964599382016,2016-01-23 07:32:58,""" @ LukeBrinker: One year from today. https://twitter.com/LukeBrinker/status/689793302154055680/photo/1pic.twitter.com/TcN6Z3XwyU """,2644,6169,,@LukeBrinker
690890625722396672,2016-01-23 07:35:35,""" @ noamscheiber: Dow down almost 2000 pts since start of year, but still outperforming Wall Street's investment in Jeb. JEB wants Common Core",864,2603,,@noamscheiber
690896236765806592,2016-01-23 07:57:53,I will be the greatest job-producing president in American history. # Trump2016 # VoteTrump https://www.facebook.com/DonaldTrump/videos/10156559989840725/ …pic.twitter.com/oc480lwVQg,2409,6648,"#Trump2016,#VoteTrump",
690908222249512960,2016-01-23 08:45:31,". @ AnnCoulter has been amazing. We will win and establish strong borders, we will build a WALL and Mexico will pay. We will be great again!",2250,5454,,@AnnCoulter
690912264094781440,2016-01-23 09:01:34,"I am in Iowa watching all of these phony T.V. ads by the other candidates. All bull, politicians are all talk and no action-it won't happen!",1920,6403,,
690913646117974016,2016-01-23 09:07:04,"Ted Cruz poll numbers are down big. Because he was born in Canada and was, until recently, a Canadian citizen, many believe he cannot run!",1497,4415,,
690939641617211393,2016-01-23 10:50:22,"Heading to Sioux County, Iowa, where the crowd is amazing. Dr. Robert Jeffress will make the introduction. Make America Great Again!",926,3440,,
690940125014917120,2016-01-23 10:52:17,Based on @ MegynKelly's conflict of interest and bias she should not be allowed to be a moderator of the next debate.,2461,5867,,@MegynKelly
690940712578195457,2016-01-23 10:54:37,"Failing @ GlennBeck lost all credibility. Not only was he fired @FOX, he would have voted for Clinton over McCain.https://www.youtube.com/watch?v=xMKYftaeIJ4 …",1630,3690,,"@GlennBeck,@FOX"
690947906308681729,2016-01-23 11:23:12,A wonderful story on Iowa voters by @ arappeport of the @ NYTimes.http://www.nytimes.com/politics/first-draft/2016/01/22/donald-trump-challenging-political-correctness-strikes-a-chord/?_r=0 …,896,2445,,"@arappeport,@NYTimes"
690990909719052288,2016-01-23 14:14:05,"Just left Sioux Center, Iowa. My speech was very well received. Truly great people! Packed house- overflow!",921,3364,,
690991290310197248,2016-01-23 14:15:36,"For the great people of Iowa, find your # IACaucus location at http://www.DonaldJTrump.com . So important to vote! # MakeAmericaGreatAgain",1268,2980,"#IACaucus,#MakeAmericaGreatAgain",
690991386011705345,2016-01-23 14:15:59,"Heading now to Pella, Iowa. Big crowd! Remember, Trump is a big buyer of Pella windows. See you soon!",1062,3685,,
690994502710874112,2016-01-23 14:28:22,. @ williebosshog such an honor to get your endorsement. You are a fantastic guy! It will not be forgotten. Don and Eric say hello!,1200,3893,,@williebosshog
691013266584137728,2016-01-23 15:42:55,I will be on FOX with the great @ JudgeJeanine tonight at 9pm EST! Enjoy! # Trump2016,1254,4071,#Trump2016,@JudgeJeanine
691041847905390592,2016-01-23 17:36:30,"Just left a great event in Pella. Going to church tomorrow in Muscatine, Iowa.",1140,4249,,
691068100830040064,2016-01-23 19:20:49,Serious doubt in Illinois as to whether or not Cruz can run for President. First of many challenges.http://illinoisreview.typepad.com/illinoisreview/2016/01/carson-supporter-files-to-oust-ted-cruz-from-illinois-gop-primary-ballot.html …,1213,3461,,
691068215342952448,2016-01-23 19:21:16,Word is that crying @ GlennBeck left the GOP and doesn't have the right to vote in the Republican primary. Dumb as a rock.,2185,5457,,@GlennBeck
691072793853632512,2016-01-23 19:39:28,Love making correct predictions. National Review is over. http://theweek.com/articles/451963/national- … review-doomed,1414,3468,,
691180597268520961,2016-01-24 02:47:50,""" @ snoozinglion1: Full Speech: Donald Trump Campaign Rally in Pella IA (1-23-16) https://youtu.be/Xh8-8ZakkMo via @ YouTube One of his best ever""",686,1977,,"@snoozinglion1,@YouTube"
691180801900175360,2016-01-24 02:48:39,""" @ CarolBurnett3: @ AnnCoulter I just love the way Ann Coulter remembers your acts of kindness Donald Trump....GO Trump we love you""",886,2998,,"@CarolBurnett3,@AnnCoulter"
691186141756674048,2016-01-24 03:09:52,""" @ snoozinglion1: . @ realDonaldTrump Great comment after last rally @ rightside on @ YouTube ""Triumph with Trump or lose with Cruz."" # Excellent""",773,2579,#Excellent,"@snoozinglion1,@realDonaldTrump,@rightside,@YouTube"
691188619457929217,2016-01-24 03:19:43,""" @ noamscheiber: Dow down almost 2000 pts since start of year, but still outperforming Wall Street's investment in Jeb.",953,2965,,@noamscheiber
691189883939872768,2016-01-24 03:24:44,""" @ deacon6375: @ realDonaldTrump i honestly believe you are the only one who can make # AmericaGreatAgain.",771,2822,#AmericaGreatAgain,"@deacon6375,@realDonaldTrump"
691260700056903681,2016-01-24 08:06:08,I will be on @ meetthepress this morning at various times across the U.S. @ NBCNews Enjoy!,677,2669,,"@meetthepress,@NBCNews"
691262461450715137,2016-01-24 08:13:08,I will be on Face The Nation this morning at various times across the U.S. @ CBSNews Enjoy!,709,2932,,@CBSNews
691276412666261504,2016-01-24 09:08:34,"I will make our Military so big, powerful & strong that no one will mess with us. # Trump2016 https://www.facebook.com/DonaldTrump/videos/10156563262030725/ …pic.twitter.com/PJECpbmkSE",3815,10333,#Trump2016,
691287273996886017,2016-01-24 09:51:44,"New Fox News Poll Thank you, Iowa! # Trump2016 # IACaucuspic.twitter.com/aCj0Hq20hV",2113,5395,"#Trump2016,#IACaucuspic",
691366453010939904,2016-01-24 15:06:22,"Fox News Poll Thank you, New Hampshire! # FITN # Trump2016pic.twitter.com/jC1qisBbit",1614,4525,"#FITN,#Trump2016pic",
691381497740267524,2016-01-24 16:06:08,""" @ keksec__org: @ realDonaldTrump You said it best! # MakeAmericaGreatAgain https://twitter.com/keksec__org/status/691260716020600833/photo/1pic.twitter.com/z6R6r2gpyK """,885,2863,#MakeAmericaGreatAgain,"@keksec,@realDonaldTrump"
691382705217523712,2016-01-24 16:10:56,""" @ NeilTurner_: @ realDonaldTrump https://www.youtube.com/watch?v=1FJ6WYtLgbo … It's time we take America back! No more puppet presidents! # VoteTrump"" So true!",1116,3063,#VoteTrump,"@NeilTurner,@realDonaldTrump"
691383221716656128,2016-01-24 16:12:59,""" @ M0ther0f2kids: @ meetthepress @ NBCNews @ clewandowski Everyone B smart! U know deep down Trump is the ONLY 1 able to best LEAD""",790,2742,,"@M0ther0f2kids,@meetthepress,@NBCNews,@clewandowski"
691383618137001984,2016-01-24 16:14:34,""" @ MaryAnn1942: @ realDonaldTrump @ CBSNews ... You are like Superman, everywhere! But I'm keeping up. Great!",582,2329,,"@MaryAnn1942,@realDonaldTrump,@CBSNews"
691385168679038977,2016-01-24 16:20:44,""" @ JoeNBC: From Canada to Goldman Sachs to the kitchen sink, Trump has picked Cruz apart for 2 weeks. https://www.washingtonpost.com/news/the-fix/wp/2016/01/24/poll-donald-trump-gained-15-points-on-ted-cruz-in-iowa-in-two-weeks/?postshare=2101453660772214&tid=ss_tw …""",1026,2825,,@JoeNBC
691470996021329920,2016-01-24 22:01:47,""" @ Tuggers56: @ PMgeezer Hillary is so afraid of him. The GOP is afraid of him. The American people embrace him! Let's elect him, DonaldTrump",1066,3346,,"@Tuggers56,@PMgeezer"
691471643982614528,2016-01-24 22:04:21,""" @ Knight276: @C4Constitution trump right again # With_Cruz_you_lose! Nobody supports Canuck Cruz # MakeAmericaGreatAgain # trump2016",569,2071,"#With,#MakeAmericaGreatAgain,#trump2016","@Knight276,@C4Constitution"
691472012750016513,2016-01-24 22:05:49,""" @ MrJuuon: # WeAreBernie will be overtaken by # WeWantTrump. We are superior and have more supporters. # makeamericagreatagain # trump.""",752,2706,"#WeAreBernie,#WeWantTrump,#makeamericagreatagain,#trump",@MrJuuon
691472343449870336,2016-01-24 22:07:08,""" @ red77angelluis: @ realDonaldTrump @ NeilTurner_ @ YouTube LET'S GET TRUMP!! GO TRUMP!! USA!USA!""",603,2321,,"@red77angelluis,@realDonaldTrump,@NeilTurner,@YouTube"
691472733729902592,2016-01-24 22:08:41,""" @ Rketeltas: Rubio isn't experienced enough to be Commander in Chief. Rubio is a carbon copy of Obama. We need a true leader Vote Trump""",1289,4343,,@Rketeltas
691613075984752640,2016-01-25 07:26:21,"It's time for Ted Cruz to either settle his problem with the FACT that he was born in Canada and was a citizen of Canada, or get out of race",2358,6428,,
691614582884954113,2016-01-25 07:32:20,IPSOS/REUTERS POLL Thank you! # Trump2016 # MakeAmericaGreatAgainpic.twitter.com/sbzp75EPSq,2202,4973,"#Trump2016,#MakeAmericaGreatAgainpic",
691618223800852480,2016-01-25 07:46:48,I want to win for the people of this great country. The only people I will owe are the voters. # Trump2016 Video:https://www.facebook.com/DonaldTrump/videos/10156563265515725/ …,2726,6540,#Trump2016,
691664806374436864,2016-01-25 10:51:55,I will be on The Situation Room with @ wolfblitzer from 5-7pm est on CNN,858,2525,,@wolfblitzer
691685615415496707,2016-01-25 12:14:36,"Join us in Iowa, tomorrow! # IACaucus # Trump2016 # MakeAmericaGreatAgain 3:00pm: http://www.TrumpMarshalltown.eventbrite.com 7:30pm: http://www.TrumpIowaCity.eventbrite.com",859,2114,"#IACaucus,#Trump2016,#MakeAmericaGreatAgain",
691686778349187072,2016-01-25 12:19:13,Obama's deal vs. Trump's deals- https://www.instagram.com/p/BA-L4iDGhdN/,899,2465,,
691709981171814401,2016-01-25 13:51:25,Find out where to # VoteTrump on caucus night in Iowa on 2/1/16! # IACaucus # FITN # Trump2016 https://www.facebook.com/DonaldTrump/posts/10156556845290725 …pic.twitter.com/ocIpo2DInT,1283,2872,"#VoteTrump,#IACaucus,#FITN,#Trump2016",
691727819039227904,2016-01-25 15:02:18,I will be on Morning's with Maria on the Fox Business Network tomorrow during the 7am and 8am ET hours.,796,2519,,
691739243702554626,2016-01-25 15:47:42,I will be on @ CNNSitRoom with @ wolfblitzer from 5-7pm est. on @ CNN.,528,2074,,"@CNNSitRoom,@wolfblitzer,@CNN"
691742501212983296,2016-01-25 16:00:38,Ted Cruz is a nervous wreck. He is making reckless charges not caring for the truth! His poll #'s are way down!,1283,3814,,
691743052529012736,2016-01-25 16:02:50,Cruz going down fast in recent polls- dropping like a rock. Lies never work!,1294,3781,,
691743513483026432,2016-01-25 16:04:40,Cruz lies are almost as bad as Jeb's. These politicians will do anything to stay at the trough!,1553,4216,,
691745796128165888,2016-01-25 16:13:44,Leaving now for New Hampshire. Big crowd- looking forward to it! # FITN,720,2977,#FITN,
691765618433998849,2016-01-25 17:32:30,Phyllis Schlafly’s Eagle Forum: ‘National Review Will Be Defunct In The Next Year’http://www.breitbart.com/big-government/2016/01/25/exclusive-schlaflys-eagle-forum-national-review-will-defunct-next-year/ …,911,2228,,
691770208927752193,2016-01-25 17:50:44,""" @ realDonaldTrump & @ HillaryClinton leading POLLS w/ one week until # IowaCaucus ...MORE on the 2016 elections TONIGHT on @ FoxBusiness 7PM""",521,1949,#IowaCaucus,"@realDonaldTrump,@HillaryClinton,@FoxBusiness"
691770256268922880,2016-01-25 17:50:56,Just landed in New Hampshire. Will be at the venue shortly. # FITN,655,2880,#FITN,
691809933470343169,2016-01-25 20:28:36,"Thank you - Farmington, New Hampshire! # FITN # Trump2016pic.twitter.com/bJ9Z3qZBQu",1174,3585,"#FITN,#Trump2016pic",
691836764185608193,2016-01-25 22:15:12,""" @ jdenino1: @ DavidWohl @ realDonaldTrump https://youtu.be/GVU1qvMqk3g BECK wanted to commit suicide after @ ss surgery, clearly is unbalanced!""",559,1890,,"@jdenino1,@DavidWohl,@realDonaldTrump,@ss"
691838442536333313,2016-01-25 22:21:53,""" @ KurtSchlichter: My pal @ DavidWohl was just on Megan Kelly's show! He digs Trump. Thank you David, you were great!",589,2233,,"@KurtSchlichter,@DavidWohl"
691839304377700357,2016-01-25 22:25:18,""" @ Belizediver88: @ CNNSitRoom @ CNN @ megynkelly It will never happen. Fox will drop Kelly if it means no Trump. Nobody will watch w/o Trump.""",927,2858,,"@Belizediver88,@CNNSitRoom,@CNN,@megynkelly"
691839864514461696,2016-01-25 22:27:32,""" @ JackBurtonReflx: @ jdenino1 @ DavidWohl @ ss I listen to Glenn Beck and literally nothing he says makes any sense. Same with The View.""",772,2789,,"@JackBurtonReflx,@jdenino1,@DavidWohl,@ss"
691847162615992320,2016-01-25 22:56:32,""" @ Crusade4Honesty: @ BornToBeGOP @ megynkelly Megan can not contain her bias, it's in every show, Fox owners Saudi Prince agnstT""",831,2450,,"@Crusade4Honesty,@BornToBeGOP,@megynkelly"
691847785222660096,2016-01-25 22:59:00,""" @ DittoPost: @ realDonaldTrump @ Crusade4Honesty @ BornToBeGOP @ megynkelly I believe in Trump!!!""",487,1998,,"@DittoPost,@realDonaldTrump,@Crusade4Honesty,@BornToBeGOP,@megynkelly"
691848058234146816,2016-01-25 23:00:05,""" @ WhiteJacketPink: @ MyPresidentme @ realDonaldTrump just google glenn beck bio. U can tell no education, very poorly written.",541,2117,,"@WhiteJacketPink,@MyPresidentme,@realDonaldTrump"
691850438119952385,2016-01-25 23:09:33,""" @ Sharp_Trident: A huge disappointment to see @ megynkelly constantly attack DonaldTrump. It has become almost unbearable to watch her show.""",1269,4136,,"@Sharp,@megynkelly"
691934371654270976,2016-01-26 04:43:04,"I will be doing @ GMA @ GStephanopoulos this morning at around 7:00. Likewise, I will be doing @ Morning_Joe at around 7:00. Figure it out!",576,2290,,"@GMA,@GStephanopoulos,@Morning"
691942336746635264,2016-01-26 05:14:43,""" @ laurencristmann: @ Sharp_Trident @ megynkelly it makes me not wanna watch debate because I know they are going to treat Trump unfair""",652,2483,,"@laurencristmann,@Sharp,@megynkelly"
691943033663782912,2016-01-26 05:17:29,I will be interviewed by @ MariaBartiromo on @ MorningsMaria @ FoxBusiness at 7:30 A.M. Enjoy.,544,2303,,"@MariaBartiromo,@MorningsMaria,@FoxBusiness"
691966649973522432,2016-01-26 06:51:20,"""Donald Trump retains national lead in new ABC News/WaPo poll with 37%: http://abcn.ws/1QyqpQY ""pic.twitter.com/6Uaecpwqwm",1376,3641,,
691967215097221120,2016-01-26 06:53:34,""" @ realDonaldTrump hits new heights in national poll at 41%""pic.twitter.com/1Tzszrkh4j",2435,5666,,@realDonaldTrump
691992417336172544,2016-01-26 08:33:43,""" @ xXFlame: . @ bobvanderplaats Idiot Bob Plaats on CNN is DELUDED! Cruz's favorability ratings are 0%, NO ONE LIKES HIM. VOTE TRUMP INSTEAD!""",715,2494,,"@xXFlame,@bobvanderplaats"
691992472889724929,2016-01-26 08:33:56,"""@AynsFriend: @ bobvanderplaats CRUZ IS DONE @ CNN @ ChrisCuomo""",609,2128,,"@bobvanderplaats,@CNN,@ChrisCuomo"
691992813177847808,2016-01-26 08:35:17,""" @ puttster71: @ bobvanderplaats The next president isn't on ur stage. @ realDonaldTrump is the next president.""",682,2548,,"@puttster71,@bobvanderplaats,@realDonaldTrump"
692000115800825858,2016-01-26 09:04:19,I will end common core. It's a disaster. https://www.facebook.com/DonaldTrump/videos/10156570856100725/ … # MakeAmericaGreatAgain # Trump2016pic.twitter.com/r0Sc6zm80I,3070,7888,"#MakeAmericaGreatAgain,#Trump2016pic",
692012875775414273,2016-01-26 09:55:01,Why doesn't phony @ bobvanderplaats tell his followers all the times he asked for him and his family to stay at my hotels-didn't like paying,1126,3392,,@bobvanderplaats
692018253678415873,2016-01-26 10:16:23,"For the great people of Iowa, find your # IACaucus location at https://www.donaldjtrump.com/iowa/caucus-finder/ … - so important to vote! # MakeAmericaGreatAgain",1439,3347,"#IACaucus,#MakeAmericaGreatAgain",
692025339812380672,2016-01-26 10:44:32,# MakeAmericaGreatAgain # Trump2016https://www.washingtonpost.com/news/post-politics/wp/2016/01/26/evangelical-leader-jerry-falwell-jr-endorses-trump/ …,1465,3873,#Trump2016https,
692028126189199360,2016-01-26 10:55:37,"Great honor- Rev. Jerry Falwell Jr. of Liberty University, one of the most respected religious leaders in our nation, has just endorsed me!",2929,8475,,
692045112872820736,2016-01-26 12:03:07,". @ bobvanderplaats begged me to do an event while asking organizers for $100,000 for himself—a bad guy!",1030,2915,,@bobvanderplaats
692045676079874048,2016-01-26 12:05:21,Should I do the # GOPdebate? https://www.instagram.com/p/BBAvs0rmheW/,2779,4602,#GOPdebate,
692054432905850884,2016-01-26 12:40:09,"Do you think @ SenTedCruz knows about @ bobvanderplaats dealings? Actually, I doubt it!",800,2771,,"@SenTedCruz,@bobvanderplaats"
692072438323113984,2016-01-26 13:51:42,THANK YOU! # Trump2016 # IACaucus finder: https://www.donaldjtrump.com/iowa/caucus-finder/ …pic.twitter.com/CxqTh61ssz,2124,5042,"#Trump2016,#IACaucus",
692093215944654849,2016-01-26 15:14:15,"""Minorities Line Up Behind Donald Trump"" # Trump2016http://mobile.wnd.com/2015/12/minorities-line-up-behind-donald-trump/ …",1659,4557,#Trump2016http,
692093970034343936,2016-01-26 15:17:15,"""Trump shows complete domination of Facebook conversation""http://www.usatoday.com/story/news/politics/onpolitics/2015/12/28/trump-complete-domination-facebook-conversation/77967664/ …",1547,4693,,
692103529947729920,2016-01-26 15:55:14,"Thank you, America! # MakeAmericaGreatAgain # Trump2016pic.twitter.com/7xxWD0au9H",3498,9264,"#MakeAmericaGreatAgain,#Trump2016pic",
692115662899167236,2016-01-26 16:43:27,Pathetic attempt by @ foxnews to try and build up ratings for the # GOPDebate. Without me they'd have no ratings!http://www.mediaite.com/online/fox-news-responds-to-trumps-latest-twitter-poll-with-first-rate-trolling/ …,3267,9353,#GOPDebate,@foxnews
692171744845664258,2016-01-26 20:26:18,pic.twitter.com/SmTkLPiBYD,6708,15022,,
692205512130215938,2016-01-26 22:40:29,CBS's FACE THE NATION - Posts Largest Audience Since 2001 # Trump2016 # MakeAmericaGreatAgainpic.twitter.com/TzZx97FU1n,1975,5647,"#Trump2016,#MakeAmericaGreatAgainpic",
692312112115380224,2016-01-27 05:44:04,"I refuse to call Megyn Kelly a bimbo, because that would not be politically correct. Instead I will only call her a lightweight reporter!",6220,17156,,
692331943132794882,2016-01-27 07:02:52,The statement put out yesterday by @ FoxNews was a disgrace to good broadcasting and journalism. Who would ever say something so nasty & dumb,4069,12758,,@FoxNews
692422072967020544,2016-01-27 13:01:01,Just got to listen to Rush Limbaugh - the guy is fantastic!,2006,7130,,
692430362966921217,2016-01-27 13:33:57,"Even though I beat him in the first six debates, especially the last one, Ted Cruz wants to debate me again. Can we do it in Canada?",6025,17025,,
692457315941900288,2016-01-27 15:21:04,I am self funding my campaign so I do not owe anything to lobbyists & special interests. https://www.facebook.com/DonaldTrump/videos/10156574346040725/ …pic.twitter.com/5f7zFDiVsN,3823,11191,,
692467143896604677,2016-01-27 16:00:07,I will be interviewed on @ oreillyfactor tonight at 8:00 P.M. (Eastern). Enjoy!,1686,6081,,@oreillyfactor
692479630931001349,2016-01-27 16:49:44,"It was the childishly written & taunting PR statement by Fox that made me not do the debate, more so than lightweight reporter, @ megynkelly.",4135,11782,,@megynkelly
692542762445594624,2016-01-27 21:00:36,"Thank you- Lexington, South Carolina! # Trump2016 # MakeAmericaGreatAgain https://www.facebook.com/DonaldTrump/posts/10156578006175725:0 …pic.twitter.com/upAo2eDDVB",1551,4904,"#Trump2016,#MakeAmericaGreatAgain",
692551355920158722,2016-01-27 21:34:44,FOX debate advertising rates falling like a rock! Tune into my special event for the Veterans at 9pm EST!,3336,9047,,
692553019150503937,2016-01-27 21:41:21,"On Greta, 87% of the people said they would not watch the debate if I'm not in it. Wow- what an honor!",3350,10268,,
692558816592920576,2016-01-27 22:04:23,# Trump2016 # IACaucus Finder: https://www.donaldjtrump.com/iowa/caucus-finder/ …pic.twitter.com/thNiQh0nY6,1101,3142,#IACaucus,
692564413811941376,2016-01-27 22:26:38,""" @ creta_r: @ realDonaldTrump Looking forward to watching Donald Trump rally Thursday night on CNN!!""",1705,5291,,"@creta,@realDonaldTrump"
692672195559067648,2016-01-28 05:34:55,""" @ splashpoint50: @ realDonaldTrump Our ReTrumplican Trump support group of 9500 members say 97% will not watch the debate tonight!""",1088,3622,,"@splashpoint50,@realDonaldTrump"
692672615425691648,2016-01-28 05:36:35,""" @ gene70: @ FireFlyFury @ megynkelly @ realDonaldTrump And this is the bimbo that's asking presidential questions? https://twitter.com/gene70/status/692671948606836736/photo/1pic.twitter.com/oU1uUGnuWb """,4592,9481,,"@gene70,@FireFlyFury,@megynkelly,@realDonaldTrump"
692672831386210304,2016-01-28 05:37:26,""" @ HenryOray: @ CNNPolitics @ tedcruz @ realDonaldTrump is fighting corruption. Big donors took over Cruz. No to Donors""",789,2491,,"@HenryOray,@CNNPolitics,@tedcruz,@realDonaldTrump"
692672982792040448,2016-01-28 05:38:02,""" @ Davejager1: @ creta_r 9 pm channel 70 CNN I will be watching Trump tonight. Want to have a person in the White House that takes no BS.""",1062,3382,,"@Davejager1,@creta"
692673284563935232,2016-01-28 05:39:14,""" @ HaloOneForTrump: @ foxnews takes # YUGE hit on advertising revenues by screwing with @ realDonaldTrump ROFL! https://twitter.com/CJCboi/status/692657846849269764 …""",673,2089,#YUGE,"@HaloOneForTrump,@foxnews,@realDonaldTrump"
692673426402713600,2016-01-28 05:39:48,""" @ CJCboi: @DRJAMESCABOT @ realDonaldTrump @ DanScavino @ Carolde @ PlaysTrumpCard Checked YOUR wallet lately, Mr Ailes?""",830,2295,,"@CJCboi,@DRJAMESCABOT,@realDonaldTrump,@DanScavino,@Carolde,@PlaysTrumpCard"
692673742863011842,2016-01-28 05:41:04,""" @ dukeofbc: @ megynkelly debate Cruz one on one. I would just tell him that you were to busy running for the President of USA, not Canada""",752,2709,,"@dukeofbc,@megynkelly"
692674198230142976,2016-01-28 05:42:52,""" @ _HankRearden: I respected Cruz ppl until this lie. We're just tired of it from your side. 1949z @ steph93065 https://twitter.com/_HankRearden/status/692532427630235652/photo/1pic.twitter.com/4K3u8JURiH "" NO!",994,2679,,@steph93065
692674460181270528,2016-01-28 05:43:55,""" @ Plazzmatic: @ realDonaldTrump @ danpgabriel Sounds like the advertisers want Trump, he knows what he is doing.",747,2735,,"@Plazzmatic,@realDonaldTrump,@danpgabriel"
692674640645353472,2016-01-28 05:44:38,""" @ Rick_Gobbi: @ realDonaldTrump ...Hold up a mirror so the network cameras show how big the crowd is."" GREAT IDEA!",974,3371,,"@Rick,@realDonaldTrump"
692675094242578432,2016-01-28 05:46:26,""" @ michaelG4NY: new @ nbcnews WSJ poll shows @ realDonaldTrump pulling ahead of @ tedcruz in # Iowa. http://www.nbcnews.com/meet-the-press/trump-strong-three-early-states-clinton-sanders-battle-poll-n505516 …"" Great!",1017,3137,#Iowa,"@michaelG4NY,@nbcnews,@realDonaldTrump,@tedcruz"
692677570282786816,2016-01-28 05:56:16,"Wow, two candidates called last night and said they want to go to my event tonight at Drake University.",2816,8237,,
692681024489263104,2016-01-28 06:10:00,""" @ hollywoodJV: @ realDonaldTrump Mr. Trump, why does Cruz hate Canada so much. He should embrace his roots, it's a great country"" So true!",1105,3726,,"@hollywoodJV,@realDonaldTrump"
692695601419567104,2016-01-28 07:07:55,""" @ laurencristmann: @ realDonaldTrump why do they have so many debates this year?? Also, why is Cruz still allowed to run, he's not eligible""",1079,3691,,"@laurencristmann,@realDonaldTrump"
692698645863518208,2016-01-28 07:20:01,"The ""debate"" tonight will be a total disaster - low ratings with advertisers and advertising rates dropping like a rock. I hate to see this.",2576,7876,,
692700474278055936,2016-01-28 07:27:17,""" @ chgardens1: @ mitchellvii Pathetic attempt to bribe @ realDonaldTrump He can't be bought""",916,3185,,"@chgardens1,@mitchellvii,@realDonaldTrump"
692701142803939329,2016-01-28 07:29:56,""" @ BradCross4: @ Drudge_Report_ @ realDonaldTrump https://twitter.com/BradCross4/status/692700333462519809/photo/1pic.twitter.com/Ur1qgG291Z """,4324,6262,,"@BradCross4,@Drudge,@realDonaldTrump"
692701271405563904,2016-01-28 07:30:27,""" @ rkirchmeyer: So @ megynkelly brings in # MichaelMoore to add credibility in her fight with @ realDonaldTrump? # FoxNews # ROGERAILES""",1387,3744,"#MichaelMoore,#FoxNews,#ROGERAILES","@rkirchmeyer,@megynkelly,@realDonaldTrump"
692708773400449024,2016-01-28 08:00:16,""" @ GmoneyRainmaker: I hope @ CNN has enough bandwidth tonight because not many will be watching @ FoxNews. Watching Trump tonight # GOPDebate""",2094,6124,#GOPDebate,"@GmoneyRainmaker,@CNN,@FoxNews"
692724677945483264,2016-01-28 09:03:28,“What America Needs: The Case for Trump” Great new book by the esteemed Jeffrey Lord @JeffJlpa1 Available now. http://www.amazon.com/s/ref=nb_sb_ss_i_2_13?url=search-alias%3Dstripbooks&field-keywords=jeffrey+lord+what+america+needs&sprefix=Jeffrey+Lord+%2Cstripbooks%2C164 …,1162,3422,,@JeffJlpa1
692735015428431872,2016-01-28 09:44:32,Being politically correct takes too much time. We have too much to get done! # Trump2016 https://www.facebook.com/DonaldTrump/videos/10156578576285725/ …pic.twitter.com/fkgkcVxVo7,3434,8946,#Trump2016,
692736397120245760,2016-01-28 09:50:02,# Trump2016 # IACaucus Finder: https://www.donaldjtrump.com/iowa/caucus-finder/ …pic.twitter.com/1vjCHYYlzU,1178,3448,#IACaucus,
692762083822301186,2016-01-28 11:32:06,It is my great honor to support our Veterans with you! You can join me now. Thank you! # Trump4Vets http://www.DonaldTrumpForVets.com,4331,10993,#Trump4Vets,
692766854453006336,2016-01-28 11:51:03,Tennessee GOP Poll http://www.MTSUPoll.org Trump 32.7% Cruz 16.5% Carson 6.6% Rubio 5.3% Christie 2.4% Jeb 1.6%,2512,7143,,
692794133124116480,2016-01-28 13:39:27,"20 Most Anticipated Hotel Openings of 2016: Trump International Hotel, Washington D.C.http://www.forbes.com/sites/forbestravelguide/2016/01/28/20-most-anticipated-hotel-openings-of-2016/#36c1736268da …",1099,3803,,
692797304567369728,2016-01-28 13:52:03,"I hear that @ SenTedCruz’s $$ man, Robert Mercer, a good man, is very angry because Cruz lied to him about liquidating his (Ted’s) holdings.?",2173,5376,,@SenTedCruz
692840931259625472,2016-01-28 16:45:25,# Trump2016 # IACaucus Finder: https://www.donaldjtrump.com/iowa/caucus-finder/ …pic.twitter.com/gicaoEOFCC,1231,3575,#IACaucus,
692844273717219329,2016-01-28 16:58:41,"""Donald Trump Hands Bill O’Reilly Cable TV Viewership Win""- @ deadline-http://bit.ly/1nBzZra",1298,4096,,@deadline
692864417101287425,2016-01-28 18:18:44,"Watching biased Charles @ krauthammer, a @ FoxNews flunky who didn't know that I won every debate, in particular- the last one. Check polls!",1968,6930,,"@krauthammer,@FoxNews"
692918726795104256,2016-01-28 21:54:32,"An unbelievable night in Iowa with our great Veterans! We raised $6,000,000.00 while the politicians talked! # GOPDebate",7874,19589,#GOPDebate,
692939547622137856,2016-01-28 23:17:17,I will take care of the Veterans who have served this country so bravely. # ThankAVet Video: https://www.facebook.com/DonaldTrump/videos/10156581958480725/ …pic.twitter.com/WMR7jnmsyz,3220,9220,#ThankAVet,
692942626627174400,2016-01-28 23:29:31,"Thank you for the kind words tonight, @ OMAROSA. You were great! See you soon!",880,3834,,@OMAROSA
692945294833643520,2016-01-28 23:40:07,# IACaucus • 2/1/2016 • 6:30pm # MakeAmericaGreatAgain! Iowa caucus finder: https://www.donaldjtrump.com/iowa/caucus-finder/ … # GOPDebatepic.twitter.com/HLuyCcuLcp,1810,3916,"#MakeAmericaGreatAgain,#GOPDebatepic",
692952864801579013,2016-01-29 00:10:12,"Thank you, America!https://twitter.com/googletrends/status/692933821944176640 …",1301,4000,,
692955330213498884,2016-01-29 00:19:59,Thank you for your support!http://www.usnews.com/news/blogs/run-2016/2016/01/28/with-his-absence-trump-dominates-another-debate …,1808,5792,,
693054880622198784,2016-01-29 06:55:34,Good morning America! Thank you for all of your support in the latest Drudge poll! https://www.facebook.com/DonaldTrump/posts/10156583139705725:0 …pic.twitter.com/yUTtLnALxy,3323,8354,,
693056021896519680,2016-01-29 07:00:06,Thank you for your interest & support during last nights # GOPDebate! # IACaucus finder: https://www.donaldjtrump.com/iowa/caucus-finder/ …pic.twitter.com/yadQiPC49g,1590,4981,"#GOPDebate,#IACaucus",
693066810934063104,2016-01-29 07:42:58,"Iowa was amazing last night. The event could not have worked out better. We raised $6,000,000 for our great vets. They were so happy & proud",3426,11454,,
693067485629825024,2016-01-29 07:45:39,"Getting ready to take off for Nashua, New Hampshire. Big crowd, will be there soon. Fun!",1269,5158,,
693082003881775104,2016-01-29 08:43:21,Great Twitter poll- and I wasn't even there. Thank you! # GOPDebatepic.twitter.com/yLJGkoOeBg,2570,7308,#GOPDebatepic,
693116922808963072,2016-01-29 11:02:06,Thank you! Mitchell FOX2 Michigan Poll finds Trump holds 3-1 lead over closest GOP opponents. Trump 47% Clinton 43%pic.twitter.com/xpaeV0YzGV,3296,8421,,
693122207799721985,2016-01-29 11:23:06,"""Every American needs to say 2 simple words to every Vet they meet: THANK YOU!"" John Wayne Walding https://www.facebook.com/DonaldTrump/posts/10156584028145725:0 …",2276,6208,,
693138448371286016,2016-01-29 12:27:38,"Thank you- Nashua, New Hampshire! # MakeAmericaGreatAgain # Trump2016 https://www.facebook.com/DonaldTrump/posts/10156584214900725:0 …pic.twitter.com/9h8CgrCXGB",1138,3644,"#MakeAmericaGreatAgain,#Trump2016",
693139866297700352,2016-01-29 12:33:16,"Join me tomorrow in Dubuque, Iowa! # IACaucus # Trump2016https://www.eventbrite.com/e/donald-j-trump-in-dubuque-ia-tickets-21041629079?aff= …",1175,3417,"#IACaucus,#Trump2016https",
693144862208757761,2016-01-29 12:53:07,"Thank you, America! # Trump2016 Via @ DRUDGE_REPORTpic.twitter.com/hVa0gJiBNz",1973,5144,#Trump2016,@DRUDGE
693171827363991553,2016-01-29 14:40:16,"They say that if I participated in last night’s Fox debate, they would have had 12 million more & would have broken the all time record.",2155,7398,,
693183469967560704,2016-01-29 15:26:32,Thank you for all of your support Iowa! # MakeAmericaGreatAgain # Trump2016 # IACaucus finder: https://www.donaldjtrump.com/iowa/caucus-finder/ …pic.twitter.com/fQAxuMe01b,2000,5325,"#MakeAmericaGreatAgain,#Trump2016,#IACaucus",
693219967215493121,2016-01-29 17:51:34,"The new e-mail release is a disaster for Hillary Clinton. At a minimum, how can someone with such bad judgement be our next president?",4428,11076,,
693239943519453184,2016-01-29 19:10:56,The great State of Nebraska can do much better than @ BenSasse as your Senator. Saw him on @ greta - totally ineffective. Wants paid for pols.,1233,3715,,"@BenSasse,@greta"
693241143744696320,2016-01-29 19:15:43,. @ BenSasse looks more like a gym rat than a U.S. Senator. How the hell did he ever get elected? @ greta,1337,3893,,"@BenSasse,@greta"
693243553271713792,2016-01-29 19:25:17,"Amazing that Ted Cruz can't even get a Senator like @ BenSasse, who is easy, to endorse him. Not one Senator is endorsing Canada Ted!",1688,4924,,@BenSasse
693245205617758208,2016-01-29 19:31:51,". @ FoxNews is the only network that does not even mention my very successful event last night. $6,000,000 raised in one hour for our VETS.",3051,8653,,@FoxNews
693247721453543424,2016-01-29 19:41:51,". @ oreillyfactor The people of Iowa love the fact that I stuck up for my rights, as I will do for the U.S. Also got $6,000,000 for our VETS!",2372,7409,,@oreillyfactor
693250845333389312,2016-01-29 19:54:16,Looking forward to a great weekend in Iowa! # IACaucus # CaucusForTrump Tickets: http://www.donaldjtrump.com/schedule pic.twitter.com/xZlwspf6xe,1542,4348,"#IACaucus,#CaucusForTrump",
693251574898884608,2016-01-29 19:57:10,""" @ classyexplorer: @ oreillyfactor @ DRUDGE So Bill if America was SO LONGING to learn more about candidates why the 50 percent audience loss?""",1419,4486,,"@classyexplorer,@oreillyfactor,@DRUDGE"
693252301511901186,2016-01-29 20:00:03,""" @ gigglemitz: @ GeraldoRivera @ FoxNews damn fox is really acting like a baby today. I guess Trump got under their skin - pretty biased!",1463,4852,,"@gigglemitz,@GeraldoRivera,@FoxNews"
693263187702059008,2016-01-29 20:43:18,"THANK YOU to all of the incredible volunteers, behind the scenes in Iowa! # CaucusForTrump https://www.facebook.com/DonaldTrump/posts/10156585686910725:0 …pic.twitter.com/EY0wNYv9XD",2552,7934,#CaucusForTrump,
693280682534137856,2016-01-29 21:52:49,Hillary Clinton is a major national security risk. Not presidential material!,7345,16633,,
693413034044297216,2016-01-30 06:38:44,"I will be in Iowa all day and until Tuesday morning. Finally, after all these years of watching stupidity, we will MAKE AMERICA GREAT AGAIN!",4586,13628,,
693434873600720897,2016-01-30 08:05:31,I want to thank evangelical Christians for the warm embrace I've received on the campaign trail. Video:https://www.facebook.com/DonaldTrump/videos/10156583412010725/ …,2325,7051,,
693456598346436608,2016-01-30 09:31:51,# IACaucus # CaucusForTrump # iCaucused # iVotedhttps://www.youtube.com/watch?v=_Otk1FRbNR8&feature=youtu.be …,1600,3798,"#CaucusForTrump,#iCaucused,#iVotedhttps",
693471204469035008,2016-01-30 10:29:53,MAKE AMERICA GREAT AGAIN! # IACaucus # CaucusForTrump http://www.donaldjtrump.com/schedule pic.twitter.com/IrrzLCa2ev,2424,5746,"#IACaucus,#CaucusForTrump",
693771408896229378,2016-01-31 06:22:48,"The Cruz campaign issued a dishonest and deceptive get out the vote ad calling voters ""in violation."" They are now under investigation. Bad!",2320,5426,,
693773484984434688,2016-01-31 06:31:03,". @ bobvanderplaats is a total phony and dishonest guy. Asked me for expensive hotel rooms, free (and more). I said pay and he endorsed Cruz!",1103,3426,,@bobvanderplaats
693774895591763968,2016-01-31 06:36:39,". @ bobvanderplaats asked me to do an event. The people holding the event called me to say he wanted $100,000 for himself.Phony @ foxandfriends",1126,3347,,"@bobvanderplaats,@foxandfriends"
693776360750190592,2016-01-31 06:42:28,". @ bobvanderplaats is a total phony and con man. When I wouldn't give him free hotel rooms and much more, he endorsed Cruz. @ foxandfriends",1086,3489,,"@bobvanderplaats,@foxandfriends"
693778147439824896,2016-01-31 06:49:34,"I will be going to church in Iowa this morning with my wife, Melania. After church I will be making two speeches and touring the State!",2033,8035,,
693782388564865024,2016-01-31 07:06:25,"Ted Cruz is totally unelectable, if he even gets to run (born in Canada). Will loose big to Hillary. Polls show I beat Hillary easily! WIN!",2673,7202,,
693784955537592320,2016-01-31 07:16:37,"Ted Cruz is in trouble for not reporting his bank borrowing in his very important Financial Disclosure Form. Very low interest loans, scam!",1774,5377,,
693801552855740416,2016-01-31 08:22:35,"Wow, just saw an ad - Cruz is lying on so many levels. There is nobody more against ObamaCare than me, will repeal & replace. He lies!",2532,7032,,
693803936965197824,2016-01-31 08:32:03,"By not doing the failed, poorly rated debate, I was able to make the point of not allowing ""unfairness"" - while raising $6,000,000 for VETS.",2614,8752,,
693806043407618048,2016-01-31 08:40:25,"If I would have done the last debate, a record would have been set (instead of the poor ratings recieved). Also, VETS got $6,000,000.",1637,5928,,
693806945505976321,2016-01-31 08:44:00,I am in Iowa. Will be interviewed on This Week With @ GStephanopoulos this morning. ENJOY!,853,3564,,@GStephanopoulos
693807728611893249,2016-01-31 08:47:07,I will be interviewed on Face The Nation with @ jdickerson this morning. Enjoy!,916,3764,,@jdickerson
693832776844378113,2016-01-31 10:26:39,It is time to take back our country- and MAKE AMERICA GREAT AGAIN! # CaucusForTrump Video: https://www.facebook.com/DonaldTrump/videos/10156591076765725/ …pic.twitter.com/bJ6a0t9Pv2,3735,8723,#CaucusForTrump,
693838082282430464,2016-01-31 10:47:44,So nice to get an endorsement from the founder and owner of Pizza Ranch in Iowa! A great guy and great places! # CaucusForTrump,2188,6835,#CaucusForTrump,
693866510578651138,2016-01-31 12:40:42,Watch @ IvankaTrump show you how easy it is to # CaucusForTrump in Iowa! # IACaucus Video: https://www.facebook.com/DonaldTrump/videos/10156587731980725/ …pic.twitter.com/4Ma5JSkFu7,2008,4577,"#CaucusForTrump,#IACaucus",@IvankaTrump
693902396485799936,2016-01-31 15:03:18,. @ DonaldJTrumpJr & his wife @ MrsVanessaTrump attended the # SnowflakeGardenBrunch- here w/ Governor @ TerryBranstad.pic.twitter.com/mgLh9Im9QI,1357,4330,#SnowflakeGardenBrunch,"@DonaldJTrumpJr,@MrsVanessaTrump,@TerryBranstad"
693989991953739777,2016-01-31 20:51:22,Join us! # CaucusForTrump 11am WATERLOO: https://www.eventbrite.com/e/donald-j-trump-in-waterloo-ia-tickets-21034938066 … 1:30pm CEDER RAPIDS: https://www.eventbrite.com/e/donald-j-trump-in-cedar-rapids-iowa-tickets-20961131308 …pic.twitter.com/yyjQ1iFT2x,1709,4303,#CaucusForTrump,
694149534918651905,2016-02-01 07:25:20,It all begins today - WE WILL FINALLY TAKE OUR COUNTRY BACK AND MAKE AMERICA GREAT AGAIN!,7361,18055,,
694551687080644612,2016-02-02 10:03:21,My experience in Iowa was a great one. I started out with all of the experts saying I couldn't do well there and ended up in 2nd place. Nice,4489,17297,,
694554471154749440,2016-02-02 10:14:24,"Because I was told I could not do well in Iowa, I spent very little there - a fraction of Cruz & Rubio. Came in a strong second. Great honor",3456,12346,,
694558166697271297,2016-02-02 10:29:05,The media has not covered my long-shot great finish in Iowa fairly. Brought in record voters and got second highest vote total in history!,3137,10337,,
694559410488737793,2016-02-02 10:34:02,I will be talking about my wonderful experience in Iowa and the simultaneous unfair treatment by the media-later in New Hampshire. Big crowd,2271,7805,,
694560681090248704,2016-02-02 10:39:05,"I don't believe I have been given any credit by the voters for self-funding my campaign, the only one. I will keep doing, but not worth it!",3504,13257,,
694600151894212608,2016-02-02 13:15:55,". @ Morning_Joe @ mikebarnicle on @ realDonaldTrump: He finished 2nd but he made the turn successfully like a pro""",1099,4000,,"@Morning,@mikebarnicle,@realDonaldTrump"
694601530650050560,2016-02-02 13:21:24,""" @ LoreWestphal @ realDonaldTrump You MUST win the Presidency in 2016 !!!""",1026,4077,,"@LoreWestphal,@realDonaldTrump"
694602643201744900,2016-02-02 13:25:49,""" @ 93101Dianne @ realDonaldTrump if you can do that well in Iowa then I see you acing it in all other significant states. Momentum is growing""",1219,4749,,"@93101Dianne,@realDonaldTrump"
694603879330287616,2016-02-02 13:30:44,""" @ ellenEspence @ realDonaldTrump Amazing job in Iowa! Cruz just barely won.""",1007,4211,,"@ellenEspence,@realDonaldTrump"
694606525835431936,2016-02-02 13:41:15,""" @ restorereality Iowa is meaningless...keep pushing forward, run the table in NH SC NV and Super Tuesday. America needs you! # TrumpTrain""",1895,6544,#TrumpTrain,@restorereality
694607450750717952,2016-02-02 13:44:56,""" @ stephbewitching @ realDonaldTrump All you haters need to realize Trump got the second highest vote in history. And he's never held office!""",2686,8620,,"@stephbewitching,@realDonaldTrump"
694611948940443648,2016-02-02 14:02:48,"Anybody who watched all of Ted Cruz's far too long, rambling, overly flamboyant speech last nite would say that was his Howard Dean moment!",3397,11394,,
694647454365552640,2016-02-02 16:23:53,On my way to New Hampshire- expecting a big and spirited crowd! # FITN # Trump2016 https://www.facebook.com/DonaldTrump/posts/10156599412210725:0 …pic.twitter.com/9Hb7JO3wrZ,3251,13009,"#FITN,#Trump2016",
694750254378422272,2016-02-02 23:12:23,Great job on @ donlemon tonight @ kayleighmcenany @ cherijacobus begged us for a job. We said no and she went hostile. A real dummy! @ CNN,1371,4414,,"@donlemon,@kayleighmcenany,@cherijacobus,@CNN"
694879900256354304,2016-02-03 07:47:33,"Ted Cruz didn't win Iowa, he stole it. That is why all of the polls were so wrong and why he got far more votes than anticipated. Bad!",5561,11772,,
694882228665507840,2016-02-03 07:56:48,"During primetime of the Iowa Caucus, Cruz put out a release that @ RealBenCarson was quitting the race, and to caucus (or vote) for Cruz.",2746,5742,,@RealBenCarson
694884902618165248,2016-02-03 08:07:25,"Many people voted for Cruz over Carson because of this Cruz fraud. Also, Cruz sent out a VOTER VIOLATION certificate to thousands of voters.",2985,6746,,
694885775431835648,2016-02-03 08:10:53,The Voter Violation certificate gave poor marks to the unsuspecting voter(grade of F) and told them to clear it up by voting for Cruz. Fraud,2716,6323,,
694888332099239936,2016-02-03 08:21:03,"And finally, Cruz strongly told thousands of caucusgoers (voters) that Trump was strongly in favor of ObamaCare and ""choice"" - a total lie!",3037,7599,,
694890328273346560,2016-02-03 08:28:59,"Based on the fraud committed by Senator Ted Cruz during the Iowa Caucus, either a new election should take place or Cruz results nullified.",6363,14692,,
694960957928431617,2016-02-03 13:09:38,I will be interviewed on @ greta at 7:00 P.M. Enjoy! @ FoxNews,1250,4166,,"@greta,@FoxNews"
694963798273323008,2016-02-03 13:20:55,This was sent out from Ted Cruz- as Iowans arrived at their caucus sites to vote. # CruzFraudpic.twitter.com/tRM7KUCrSU,5021,8347,#CruzFraudpic,
694964856609439745,2016-02-03 13:25:08,The State of Iowa should disqualify Ted Cruz from the most recent election on the basis that he cheated- a total fraud!,3424,9004,,
694979360441384960,2016-02-03 14:22:46,"Cruz just lied again- I am, and have been totally against # ObamaCare- repeal and replace!",2913,7999,#ObamaCare,
694984821093830656,2016-02-03 14:44:28,"Dr. Ben Carson blasted Ted Cruz for ""deceit and dirty tricks and lies.""",2540,7524,,
694984862122561536,2016-02-03 14:44:37,Thank you New Hampshire! # MakeAmericaGreatAgain # FITNpic.twitter.com/4EFJbQxJGW,2236,5723,"#MakeAmericaGreatAgain,#FITNpic",
694996040349540354,2016-02-03 15:29:03,Stop the assault on American values. Stand w/ Trump to # MakeAmericaGreatAgain! # VotersSpeak: https://www.facebook.com/DonaldTrump/videos/10156602612915725/ …pic.twitter.com/c7EHokbLD1,2920,7290,"#MakeAmericaGreatAgain,#VotersSpeak",
695072233610280960,2016-02-03 20:31:48,"THANK YOU to everyone in Little Rock, Arkansas tonight! A record crowd of 12K. # Trump2016 https://www.facebook.com/DonaldTrump/posts/10156603612740725:0 …pic.twitter.com/I9WkPN3pWm",2814,7906,#Trump2016,
695082204100071424,2016-02-03 21:11:26,Sanders says he wants to run against me because he doesn't want to run against me. He would be so easy to beat!,2235,7157,,
695133044940759040,2016-02-04 00:33:27,"Thank you @ billoreilly & @ KarlRove. Ted Cruz should be immediately disqualified in Iowa, with each candidate moving up one notch.",2083,5589,,"@billoreilly,@KarlRove"
695133644562628608,2016-02-04 00:35:50,# ICYMI: @ KarlRove & @ oreillyfactor discuss what Ted Cruz did to the great people of Iowa- as they went to vote. https://youtu.be/ocgEmgXXwF8,1804,4130,,"@KarlRove,@oreillyfactor"
695133873139752960,2016-02-04 00:36:44,". @ oreillyfactor @ KarlRove- as per the show, an even more serious Cruz charge is the fraudulent voter violation certificate sent to everyone.",1679,4653,,"@oreillyfactor,@KarlRove"
695134210273775617,2016-02-04 00:38:05,"This is the Cruz voter violation certificate sent to everyone, a misdemeanor at minimum.pic.twitter.com/tMav17UGkf",4960,9464,,
695252170535477249,2016-02-04 08:26:49,Politicians are trying to chip away at the 2nd Amendment. I won’t let them take away our guns! # Trump2016 Watch:https://www.facebook.com/DonaldTrump/videos/10156604838290725/ …,3713,8883,#Trump2016,
695278741048684544,2016-02-04 10:12:24,"Taking a helicopter to New Hampshire, boarding now. Amazing activity planned. New UMASS poll, very nice!pic.twitter.com/xFvGE0dRlA",3285,9862,,
695373506976976901,2016-02-04 16:28:58,I will be interviewed by Anderson Cooper at 8pm on @ CNN from New Hampshire. Should be very interesting!,1596,5711,,@CNN
695412367136436225,2016-02-04 19:03:23,Watch @ AC360 on NOW! @ CNN,799,3376,,"@AC360,@CNN"
695425318476083200,2016-02-04 19:54:50,""" @ rkswaney7: @ CNN @ realDonaldTrump I agree. Great businessman. I like your tone tonight! Keep it up & you'll have this Democrats vote.""",1631,5317,,"@rkswaney7,@CNN,@realDonaldTrump"
695646188297699328,2016-02-05 10:32:30,"Join us Monday, February 8th @the Verizon Wireless Arena in Manchester, New Hampshire! # FITN # NHPolitics # Trump2016https://www.eventbrite.com/e/donald-j-trump-in-manchester-nh-tickets-20922675285 …",1494,3762,"#FITN,#NHPolitics,#Trump2016https",@the
695650797615521792,2016-02-05 10:50:49,Big storm in New Hampshire. Moved my event to Monday. Will be there next four days.,1487,4437,,
695664927483240448,2016-02-05 11:46:58,Live Free or Die: A motto for the whole country to follow. # NewHampshire # FITN # VoteTrumpNHhttps://www.facebook.com/DonaldTrump/videos/10156608890980725/ …,2128,5047,"#NewHampshire,#FITN,#VoteTrumpNHhttps",
695705786903830528,2016-02-05 14:29:19,"I very much look forward to tomorrow’s debate in New Hampshire—so many things to say, so much at stake. It will be an incredible evening!",2134,7337,,
695707547395891202,2016-02-05 14:36:19,Such great support in New Hampshire. So many people are working so hard to # MakeAmericaGreatAgain!,1506,4954,#MakeAmericaGreatAgain,
695716589388308480,2016-02-05 15:12:15,"Heading to South Carolina, really big crowd! Will be back in New Hampshire tomorrow. # MakeAmericaGreatAgain",1398,4837,#MakeAmericaGreatAgain,
695742029083574274,2016-02-05 16:53:20,"Join me at Clemson University on Wednesday, February 10th! # MakeAmericaGreatAgainhttps://trumpclemson.eventbrite.com",1265,3288,#MakeAmericaGreatAgainhttps,
695747007525294084,2016-02-05 17:13:07,""" @ MaryAnn1942: @ realDonaldTrump why vote for Trump? Unlike politicians all talk, Trump’s talk materializes! He will make America great again",1262,3986,,"@MaryAnn1942,@realDonaldTrump"
695747401546477568,2016-02-05 17:14:41,""" @ DharmaBum77: Donald Trump loves America! He loves Americans! He loves our Vets! # TrumpSupporters @ realDonaldTrump https://twitter.com/DharmaBum77/status/695726077466054661/photo/1pic.twitter.com/NgcoHRLj2M",2370,6600,#TrumpSupporters,"@DharmaBum77,@realDonaldTrump"
695789403374014464,2016-02-05 20:01:35,"Really dumb @ CheriJacobus. Begged my people for a job. Turned her down twice and she went hostile. Major loser, zero credibility!",1451,4074,,@CheriJacobus
695791084413317124,2016-02-05 20:08:16,"10,000 people in South Carolina, unbelievable evening! Will be in New Hampshire tomorrow- love it.pic.twitter.com/tF033Yjhu3",2729,8638,,
695799815939190784,2016-02-05 20:42:58,"I told you so. Our country totally lost control of illegal immigration, even with criminals.http://www.breitbart.com/big-government/2016/02/04/exclusive-immigration-committee-chart-fugitive-criminal-aliens-outnumber-all-new-hampshire-city-populations/ …",2579,5093,,
695801946347806721,2016-02-05 20:51:26,It never ends! https://twitter.com/foxnation/status/695792335708385280 …,2053,4439,,
695806716601040896,2016-02-05 21:10:23,I said this was happening long ago- I will stop this immediately!http://www.washingtonexaminer.com/report-ms-13-foot-soldiers-use-surge-to-cross-border-colonize-new-criminal-territory/article/2582396 …,1617,3973,,
695809280587534336,2016-02-05 21:20:34,"Border agent: ""We might as well abolish our immigration laws altogether""http://www.washingtonexaminer.com/border-agent-we-might-as-well-abolish-our-immigration-laws-altogether/article/2582401 …",1764,3843,,
695810703542845440,2016-02-05 21:26:13,""" @ ericnlin: @ AC360 DonaldTrump: no raise in 8 years, home not worth what I paid for it, healthcare is a joke Obama is a liar. TRUMP 2016""",1488,4629,,"@ericnlin,@AC360"
695810810166317056,2016-02-05 21:26:39,""" @ autumnandews08: @ realDonaldTrump Trump Will WIN the Debate like he has WON ALL the others! He is heads above the rest! # VoteTrump"" Thanks!",1369,4769,#VoteTrump,"@autumnandews08,@realDonaldTrump"
695817078884929536,2016-02-05 21:51:33,""" @ ukcatwoman52: @ ericnlin @ AC360 all candidates liars. Trump is the only one that speak the truth people need to hear what Trump is saying.""",1307,4348,,"@ukcatwoman52,@ericnlin,@AC360"
695820186713264128,2016-02-05 22:03:54,"""@billrey16929057: @ seanhannity # Hannity @ realDonaldTrump is the only hope to # MAKEAMERICAGREATAGAIN""",1276,4174,"#Hannity,#MAKEAMERICAGREATAGAIN","@seanhannity,@realDonaldTrump"
695979656617578496,2016-02-06 08:37:35,"Wow, Jeb Bush, whose campaign is a total disaster, had to bring in mommy to take a slap at me. Not nice!",3971,11384,,
695981303460712448,2016-02-06 08:44:08,""" @ lisabrossman: @ ukcatwoman52 @ ericnlin @ AC360 He is for America! Security for America! Jobs for America! There is no other leader!""",1160,3933,,"@lisabrossman,@ukcatwoman52,@ericnlin,@AC360"
695989902031331333,2016-02-06 09:18:18,The New Hampshire drug epidemic must stop. If elected POTUS- I will create borders & the drugs will stop pouring in.https://www.facebook.com/DonaldTrump/videos/10156610923070725/ …,2170,5457,,
696025012424306690,2016-02-06 11:37:49,"Join me tomorrow in Plymouth, New Hampshire! # FITN # NHPrimaryhttps://www.eventbrite.com/e/donald-j-trump-in-plymouth-nh-tickets-21279836564 …",1150,3304,"#FITN,#NHPrimaryhttps",
696030020372930560,2016-02-06 11:57:43,""" @ Enlighten2881: @ ukcatwoman52 @ ericnlin @ AC360 How come Rubio&Cruz are going to turn America around but did nothing in the Senate for USA?""",1883,4691,,"@Enlighten2881,@ukcatwoman52,@ericnlin,@AC360"
696048400081555456,2016-02-06 13:10:45,""" @ big_carsonrocks: AMERICA...Stop being duped...WAKE UP Cruz & Rubio establishment phonies. DonaldTrump only truthful & not owned candidate""",1898,5062,,@big
696056207824580608,2016-02-06 13:41:46,""" @ paintonmyjeans: If I owned a big company that was failing, I'd hire DonaldTrump to make it great again-Rubio/Cruz wouldnt be considered""",1563,5026,,@paintonmyjeans
696061839554318336,2016-02-06 14:04:09,""" @ realOllieTaylor: @ paintonmy: IA caucus hasn't picked nominee in 16 years! Cruz dirty tricks stole it. Trump way ahead in primary states.",1332,4363,,"@realOllieTaylor,@paintonmy"
696085979560591360,2016-02-06 15:40:04,I love New Hampshire - will be an exciting evening!,1802,6699,,
696124722321481728,2016-02-06 18:14:01,"Come join us at the Verizon Wireless Center- Manchester, New Hampshire on 2/8! Register now: http://trumpmanchesternh.eventbrite.com/ pic.twitter.com/zjRpnoV2ih",2053,6735,,
696217877679108096,2016-02-07 00:24:11,""" @ ABCPolitics: . @ realDonaldTrump led in @ twitter conversation during the # GOPDebate. pic.twitter.com/ZuMwroT8dl""",1267,3980,#GOPDebate,"@ABCPolitics,@realDonaldTrump,@twitter"
696218405825810432,2016-02-07 00:26:17,""" @ ABCPolitics: . @ realDonaldTrump dominating @ Google searches throughout # GPLFers. pic.twitter.com/IF35C2jcon""",1951,4872,#GPLFers,"@ABCPolitics,@realDonaldTrump,@Google"
696218684856074240,2016-02-07 00:27:24,""" @ ABC:DonaldTrump: ""The police in this country have done an unbelievable job of keeping law and order."" # GOPDebate http://snpy.tv/1SVfssV """,2500,6205,#GOPDebate,@ABC
696277390650171392,2016-02-07 04:20:40,""" @ JoeNBC: Cruz really seems out of his element in New Hampshire. It is such a different battlefield then Iowa and the South.""",812,3060,,@JoeNBC
696278368296296448,2016-02-07 04:24:33,""" @ MarkHalperin: My debate report card: Christie A-, Trump A-, Bush B+, Kasich B+, Cruz B, Carson C, Rubio D. Full report cards here.",825,2744,,@MarkHalperin
696278895952273408,2016-02-07 04:26:39,""" @ GOP_Left_Me: @ JoeNBC Donald Trump won that debate hands down, Christi beat up Rubio.",969,3469,,"@GOP,@JoeNBC"
696279000755347457,2016-02-07 04:27:04,""" @ JoeNBC: Cokie Roberts says Donald Trump had a really good night.""",848,3245,,@JoeNBC
696281114269376512,2016-02-07 04:35:28,""" @ JoeNBC: Latest UMass Tracking Poll. NH GOP Trump 35 (+1) Rubio 14 (-1) Cruz 13 (-1) Jeb 10 (+2) Kasich 10 (+2)""",934,2901,,@JoeNBC
696281532974157824,2016-02-07 04:37:08,""" @ JoeNBC: Trump, Kasich, Jeb and Christie all had good nights.""",580,2521,,@JoeNBC
696283485741383680,2016-02-07 04:44:53,""" @ newtgingrich: Trump hits it out of the park in describing effective deal making""",1248,4099,,@newtgingrich
696283930069172224,2016-02-07 04:46:39,""" @ newtgingrich: Trump shows courage in defending eminent domain as a necessity for construction of infrastructure""",1232,4209,,@newtgingrich
696284792845942785,2016-02-07 04:50:05,""" @ piersmorgan: Jeb Bush was as ineffectual as ever. As always, @ David_Gergen calls it right: Trump held them off. # GOPDebate""",897,3530,#GOPDebate,"@piersmorgan,@David"
696285038644764673,2016-02-07 04:51:04,""" @ piersmorgan: Trump won that debate. People can huff & puff all they like but he was the best candidate on the night. # GOPDebate",1711,5184,#GOPDebate,@piersmorgan
696285462839824384,2016-02-07 04:52:45,""" @ JoeNBC: Trump just talked on MSNBC like a man who knows he had a very good night.""",1013,3900,,@JoeNBC
696285674689921024,2016-02-07 04:53:35,""" @ JoeNBC: @ jonkarl: ""This has been a great debate for Donald Trump.""""",1197,4292,,"@JoeNBC,@jonkarl"
696322405002780676,2016-02-07 07:19:33,I will be on State of the Union @ CNN with @ jaketapper at 9am. Enjoy!,797,3383,,"@CNN,@jaketapper"
696328503428575232,2016-02-07 07:43:47,I am on @ foxandfriends now! Tune in!,627,3384,,@foxandfriends
696329245866512384,2016-02-07 07:46:44,I will be on Meet the Press with Chuck Todd on NBC this morning. Enjoy!pic.twitter.com/EIYyfFtnPs,1075,4371,,
696346322735988736,2016-02-07 08:54:35,. @ ABCPolitics # GOPDebate # MakeAmericaGreatAgain # FITNpic.twitter.com/jM6wrUGQox,2405,5711,"#GOPDebate,#MakeAmericaGreatAgain,#FITNpic",@ABCPolitics
696370121154150400,2016-02-07 10:29:09,Great to meet everyone while having breakfast @ ChezVachon this morning! # FITN # VoteTrumpNH https://www.facebook.com/DonaldTrump/posts/10156616498145725:0 …pic.twitter.com/bmZvSmWe7Y,1428,4398,"#FITN,#VoteTrumpNH",@ChezVachon
696424442717601792,2016-02-07 14:05:00,"We are going to have a big event at the Verizon Wireless Arena in Manchester, New Hampshire! 5K+! Join us tomorrow:https://www.eventbrite.com/e/donald-j-trump-in-manchester-nh-tickets-20922675285 …",1468,4086,,
696428451977433088,2016-02-07 14:20:56,Thank you Newt!https://twitter.com/newtgingrich/status/696369599818772480 …,1855,5412,,
696447301783592961,2016-02-07 15:35:50,"Thank you- Plymouth, New Hampshire! # FITN # NHPrimarypic.twitter.com/1hzn6iZIEw",1612,5171,"#FITN,#NHPrimarypic",
696463477104365568,2016-02-07 16:40:07,I am in New Hampshire having a great time! Loved the # GOPDebate last night! Everybody enjoy the Super Bowl. # SuperBowlSunday # SB50,1901,7642,"#GOPDebate,#SuperBowlSunday,#SB50",
696514666843996160,2016-02-07 20:03:31,So far the Super Bowl is very boring - not nearly as exciting as politics - MAKE AMERICA GREAT AGAIN!,13822,27136,,
696665030549487616,2016-02-08 06:01:01,"My two wonderful sons, Don and Eric, will be on @ foxandfriends at 7:02 - now! Enjoy.",862,4430,,@foxandfriends
696669855416766467,2016-02-08 06:20:11,Jeb Bush has zero communication skills so he spent a fortune of special interest money on a Super Bowl ad. He is a weak candidate!,2931,9519,,
696732694135312386,2016-02-08 10:29:53,"Thank you for your support at this mornings Town Hall- in Salem, New Hampshire. # FITN # NHPrimarypic.twitter.com/4m6dabtxCV",1266,4426,"#FITN,#NHPrimarypic",
696733541313474566,2016-02-08 10:33:15,Jeb Bush is desperate - strongly in favor of # CommonCore and very weak on illegal immigration.,1841,5441,#CommonCore,
696734735578615808,2016-02-08 10:38:00,Everybody is laughing at Jeb Bush-spent $100 million and is at bottom of pack. A pathetic figure!,2433,6768,,
696763168178204672,2016-02-08 12:30:59,America needs strong leadership. Politicians can talk but they don’t get things done. Video: https://www.facebook.com/DonaldTrump/videos/10156620333635725/ …pic.twitter.com/lBXXyuZAcO,2768,7707,,
696781378596302848,2016-02-08 13:43:20,"Today's third stop- Londonderry, New Hampshire! Thank you! # FITN # VoteTrumpNHpic.twitter.com/pRpcxaZ7ov",1316,4450,"#FITN,#VoteTrumpNHpic",
696782375863394304,2016-02-08 13:47:18,"Now that Bush has wasted $120 million of special interest money on his failed campaign, he says he would end super PACs. Sad!",2840,7324,,
696821227739082757,2016-02-08 16:21:41,# VoteTrumpNH # NHPrimary # FITNhttp://youtu.be/jp3rQ9XKsTg,1537,4089,"#NHPrimary,#FITNhttp",
696881322858573826,2016-02-08 20:20:29,"Thank you, New Hampshire! # FITN # NHPrimary # VoteTrumpNH Voting questions? http://www.donaldjtrump.com/new-hampshire pic.twitter.com/1tZfqVETrX",2066,5631,"#FITN,#NHPrimary,#VoteTrumpNH",
696908121327980545,2016-02-08 22:06:58,"Thank you, New Hampshire! # FITNpic.twitter.com/uZItWkqQZa",2198,7052,#FITNpic,
697027290820186112,2016-02-09 06:00:30,"Remember @ JebBush wants COMMON CORE (education from D.C.) and is very weak on ILLEGAL IMMIGRATION (""come as act of love""). Not a leader!",1706,4743,,@JebBush
697029254584934400,2016-02-09 06:08:19,"I know the ""Governors"" and Jeb Bush, who has gone nasty with lies, is by far the weakest of the lot. His family used private eminent domain!",1618,4863,,
697031343272812544,2016-02-09 06:16:37,No-one has done more for people with disabilities than me. I have spent many millions of dollars to help out-and am happy to have done so!,2053,6660,,
697033106608541697,2016-02-09 06:23:37,The polls are now showing that I am the best to win the GENERAL ELECTION. States that are never in play for Repubs will be won by me. Great!,3210,9624,,
697050425195941888,2016-02-09 07:32:26,I will be interviewed on @ foxandfriends at 8:40. A.M. Enjoy!,656,3415,,@foxandfriends
697051619427397633,2016-02-09 07:37:11,MAKE AMERICA GREAT AGAIN!,7288,13199,,
697062728582766592,2016-02-09 08:21:19,Thank you for a great night at the Verizon Wireless Arena- New Hampshire! # VoteTrumpNH # MakeAmericaGreatAgain # FITNpic.twitter.com/pbt7gDaw7y,1681,5402,"#VoteTrumpNH,#MakeAmericaGreatAgain,#FITNpic",
697065472425123840,2016-02-09 08:32:14,A message to the great people of New Hampshire on this important day! # VoteTrumpNH Video: https://www.facebook.com/DonaldTrump/videos/10156623696310725/ …pic.twitter.com/9WwRWnvqiv,2088,5084,#VoteTrumpNH,
697077741640880129,2016-02-09 09:20:59,You can find your polling locations at: http://www.donaldjtrump.com/new-hampshire # FITN # NHPrimary # VoteTrumpNHpic.twitter.com/8lREIqhIuN,1647,4091,"#FITN,#NHPrimary,#VoteTrumpNHpic",
697099208415903744,2016-02-09 10:46:17,New Hampshire vote today - MAKE AMERICA GREAT AGAIN!,2980,8656,,
697173206663213057,2016-02-09 15:40:19,"ISIS is making big threats today - no respect for U.S.A. or our ""leader"" - If I win it will be a very different story,with very fast results",6370,16561,,
697182075045179392,2016-02-09 16:15:34,We will immediately repeal and replace ObamaCare - and nobody can do that like me. We will save $'s and have much better healthcare!,11436,17438,,
697183070357753862,2016-02-09 16:19:31,We will stop heroin and other drugs from coming into New Hampshire from our open southern border. We will build a WALL and have security.,4933,14993,,
697263254083489792,2016-02-09 21:38:08,"Thank you, New Hampshire! Departing with my amazing family now! # FITN # NHPrimary https://www.facebook.com/DonaldTrump/posts/10156626180645725:0 …pic.twitter.com/73aoZk8uMG",3484,12263,"#FITN,#NHPrimary",
697263333959995393,2016-02-09 21:38:27,"Thank you to the people of New Hampshire, I love you! Now, off to South Carolina.",4431,15023,,
697286805125726208,2016-02-09 23:11:43,""" @ MarkHalperin: My report card grades for the 2 New Hampshire winners: DonaldTrump A: v strong energy/close. BernieSanders B+: went too long",1384,4968,,@MarkHalperin
697404309814800385,2016-02-10 06:58:39,"Dopey Mort Zuckerman, owner of the worthless @ NYDailyNews, has a major inferiority complex. Paper will close soon!",1650,5150,,@NYDailyNews
697404578019598336,2016-02-10 06:59:43,"Worthless @ NYDailyNews, which dopey Mort Zuckerman, is desperately trying to sell, has no buyer! Liabilities are massive!",1557,4969,,@NYDailyNews
697404736211959808,2016-02-10 07:00:20,"Like the worthless @ NYDailyNews, looks like @ politico will be going out of business. Bad reporting- no money, no cred!",1749,5645,,"@NYDailyNews,@politico"
697414064763510784,2016-02-10 07:37:25,Such a great experience in New Hampshire - amazing people! Will be leaving for a big event in South Carolina today.,2114,8699,,
697440600535203842,2016-02-10 09:22:51,"So funny, Jeb Bush called me a ""highly gifted politician and a great entertainer"" - I assume that is a compliment!",3018,11366,,
697568064611561472,2016-02-10 17:49:21,Big speech tonight in South Carolina - 7:00 P.M. Tremendous crowd!,1514,5978,,
697594507777482752,2016-02-10 19:34:25,I was referring to the fact that Jeb Bush wants to keep common core.,1331,4473,,
697595370940006400,2016-02-10 19:37:51,""" @ HARyder: Which is it @ realDonaldTrump ?Are you planning on getting rid of Common Core or keeping it? Get rid of it fast.",1230,4375,,"@HARyder,@realDonaldTrump"
697604044269953025,2016-02-10 20:12:19,"THANK YOU- Clemson, South Carolina! # MakeAmericaGreatAgain # SCPrimarypic.twitter.com/FgACmaFxxc",3042,8826,"#MakeAmericaGreatAgain,#SCPrimarypic",
697613947655086080,2016-02-10 20:51:40,I have been consistent in my opposition to Common Core. Get rid of Common Core--- keep education local!,5277,13726,,
697785447771172864,2016-02-11 08:13:09,There are no buyers for the worthless @ NYDailyNews but little Mort Zuckerman is frantically looking. It is bleeding red ink - a total loser!,1695,5603,,@NYDailyNews
697800242553581570,2016-02-11 09:11:56,"Jeb Bush spent more than $40,000,000 in New Hampshire to come in 4 or 5, I spent $3,000,000 to come in 1st. Big difference in capability!",3572,10028,,
697807321167224832,2016-02-11 09:40:04,". @ MarkHalperin showed a focus group on @ Morning_Joe me using a very bad word. I never said the word, left an open blank. Please apologize!",1483,4142,,"@MarkHalperin,@Morning"
697815901190619136,2016-02-11 10:14:10,"Remember, it was the Republican Party, with the help of Conservatives, that made so many promises to their base, BUT DIDN'T KEEP THEM! Hi DT",2685,6533,,
697825190282182656,2016-02-11 10:51:04,He (or she) who hesitates is lost: MAKE AMERICA GREAT AGAIN!,2682,7389,,
697869206893756416,2016-02-11 13:45:59,Jeb failed as Jeb! He gave up and enlisted Mommy and his brother (who got us into the quicksand of Iraq). Spent $120 million.Weak-no chance!,2348,7357,,
697882687923752961,2016-02-11 14:39:33,"We are getting reports from many voters that the Cruz people are back to doing very sleazy and dishonest ""pushpolls"" on me. We are watching!",3773,9382,,
697919015688278016,2016-02-11 17:03:54,"Heading to Baton Rouge, Louisiana for a speech. Expecting a very large crowd! See you soon. # Trump2016 # MakeAmericaGreatAgain",1648,5348,"#Trump2016,#MakeAmericaGreatAgain",
697922955007893506,2016-02-11 17:19:33,""" @ truthinvest: @ CNN @ tedcruz @ realDonaldTrump Ted Cruz is the definition of sleaze. Just ask @ RealBenCarson""",1692,4563,,"@truthinvest,@CNN,@tedcruz,@realDonaldTrump,@RealBenCarson"
697944232997294080,2016-02-11 18:44:06,Cruz caught cold in lie after denial of push polls like lies w/ @ RealBenCarson. How can he preach Christian values?http://www.politico.com/story/2016/02/donald-trump-ted-cruz-south-carolina-push-polls-219158#ixzz3zuAXvW83 …,2555,5521,,@RealBenCarson
697949869961568256,2016-02-11 19:06:30,"Just landed in Baton Rouge, Louisiana. Reports are out that lines are three quarters of a mile to get in. Wow! # MakeAmericaGreatAgain",2254,7760,#MakeAmericaGreatAgain,
697985595554066437,2016-02-11 21:28:28,"THANK YOU- Baton Rouge, Louisiana! WE will # MakeAmericaGreatAgain! # Trump2016pic.twitter.com/XV7EIe7A2l",3961,9980,"#MakeAmericaGreatAgain,#Trump2016pic",
697996266345795585,2016-02-11 22:10:52,Weak JEB getting thrown out by management during speech. Do you think he will be this tough on Putin & others?https://www.youtube.com/watch?v=9OE_lHQZGuM …,2180,5319,,
697998702477242369,2016-02-11 22:20:33,"Lying Cruz put out a statement, “Trump & Rubio are w/Obama on gay marriage."" Cruz is the worst liar, crazy or very dishonest. Perhaps all 3?",3478,9359,,
698115252844634112,2016-02-12 06:03:41,How can Ted Cruz be an Evangelical Christian when he lies so much and is so dishonest?,5487,11405,,
698156678496305152,2016-02-12 08:48:17,NEVADA! Tomorrow is the deadline to register Republican. Visit: http://www.DonaldJTrump.com/NV Message from @ IvankaTrump:https://www.facebook.com/DonaldTrump/videos/10156633253035725/ …,2273,4202,,@IvankaTrump
698179564107886592,2016-02-12 10:19:14,"The failing @ NYDailyNews, destroyed by little Morty Zuckerman, is preparing to close and save face by going online. It's dead!",1408,4322,,@NYDailyNews
698205519383646208,2016-02-12 12:02:22,You must be registered Republican by February 16th to vote TRUMP in the Florida primary. http://www.DonaldJTrump.com/FL https://amp.twimg.com/v/908e8497-1176-46d7-838f-0cdd44c0b576 …,2572,4627,,
698210486437937153,2016-02-12 12:22:06,"Nothing conservative about the Club for Growth coming into my office and demanding a $1M contribution, which naturally, they did not get.",2074,5146,,
698210543467896832,2016-02-12 12:22:20,"After hearing the news that they would not be able to extort $1M from me, they went hostile w/ a series of incorrect & ill-informed ads.",1866,5278,,
698219929762398209,2016-02-12 12:59:38,Lightweight @ JebBush is spending a fortune of special interest against me in SC. False advertising- desperate and sad!,1728,5071,,@JebBush
698231571594276866,2016-02-12 13:45:53,"If @ TedCruz doesn’t clean up his act, stop cheating, & doing negative ads, I have standing to sue him for not being a natural born citizen.",4809,12102,,@TedCruz
698242702194954240,2016-02-12 14:30:07,"Last time lightweight @ JebBush tried to knock off @ marcorubio he made a total fool of himself. If he doesn't do better this time, he is out!",1565,4812,,"@JebBush,@marcorubio"
698254119631507457,2016-02-12 15:15:29,""" @ hillx123: @ tedcruz you have just been put on notice @ realDonaldTrump We Stand with you... # MakeAmericaGreatAgain"" Thankyou.",1103,3555,#MakeAmericaGreatAgain,"@hillx123,@tedcruz,@realDonaldTrump"
698259611833520129,2016-02-12 15:37:19,""" @ by @ tedcruz good I want to see the court decide what I was always told ""natural born"" means - born on American soil""",1343,4096,,"@by,@tedcruz"
698260813866471424,2016-02-12 15:42:05,""" @ copyover2001: @ realDonaldTrump Do Americans really want a Canadian-born president? First non native born in history?""",1430,4184,,"@copyover2001,@realDonaldTrump"
698263859753316352,2016-02-12 15:54:11,"Millions of $'s of false ads, paid for by lobbyists-special interests of cheater @ SenTedCruz and sleepy @ JebBush, are now running in S.C.",2322,5516,,"@SenTedCruz,@JebBush"
698283521245319168,2016-02-12 17:12:19,# MakeAmericaGreatAgain!https://twitter.com/gatewaypundit/status/698243988159991808 …,1784,4770,,
698303565232623616,2016-02-12 18:31:58,I will end illegal immigration and protect our borders! We need to MAKE AMERICA SAFE & GREAT AGAIN! # Trump2016https://amp.twimg.com/v/3986d86e-78e8-4510-8265-4918ee2c8f78 …,5314,10752,#Trump2016https,
698334356079833088,2016-02-12 20:34:19,"11,000 inside venue tonight in Tampa! Broke record set by Elton John in 1988 w/out musical instruments! Another 5,000 outside. Will be back!",3048,9636,,
698336821349117952,2016-02-12 20:44:07,When little Morty Zuckerman closes his failing @ NYDailyNews will I at least be given some credit? Will happen soon.,1026,3922,,@NYDailyNews
698338315205013504,2016-02-12 20:50:03,Word is that little Morty Zuckerman’s @ NYDailyNews loses more than $50 million per year---can that be possible?,1200,3881,,@NYDailyNews
698370366369038336,2016-02-12 22:57:25,Just got back from Tampa. It was an amazing evening with an even more amazing crowd - fantastic people! Will be in South Carolina tomorrow.,2057,8020,,
698522430847983616,2016-02-13 09:01:40,I am the only one who can fix this. Very sad. Will not happen under my watch! # MakeAmericaGreatAgainhttp://nypost.com/video/stomach-turning-moment-1400-workers-lost-their-jobs/ …,2188,4725,#MakeAmericaGreatAgainhttp,
698523060350140416,2016-02-13 09:04:10,""" @ jd4160: Nice column by Bill Donahue, head of Catholic League. He's a blue collar New Yorker and gets it http://www.newsmax.com/BillDonohue/trump-election-vote/2016/02/10/id/713649/ …""",1117,3147,,@jd4160
698526221525610496,2016-02-13 09:16:43,"Now an additional 600-700 jobs in America (2,000) being eliminated for move to Mexico- via Hartford Courant.pic.twitter.com/bOIYQLqGRG",2836,4700,,
698546455309611009,2016-02-13 10:37:07,"The RNC, which is probably not on my side, just illegally put out a fundraising notice saying Trump wants you to contribute to the RNC.",3184,5356,,
698546735652716545,2016-02-13 10:38:14,"Totally unauthorized, do not pay. I am self funding my campaign! Notice has just been withdrawn. # Trump2016 # MakeAmericaGreatAgain",1734,4602,"#Trump2016,#MakeAmericaGreatAgain",
698548066643800064,2016-02-13 10:43:32,"A very big thank you to Bill Donohue, head of The Catholic League, for the wonderful interview on @ CNN and article in Newsmax! Great insight",1135,3544,,@CNN
698549401082527744,2016-02-13 10:48:50,""" @ Bonfiredesigns: @ StellaDean Let's Get United In America With @ realDonaldTrump pic.twitter.com/a04Hne16Gp""",1390,3299,,"@Bonfiredesigns,@StellaDean,@realDonaldTrump"
698549517663260673,2016-02-13 10:49:18,""" @ nellalda: @ DonaldJTrump45 @ realDonaldTrump @ Reince They are all going crazy! We the people do not care at all! We are with Trump!!""",955,3046,,"@nellalda,@DonaldJTrump45,@realDonaldTrump,@Reince"
698549889316294663,2016-02-13 10:50:46,""" @ dj4k4000: @ realDonaldTrump @ CNN Trump will be our next POTUS..every American will benefit positivey from this.""",1045,3535,,"@dj4k4000,@realDonaldTrump,@CNN"
698551938531590145,2016-02-13 10:58:55,"""@Elvisfan1976: @ NRSC stop sending me emails asking me to donate and get a free DonaldTrump sticker. I support him and he's self funding!",1016,3158,,@NRSC
698552709281116160,2016-02-13 11:01:59,""" @ grammies28: @ realDonaldTrump was right! Vote trump! Bring our jobs back. https://twitter.com/conserv_tribune/status/698551761624133632 …"" I told you so, only going to get worse",1300,3245,,"@grammies28,@realDonaldTrump"
698557567254056960,2016-02-13 11:21:17,"""Get on Trump's List"" email from the RNC was not authorized. I am self funding my campaign! Do not pay. Email: https://www.facebook.com/DonaldTrump/posts/10156638670970725:0 …",2367,4332,,
698557683838947329,2016-02-13 11:21:45,"Thank you, South Carolina! We will MAKE AMERICA SAFE & GREAT AGAIN! https://www.facebook.com/DonaldTrump/posts/10156638082135725:0 …pic.twitter.com/QiO0nwcFSA",2354,5840,,
698565437844488192,2016-02-13 11:52:33,""" @ wino911: # Trump2016 We know better than to trust the RNC pic.twitter.com/EMcgtK25fE"" So cute!",3062,7703,#Trump2016,@wino911
698565809128472576,2016-02-13 11:54:02,""" @ BrandonSawyer84: @ realDonaldTrump will rule # SouthCarolinaPrimary! https://twitter.com/realDonaldTrump/status/698557683838947329 …""",1055,3319,#SouthCarolinaPrimary,"@BrandonSawyer84,@realDonaldTrump"
698588112994353152,2016-02-13 13:22:39,""" @ ThtsWhtKelSaid: I'm fed up w/ DC playing 3 card Monty w/ our tax $'s. It's time we the people play the Trump card, & take back our country",1631,4891,,@ThtsWhtKelSaid
698588558089707520,2016-02-13 13:24:26,""" @ AmFree: # Trump On # Ford, # Carrier, Shipping # Jobs To # Mexico: ‘I’m The Only One Who Understands What’s Going On’ http://www.breitbart.com/big-government/2016/02/12/exclusive-donald-trump-on-ford-carrier-shipping-jobs-to-mexico-im-the-only-one-who-understands-whats-going-on/ …""",1569,4021,"#Trump,#Ford,#Carrier,#Jobs,#Mexico",@AmFree
698634582120333314,2016-02-13 16:27:19,Love the people of South Carolina - look very much forward to the debate tonight.,1444,5608,,
698636369229385728,2016-02-13 16:34:25,The totally unexpected loss of Supreme Court Justice Antonin Scalia is a massive setback for the Conservative movement and our COUNTRY!,5461,13621,,
698658112031604736,2016-02-13 18:00:49,Wow! Honored to be chosen by the highly respected + accurate Washington & Lee Mock Convention. I hope you are right - I will make you proud!,2335,6838,,
698660826463539201,2016-02-13 18:11:36,Nasty Ted Cruz is at it again- same dirty tricks he used w/ @ RealBenCarson- saying I may not be on ballot & I hold liberal positions. LIES!,2499,6362,,@RealBenCarson
698661220258357248,2016-02-13 18:13:10,Ted Cruz is a cheater! He holds the Bible high and then lies and misrepresents the facts!,4636,9635,,
698677500491075585,2016-02-13 19:17:51,On the way to the # GOPDebate with my wonderful wife @ MelaniaTrump. https://instagram.com/p/BBv3e4Zmhcu/ pic.twitter.com/f0C429tvHO,3189,12843,#GOPDebate,@MelaniaTrump
698739578002403328,2016-02-13 23:24:32,Lightweight @ JebBush said tonight he didn't know his family used private eminent domain in Texas- Lie! # GOPDebate,2206,6442,#GOPDebate,@JebBush
698742963447451648,2016-02-13 23:37:59,How can @ JebBush beat Hillary Clinton- if he can't beat anyone else on the # GOPDebate stage with $150M? I am the only one who can!,2649,7928,#GOPDebate,@JebBush
698751641873444864,2016-02-14 00:12:28,"All polls have me winning debate big- Drudge, TIME, etc. Dopey Charles Krauthammer still nasty. He has zero cred- totally dishonest!",2135,6872,,
698752909236969472,2016-02-14 00:17:30,# MakeAmericaGreatAgain!pic.twitter.com/Cwp6Ub5GqJ,2579,6628,,
698755140602499073,2016-02-14 00:26:22,Hey @ glennbeck- see how I beat your boy Ted- in your own Blaze poll? Your endorsement means nothing! # GOPDebate,4262,11333,#GOPDebate,@glennbeck
698758514559340544,2016-02-14 00:39:46,# GOPDebate # GoogleTrendspic.twitter.com/yVxFubckNs,3376,8828,#GoogleTrendspic,
698837314894766080,2016-02-14 05:52:54,""" @ jeffpaine: @ realDonaldTrump you crushed the debate! Thank you!",1176,4569,,"@jeffpaine,@realDonaldTrump"
698853277706784772,2016-02-14 06:56:20,"Even though every poll, Time, Drudge etc., has me winning the debate by a lot, @ FoxNews only puts negative people on. Biased - a total joke!",2490,7511,,@FoxNews
698854046447333376,2016-02-14 06:59:23,""" @ autumnandews08: @ realDonaldTrump @ JebBush Jeb is incompetent and will lose, don't waste your energy on that cry baby!""",1626,5740,,"@autumnandews08,@realDonaldTrump,@JebBush"
698882048069652480,2016-02-14 08:50:39,This shows what a complete & total liar Ted Cruz is- he said he wouldn't have nominated John Roberts. Really?http://www.nationalreview.com/article/214989/right-stuff-ted-cruz …,2914,6000,,
698882145297764353,2016-02-14 08:51:02,I will be on Face the Nation with John Dickerson on CBS this morning. Enjoy!,1072,4910,,
698921597466472448,2016-02-14 11:27:48,Thank you for your support! TOGETHER we will MAKE AMERICA GREAT AGAIN! https://www.facebook.com/DonaldTrump/posts/10156642768615725:0 …pic.twitter.com/VxyuDwZmC9,4038,10601,,
698973988891009024,2016-02-14 14:55:59,"Loved the debate last night, and almost everyone said I won, but the RNC did a terrible job of ticket distrbution. All donors & special ints",2706,9268,,
698976776115130369,2016-02-14 15:07:04,Tickets for future debates should be put out to the general public instead of being given to the lobbyists & special interests - the bosses!,6135,17740,,
698977598844637185,2016-02-14 15:10:20,"Wow, in the new CBS Poll I went way up into the forties! Thank you!",3062,10390,,
698990680719360000,2016-02-14 16:02:19,"Ted Cruz, along with Jeb Bush, pushed Justice John Roberts onto the Supreme Court. Roberts could have killed ObamaCare twice, but didn't!",3245,8329,,
699187712553807872,2016-02-15 05:05:15,"Funny that Jeb(!) didn't want help from his family in his failed campaign and didn't even want to use his last name.Then mommy, now brother!",2697,8245,,
699207531118383105,2016-02-15 06:24:00,"Jeb Bush and Ted Cruz are not electable presidential candidates, Hillary would destroy them. Ted may not be eligible to run - born in Canada",2752,8255,,
699230466130513921,2016-02-15 07:55:08,"I will be in South Carolina all week. Saturday is BIG, BIG, BIG! Get out and vote - MAKE AMERICA GREAT AGAIN",2483,7084,,
699232824990285824,2016-02-15 08:04:31,"Now that George Bush is campaigning for Jeb(!), is he fair game for questions about World Trade Center, Iraq War and eco collapse? Careful!",5809,14687,,
699283203027292161,2016-02-15 11:24:42,"I'd like to call JEB a liar, but the truth is he has no clue & never revealed that he used Eminent Domain- when criticizing me! (1/2)",1861,5558,,
699283248506105856,2016-02-15 11:24:53,Jeb used Eminent Domain & took advantage of a disabled vet in the process. (2/2) http://newswithviews.com/Nelson/kelleigh272.htm …,2308,5219,,
699284455282884612,2016-02-15 11:29:40,"JEB is a hypocrite! Used massive private ""Eminent Domain"" --- Just another clueless politician!http://theconservativetreehouse.com/2016/02/08/governor-jeb-bush-has-a-much-more-serious-eminent-domain-problem-than-donald-trump/ …",2570,5906,,
699328126631870465,2016-02-15 14:23:12,RESPONSE TO THE LIES OF SENATOR CRUZ: http://on.fb.me/1oEy2uj # Trump2016 # VoteTrumpSC,2573,5684,"#Trump2016,#VoteTrumpSC",
699341413448871936,2016-02-15 15:16:00,Thank you for your continued support! # MakeAmericaGreatAgainpic.twitter.com/cykncrrSRE,2903,8221,#MakeAmericaGreatAgainpic,
699441442041815040,2016-02-15 21:53:29,"What a night! 10,000 amazing supporters in Greenville, South Carolina! THANK YOU! VOTE on Saturday! # VoteTrumpSCpic.twitter.com/jXYLRDayB7",3352,10176,#VoteTrumpSCpic,
699447731606130688,2016-02-15 22:18:28,New South Carolina poll from PPP. Thank you! # VoteTrumpSCpic.twitter.com/6618Oi6vle,2904,7694,#VoteTrumpSCpic,
699546805143523328,2016-02-16 04:52:09,Spent the full day at meetings and a major rally yesterday in South Carolina. Great people and spirit. Today will be more of the same.,1714,6613,,
699554325622886400,2016-02-16 05:22:02,"New PPP Poll just out - Trump up big, Cruz, Rubio and Bush down. The debate results, even with a stacked RNC audience, were wonderful!",2593,7932,,
699573221633425408,2016-02-16 06:37:08,Thank you! # MakeAmericaGreatAgainpic.twitter.com/tIBB3BMUvp,3422,8031,#MakeAmericaGreatAgainpic,
699654401481449472,2016-02-16 11:59:42,Just sat down for a great interview with @PHussionWYFF in Greenville today. Watch at 5pm. An amazing day in South Carolina! # VoteTrumpSC,1252,4134,#VoteTrumpSC,@PHussionWYFF
699659811420553217,2016-02-16 12:21:12,# TeamTrump is thinking of Captain Andrew Maitner. A true American hero. # MaitnerStrong https://www.facebook.com/DonaldTrump/posts/10156650738555725:0 …pic.twitter.com/uLuDOHEIB2,1686,5277,#MaitnerStrong,
699702258792034304,2016-02-16 15:09:52,"Thank you to the 2,500+ in North Augusta, South Carolina. Lines down the block! Don't forget to VOTE on Saturday!pic.twitter.com/KayUN9rfIV",2573,8358,,
699728584575946754,2016-02-16 16:54:29,"Thank you, South Carolina! # MakeAmericaGreatAgain # Trump2016pic.twitter.com/pIDqnY4IL3",2662,6613,"#MakeAmericaGreatAgain,#Trump2016pic",
699733970158800898,2016-02-16 17:15:53,Will be interviewed by @ StephenAtHome tonight by phone- a late show first @ CBS @ colbertlateshow. Enjoy! # Colbert # LSSC,1380,3931,"#Colbert,#LSSC","@StephenAtHome,@CBS,@colbertlateshow"
699791469532594177,2016-02-16 21:04:22,"Explain to @ brithume and @ megynkelly, who know nothing, that I will beat Hillary and win states (and dem-indie votes) that no other R can!",2501,5766,,"@brithume,@megynkelly"
699793608963198978,2016-02-16 21:12:52,". @ brithume thinks that when Republicans drop out of the race, someone will pick up ALL of that vote. The fact is I will get much of it!",2104,5262,,@brithume
699794784509108224,2016-02-16 21:17:32,""" @ Good2bqueen67: @ brithume @ megynkelly They're too lame to get it, Sir. When you win the election they'll get it.""",1738,4076,,"@Good2bqueen67,@brithume,@megynkelly"
699801607177945088,2016-02-16 21:44:39,Thank you @ kayleighmcenany for your nice words - great knowledge and style! We are doing really well in South Carolina. @ CNN @ donlemon,1757,4115,,"@kayleighmcenany,@CNN,@donlemon"
699802531992629248,2016-02-16 21:48:19,""" @ debdew2: @ brithume @ megynkelly @ DiamondandSilk FOX: TRUMP HATERS R SCARED BECAUSE THEY LOSE - TRUMP IS WINNING pic.twitter.com/6umGLYjWhT""",3490,8536,,"@debdew2,@brithume,@megynkelly,@DiamondandSilk"
699805136038846464,2016-02-16 21:58:40,"Why does @ megynkelly devote so much time on her shows to me, almost always negative? Without me her ratings would tank. Get a life Megyn!",4109,12104,,@megynkelly
699909634279268352,2016-02-17 04:53:55,""" @ ChJLuc91: @ YomasterJon @ RichardTBurnett Scary how smoothly Cruz looks into the camera and lies about Trump, CANT be # POTUS! # Trump2016""",1936,4125,"#POTUS,#Trump2016","@ChJLuc91,@YomasterJon,@RichardTBurnett"
699913243251339265,2016-02-17 05:08:15,"Interesting how President Obama so haltingly said I ""would never be president"" - This from perhaps the worst president in U.S. history!",7657,19141,,
699966498819940353,2016-02-17 08:39:52,". @ lindseygraham, who had zero in his presidential run before dropping out in disgrace- saying the most horrible things about me on @ FoxNews.",2364,4819,,"@lindseygraham,@FoxNews"
699966633918525441,2016-02-17 08:40:24,"I will beat Hillary easily, but Lindsey Graham says I won't, and yet he got zero against me- no cred! Why does FOX put him on?",2741,6998,,
699968804311470080,2016-02-17 08:49:02,. @ FoxNews is so biased it is disgusting. They do not want Trump to win. All negative!,24141,10546,,@FoxNews
699989306333650944,2016-02-17 10:10:30,"Just out Nevada poll shows Jeb Bush at 1%, he should take his dumb mouthpiece, @ LindseyGrahamSC, and just go home.",3213,7073,,@LindseyGrahamSC
699989532180135936,2016-02-17 10:11:24,"Jeb Bush just got contact lenses and got rid of the glasses. He wants to look cool, but it's far too late. 1% in Nevada!",7745,15126,,
699992347115982848,2016-02-17 10:22:35,# MakeAmericaGreatAgain # Trump2016pic.twitter.com/uMLm0Gd3lX,3145,6601,#Trump2016pic,
699994606264586242,2016-02-17 10:31:34,Thank you Nevada! # MakeAmericaGreatAgain # Trump2016pic.twitter.com/n6hGfdCWuv,3847,7884,"#MakeAmericaGreatAgain,#Trump2016pic",
699995449718153217,2016-02-17 10:34:55,THANK YOU AMERICA! # MakeAmericaGreatAgain # Trump2016pic.twitter.com/TRrdR0nlpM,4200,8988,"#MakeAmericaGreatAgain,#Trump2016pic",
700096775454138368,2016-02-17 17:17:33,"Join us tomorrow in Kiawah, South Carolina! # SCPrimary # VoteTrumpSC # Trump2016https://www.eventbrite.com/e/donald-j-trump-in-kiawah-sc-tickets-21634119233 …",2138,4212,"#SCPrimary,#VoteTrumpSC,#Trump2016https",
700269643789955074,2016-02-18 04:44:28,"Amazing that while I lead by big numbers in the new Q and and USA Today polls, the the press only wants to report on the phony WSJ/NBC poll.",3227,7432,,
700271935276634113,2016-02-18 04:53:34,"The just out USA Today National Poll, where I lead by big numbers, shows that in a head to head matchup, I beat both Hillary and Bernie.",3570,8892,,
700280013107523584,2016-02-18 05:25:40,I love being in South Carolina. We are leading big in all of the State polls - Saturday is a BIG day. MAKE AMERICA GREAT AGAIN!,2697,6396,,
700295391842058240,2016-02-18 06:26:46,New CBS National Poll just out - massive lead for Trump. The Wall Street Journal/NBC Poll is a total joke. No wonder WSJ is doing so badly!,2736,6368,,
700306531720499201,2016-02-18 07:11:02,Thank you America! # Trump2016 https://www.facebook.com/DonaldTrump/posts/10156657376720725:0 …pic.twitter.com/oqv2dSa1ET,3197,7066,#Trump2016,
700310777681592320,2016-02-18 07:27:55,# MakeAmericaGreatAgain # Trump2016pic.twitter.com/nrcrU08sQ6,2730,5471,#Trump2016pic,
700311461734850560,2016-02-18 07:30:38,"Thank you South Carolina! Together, WE WILL MAKE AMERICA GREAT AGAIN! # VoteTrumpSCpic.twitter.com/ZkXPm9lPL1",3767,8107,#VoteTrumpSCpic,
700320270620454912,2016-02-18 08:05:38,". @ FoxNews is changing their theme from ""fair and balanced"" to ""unfair and unbalanced."" But dying @ WSJ is worse.Their phony poll is a joke!",2692,5761,,"@FoxNews,@WSJ"
700321698780991488,2016-02-18 08:11:18,I agree with Marco Rubio that Ted Cruz is a liar!,3789,9564,,
700381146392195074,2016-02-18 12:07:32,Response to the Pope: https://www.facebook.com/DonaldTrump/posts/10156658168535725 …,3775,7153,,
700413065595113473,2016-02-18 14:14:22,"Join us tomorrow night in Charleston, South Carolina! # SCPrimary # Trump2016https://www.eventbrite.com/e/donald-j-trump-in-charleston-sc-tickets-21630449256 …",2179,3924,"#SCPrimary,#Trump2016https",
700413494580084738,2016-02-18 14:16:04,Join us Saturday night- for the South Carolina Primary Watch Party! # SCPrimary # Trump2016https://www.eventbrite.com/e/donald-j-trump-south-carolina-primary-watch-party-tickets-21731570713 …,2439,5030,"#SCPrimary,#Trump2016https",
700471960526987265,2016-02-18 18:08:24,We will MAKE AMERICA SAFE & GREAT AGAIN! # Trump2016 # VoteTrumpSC https://www.facebook.com/DonaldTrump/videos/10156659139295725/ …pic.twitter.com/3XpJvBZuk5,3444,7559,"#Trump2016,#VoteTrumpSC",
700472856350691329,2016-02-18 18:11:57,Tonight I will be on @ FoxNews with @ SeanHannity at 10pm and @ CNN w/ @ AndersonCooper at 10:10pm. Enjoy! # VoteTrumpSC # Trump2016,2525,5606,"#VoteTrumpSC,#Trump2016","@FoxNews,@SeanHannity,@CNN,@AndersonCooper"
700562845096804352,2016-02-19 00:09:32,""" @ KathyTravels777: ĺ @ andersoncooper Tonight on CNN @ realDonaldTrump was GREAT. Loved the intimacy of conversation w the people""",2020,5327,,"@KathyTravels777,@andersoncooper,@realDonaldTrump"
700754883125886976,2016-02-19 12:52:38,Thank you South Carolina! Everyone get out and vote tomorrow! We will # MakeAmericaGreatAgain!pic.twitter.com/Q2qxHINAHo,2158,5976,#MakeAmericaGreatAgain,
700755931420823553,2016-02-19 12:56:48,A message from @ IvankaTrump! # SCPrimary # VoteTrumpSC # MakeAmericaGreatAgain Video: https://www.facebook.com/DonaldTrump/videos/10156655608040725/ …pic.twitter.com/KEx85mQxEv,1380,3776,"#SCPrimary,#VoteTrumpSC,#MakeAmericaGreatAgain",@IvankaTrump
700779018405150722,2016-02-19 14:28:32,"I was asked about healthcare by Anderson Cooper & have been consistent- I will repeal all of # ObamaCare, including the mandate, period.",2101,5286,#ObamaCare,
700779139985440769,2016-02-19 14:29:01,"I was referring to a backstop for pre-existing conditions. I will eliminate the law, in its entirety, & replace it w/ something much better.",1450,4432,,
700779226715316224,2016-02-19 14:29:22,"I will replace it with private plans, health savings accounts, & allow purchasing across state lines. Maximum choice & freedom for consumer.",2232,5628,,
700779318260195330,2016-02-19 14:29:43,I’m self-funding and I am going to take care of the people – not the special interests and insurance companies like the other candidates.,3005,8507,,
700779489907892225,2016-02-19 14:30:24,"Remember, Cruz and Bush gave us Roberts who upheld # ObamaCare twice! I am the only one who will # MAKEAMERICAGREATAGAIN!",1951,5226,"#ObamaCare,#MAKEAMERICAGREATAGAIN",
700784179076853761,2016-02-19 14:49:02,# MakeAmericaGreatAgain # Trump2016https://twitter.com/joenbc/status/700765535768862722 …,1340,3883,#Trump2016https,
700784408870182913,2016-02-19 14:49:57,# MakeAmericaGreatAgain # Trump2016pic.twitter.com/6hP6PzPkY5,2193,5496,#Trump2016pic,
700787183872057344,2016-02-19 15:00:59,I have built so many great & complicated projects– creating tens of thousands of jobs-video: https://www.facebook.com/DonaldTrump/videos/10156655304665725/ …pic.twitter.com/4Q7oJHKoqV,2207,5759,,
700795170023825408,2016-02-19 15:32:43,I use both iPhone & Samsung. If Apple doesn't give info to authorities on the terrorists I'll only be using Samsung until they give info.,2951,7971,,
700795257181437954,2016-02-19 15:33:04,Hopefully others will follow suit. Our country needs & should demand security. It is time to get tough & be smart!,1693,5529,,
700796528844103680,2016-02-19 15:38:07,Boycott all Apple products until such time as Apple gives cellphone info to authorities regarding radical Islamic terrorist couple from Cal,3599,8908,,
700799329620140033,2016-02-19 15:49:15,"Just finished two major speeches in South Carolina. Big crowds, great people. Going for a third now!",1814,6483,,
700799986104029184,2016-02-19 15:51:51,MAKE AMERICA GREAT AGAIN!,7185,14652,,
701033104605999104,2016-02-20 07:18:11,""" @ dnmiller2000: @ realDonaldTrump I'm a Regan Dem and believe in your message! God bless you and your campaign!""",1169,3753,,"@dnmiller2000,@realDonaldTrump"
701033286223572992,2016-02-20 07:18:54,""" @ rwalkerTennesse: # SouthCarolina If you want a job next January @Vote_For_Trump today. @ realDonaldTrump will work for the people.""",1353,3945,#SouthCarolina,"@rwalkerTennesse,@Vote,@realDonaldTrump"
701043432354095108,2016-02-20 07:59:13,Lying # Ted Cruz just (on election day) came out with a sneak and sleazy Robocall. He holds up the Bible but in fact is a true lowlife pol!,1971,4837,#Ted,
701044235764502528,2016-02-20 08:02:25,""" @ Metazip: @ AnnCoulter @ DavidJMadeira TheTrump phenomenon summed up: “Leadership, Fighter and Winner.” Not a Liar https://twitter.com/IdnewFree/status/700918514375331840 …""",976,2699,,"@Metazip,@AnnCoulter,@DavidJMadeira"
701044380476375040,2016-02-20 08:02:59,"""@TrumpNewMedia: Get out & # VoteTrump if you don't # VoteTrump NOTHING will change it's that simple! # VoteTrump https://twitter.com/TrumpNewMedia/status/701032816423936001/photo/1pic.twitter.com/0QUSXERSql """,4675,10946,"#VoteTrump,#VoteTrump,#VoteTrump",
701044871587454976,2016-02-20 08:04:56,"""@FamilyRedsFans: @ FoxNews is really starting to campaign hard for marcorubio. # fairandbalancedmyass"" He is weak on illegal immigration!",1415,3851,#fairandbalancedmyass,@FoxNews
701045567783219201,2016-02-20 08:07:42,""" @ ResisTyr: Mr.Trump...BOTH Cruz AND Rubio are ineligible to be POTUS! It's a SLAM DUNK CASE!! Check it! http://powderedwigsociety.com/eligibility-of-cruz-and-rubio/ …""",1552,3395,,@ResisTyr
701062516911251456,2016-02-20 09:15:03,"""@TrumpNewMedia: WHY DOES TED CRUZ LIE SO MUCH? LET'S FACE IT TED NEVER CREATED EVEN 1 JOB HIS ENTIRE LIFE! # WATCH: https://www.youtube.com/watch?v=SK5LrA4KR0I …",1552,3940,#WATCH,
701063078071418884,2016-02-20 09:17:17,""" @ Blackan: # SCPrimary @ realDonaldTrump is the only one who will protect American interests. # MakeAmericaGreatAgain https://twitter.com/DanScavino/status/701061251426811905 …""",1199,3289,"#SCPrimary,#MakeAmericaGreatAgain","@Blackan,@realDonaldTrump"
701063288193421312,2016-02-20 09:18:07,""" @ BirgitOlsen1: @ realDonaldTrump @ Justice41ca @Vote_For_Trump EVERYBODY ON TWITTER GET OUT TO VOTE FOR TRUMP TODAY IN SOUTH CAROLINA""",1595,4455,,"@BirgitOlsen1,@realDonaldTrump,@Justice41ca,@Vote"
701063872615096320,2016-02-20 09:20:27,"""@micah_micahk: @ realDonaldTrump @ blackan @ DanScavino this veteran voted for Trump in TX early voting! pic.twitter.com/DTtUvc59NJ""",3319,8058,,"@realDonaldTrump,@blackan,@DanScavino"
701066624800059393,2016-02-20 09:31:23,I am the only candidate (in many years) who is self-funding his campaign. Lobbyists and $ interests totally control all other candidates!,3831,9853,,
701078699118989312,2016-02-20 10:19:21,""" @ JoeNBC: Trump expressed concerns months after the Iraq War began, while 60% of Americans still supported the war. pic.twitter.com/YmJBSgPRa7""",1867,4751,,@JoeNBC
701082607782592514,2016-02-20 10:34:53,""" @ Carolyn82471448: @ WayneDupreeShow @ realDonaldTrump All aboard the Trump Train!""",1303,4251,,"@Carolyn82471448,@WayneDupreeShow,@realDonaldTrump"
701084443889381377,2016-02-20 10:42:11,I wonder if President Obama would have attended the funeral of Justice Scalia if it were held in a Mosque? Very sad that he did not go!,10490,25833,,
701089616825159680,2016-02-20 11:02:44,Remember that Marco Rubio is very weak on illegal immigration. South Carolina needs strength as illegals and Syrians pour in. Don't allow it,3170,8275,,
701098843635580928,2016-02-20 11:39:24,"South Carolina voters have the future of our country in their hands. Vote now (today), and MAKE AMERICA GREAT AGAIN!",2832,8297,,
701162206914879490,2016-02-20 15:51:11,""" @ CarrollKuykend2: This veteran just voted @ realDonaldTrump in the SC primary, let's make America great again!""",2073,7217,,"@CarrollKuykend2,@realDonaldTrump"
701196121759068160,2016-02-20 18:05:57,People (pundits) gave me no chance in South Carolina. Now it looks like a possible win. I would be happy with a one vote victory! (HOPE),3450,13393,,
701240216745603073,2016-02-20 21:01:10,"What a great night. Thank you South Carolina, a special place with truly amazing people! LOVE",4946,16430,,
701269540844527616,2016-02-20 22:57:42,"""@mikeliberation: This is the best reaction shot I've ever seen lol # Trump2016""pic.twitter.com/jqxI7QoxEY",11003,25523,#Trump2016,
701363192669331456,2016-02-21 05:09:50,"Thank you @ SarahPalinUSA for your amazing help and support. Big win, leaving now for Atlanta and Nevada.The people of South Carolina got it!",2470,9650,,@SarahPalinUSA
701369894479273984,2016-02-21 05:36:28,I will be live on all of the major morning talk shows. Enjoy!,1698,6752,,
701374019644366848,2016-02-21 05:52:51,The failing @ WSJ Wall Street Journal should fire both its pollster and its Editorial Board. Seldom has a paper been so wrong.Totally biased!,3245,9476,,@WSJ
701435508283588608,2016-02-21 09:57:11,A quote was read from a parody account last night on MSNBC re: Jeb.https://twitter.com/Lawrence/status/701261627065294851 …,1447,3875,,
701437415047700482,2016-02-21 10:04:46,Thank you South Carolina!https://twitter.com/ABC/status/701227042214260736 …,1935,6201,,
701558980682891266,2016-02-21 18:07:49,"THANK YOU Atlanta, Georgia! Leaving for Nevada now. Lets MAKE AMERICA SAFE AND GREAT AGAIN! https://www.facebook.com/DonaldTrump/posts/10156671493865725:0 …pic.twitter.com/WqvxMwJk2S",2888,8551,,
701743902093504512,2016-02-22 06:22:38,"A number of months ago, I was not expected to win South Carolina,Ted Cruz was, and yet I won in a landslide - every group and category. WIN!",2497,9916,,
701746070162792448,2016-02-22 06:31:15,""" @ EricTrump: Nevada we are on our way! # VoteTrumpNV # Trump2016 Caucus locator: http://www.donaldjtrump.com/nevada/caucus-finder/ … pic.twitter.com/bCRelzywxk""",1576,5544,"#VoteTrumpNV,#Trump2016",@EricTrump
701750410621497345,2016-02-22 06:48:30,"I am in Las Vegas, at the best hotel (by far), Trump International. I will be working with my wonderful teams and volunteers to WIN Nevada!",2622,9480,,
701762526158061568,2016-02-22 07:36:39,"The reason that Ted Cruz lost the Evangelicals in S.C. is because he is a world class LIAR, and Evangelicals do not like liars!",2882,7215,,
701763676378796033,2016-02-22 07:41:13,""" @ gregusp61: You really rocked them hard in S.C. Rubio and Cruz were pummled. So glad Jeb is gone! Next no liar!""",972,3796,,@gregusp61
701763900333649920,2016-02-22 07:42:06,"""@1sonny12: @ KSmith233035 @ mitchellvii FLORIDIANS ARE UPSET BECAUSE RUBIO DID NOT DO WHAT HE PROMISED ONCE HE WAS ELECTED! VOTE TRUMP""",1969,5235,,"@KSmith233035,@mitchellvii"
701779181986680832,2016-02-22 08:42:50,"I hear the Rickets family, who own the Chicago Cubs, are secretly spending $'s against me. They better be careful, they have a lot to hide!",8222,14242,,
701780921163259908,2016-02-22 08:49:44,""" @ ScotMReed: No matter what liar sleazeball @ rickwtyler says about @ tedcruz in Tennessee. We have early voting and @ realDonaldTrump has won.",1296,3987,,"@ScotMReed,@rickwtyler,@tedcruz,@realDonaldTrump"
701781556151517184,2016-02-22 08:52:16,""" @ SandraR677582: @ FLTrumpTeam Florida starts early voting on March 5 extending to March 15. Absentee ballots have been sent out! # Trump2016""",1505,3864,#Trump2016,"@SandraR677582,@FLTrumpTeam"
701801713385115648,2016-02-22 10:12:21,Many people are now saying I won South Carolina because of the last debate. I showed anger and the people of our country are very angry!,2262,7687,,
701842514760724480,2016-02-22 12:54:29,Thank you for your endorsement @ paulteutulsr! # BikersForTrump # VoteTrumpNV Video: https://www.facebook.com/DonaldTrump/videos/10156674068880725/ …pic.twitter.com/56gkQTM7oc,2070,5563,"#BikersForTrump,#VoteTrumpNV",@paulteutulsr
701868541545295872,2016-02-22 14:37:55,"It is so important to audit The Federal Reserve, and yet Ted Cruz missed the vote on the bill that would allow this to be done.",5766,10418,,
701870081827966976,2016-02-22 14:44:02,"Wow, Ted Cruz falsely suggested Marco Rubio mocked the Bible and was just forced to fire his Communications Director. More dirty tricks!",2972,7846,,
701871659150548993,2016-02-22 14:50:18,Ted Cruz has been playing an ad about me that is so ridiculously false - no basis in fact. Take ad down Ted. Biggest liar in politics!,2286,6665,,
701872910764343296,2016-02-22 14:55:16,Ted Cruz has now apologized to Marco Rubio and Ben Carson for fraud and dirty tricks. No wonder he has lost Evangelical support!,2852,7702,,
701875717504536576,2016-02-22 15:06:25,"Just saw the phony ad by Cruz - totally false, more dirty tricks. He got caught in so many lies - is this man crazy?",2341,6799,,
701876939095543808,2016-02-22 15:11:17,Ted Cruz should be disqualified from his fraudulent win in Iowa. Weak RNC and Republican leadership probably won't let this happen! Sad.,2194,6752,,
701924334621716480,2016-02-22 18:19:37,"I will be on @ seanhannity tonight- from Las Vegas, Nevada at 10pmE. Enjoy! # Hannity # Trump2016pic.twitter.com/mx5rxf4oHl",1517,4666,"#Hannity,#Trump2016pic",@seanhannity
701940652339122176,2016-02-22 19:24:27,Thank you Illinois! Great news! # VoteTrumpIL on 3/15! Trump 28% Cruz 15% Rubio 14% Kasich 13% Bush 8% Carson 6% Simon Poll/SIU,2168,6889,#VoteTrumpIL,
701941803327426560,2016-02-22 19:29:02,"Just watched the very incompetent Mitt Romney Campaign Strategist, Stuart Stevens. Now I know why Mitt lost so badly. Stevens is a clown!",1739,5771,,
701941907052634112,2016-02-22 19:29:26,WOW! Thank you Massachusetts! See you soon. # VoteTrumpMAhttp://bit.ly/1mTZSBnSCAVDJT,1739,5160,#VoteTrumpMAhttp,
701943239054532608,2016-02-22 19:34:44,Great poll! Thank you North Carolina! # VoteTrumpNC on 3/15! Trump 36% Cruz 18% Rubio 18% Carson 10% Kasich 7% Via @ SurveyUSA,2224,6558,#VoteTrumpNC,@SurveyUSA
701944029315923968,2016-02-22 19:37:52,Thank you Michigan! # VoteTrumpMI Trump 35% Kasich 17% Cruz 12% Rubio 12% Carson 9% Via: ARG,2882,8403,#VoteTrumpMI,
701945579333513216,2016-02-22 19:44:02,Thank you Vermont! # VoteTrumpVThttp://bit.ly/1T2JKMfDSCAVDJT,1269,4063,#VoteTrumpVThttp,
701954385404760064,2016-02-22 20:19:01,Great Town Hall tonight at 10:00 P.M. (Eastern) conducted by @ seanhannity on @ FoxNews,1153,4109,,"@seanhannity,@FoxNews"
701956476571512832,2016-02-22 20:27:20,"A big fat hit job on @ oreillyfactor tonight. A total waste of time to watch, boring and biased. @ brithume said I would never run, a dope!",1726,5425,,"@oreillyfactor,@brithume"
701957484328583168,2016-02-22 20:31:20,Ted Cruz said on @ oreillyfactor that illegals sent out of country by my administration would come right back as citizens. Another lie-crazy!,2204,6034,,@oreillyfactor
701977550315098113,2016-02-22 21:51:04,"Join me live- now in Las Vegas, Nevada! We will MAKE AMERICA SAFE & GREAT AGAIN! # VoteTrumpNV # NevadaCaucus http://rsbn.tv/live-stream-donald-trump-holds-rally-in-las-vegas-nv-2-22-16/ …",1255,4469,"#VoteTrumpNV,#NevadaCaucus",
701999802033111040,2016-02-22 23:19:29,"THANK YOU LAS VEGAS, NEVADA! # NevadaCaucus # VoteTrumpNV https://www.facebook.com/DonaldTrump/posts/10156676695120725:0 …pic.twitter.com/scdxT24Dye",2523,7328,"#NevadaCaucus,#VoteTrumpNV",
702140146343280640,2016-02-23 08:37:10,Ted Cruz only talks tough on immigration now because he did so badly in S.C. He is in favor of amnesty and weak on illegal immigration.,2381,5765,,
702141081027104769,2016-02-23 08:40:53,Wow was Ted Cruz disloyal to his very capable director of communication. He used him as a scape goat-fired like a dog! Ted panicked.,6127,10169,,
702147760926011393,2016-02-23 09:07:26,"Ted Cruz does not have the right ""temperment"" to be President. Look at the way he totally panicked in firing his director of comm. BAD!",2713,6535,,
702149896325890048,2016-02-23 09:15:55,Ted Cruz lifts the Bible high into the air and then lies like a dog-over and over again! The Evangelicals in S.C. figured him out & said no!,2277,6575,,
702155147695284224,2016-02-23 09:36:47,""" @ Vogelsong1: @ EdRollins gets it. Was just on @ FoxNews explaining how Trump wins the general election."" Thank you Ed!",1086,3735,,"@Vogelsong1,@EdRollins,@FoxNews"
702155553485619200,2016-02-23 09:38:24,""" @ jojo2foxy: TRUMP IS UNSTOPPABLE....HE IS WHAT COMMON SENSE AMERICANS WANT WHETHER REPUBLICAN, INDEPENDENT OR A REAGAN DEMOCRAT.",1680,5246,,@jojo2foxy
702157754283130884,2016-02-23 09:47:08,"I am growing the Republican Party tremendously - just look at the numbers, way up! Democrats numbers are significantly down from years past.",3172,8194,,
702158475091021828,2016-02-23 09:50:00,""" @ StevenMeyers11: @ Vogelsong1 @ EdRollins @ FoxNews Ed Rollins is the only one of those people that understands process & gets it right""",880,3215,,"@StevenMeyers11,@Vogelsong1,@EdRollins,@FoxNews"
702172591813857280,2016-02-23 10:46:06,"Join us in Sparks, Nevada today! # NevadaCaucus # VoteTrumpNVhttps://www.eventbrite.com/e/donald-j-trump-in-sparks-nv-tickets-21643760069 …",1114,3533,"#NevadaCaucus,#VoteTrumpNVhttps",
702178985430503424,2016-02-23 11:11:30,"Unlike the other Republican candidates, I will be in Nevada all day and night - I won't be fleeing, in and out. I love & invest in Nevada!",2769,9369,,
702180291448680448,2016-02-23 11:16:42,"Wow, great Ohio poll. Shows me leading by 5 points, beating K!",2120,7300,,
702194423048699905,2016-02-23 12:12:51,"Great. Just reported on @ FoxNews that many people who supported @ JebBush are now supporting me. I knew that would happen, pundits didn't!",3645,10937,,"@FoxNews,@JebBush"
702268900562448384,2016-02-23 17:08:48,Club for Growth is the group that came to my office seeking $1 million dollars. I told them no and now they are doing negative ads.,2192,5626,,
702270277560852480,2016-02-23 17:14:16,"Thank you Sparks, Nevada! # VoteTrumpNV # NevadaCaucus Finder: https://www.donaldjtrump.com/nevada/caucus-finder/ … https://www.facebook.com/DonaldTrump/posts/10156679258630725:0 …pic.twitter.com/sO5h9LmIMg",1658,5109,"#VoteTrumpNV,#NevadaCaucus",
702308297886400513,2016-02-23 19:45:21,My wife Melania will be on @ Morning_Joe tomorrow morning at 8:00. Interviewed by @ morningmika - Enjoy!,1305,4925,,"@Morning,@morningmika"
702310109100126208,2016-02-23 19:52:32,GO VOTE FROM NOW TO 8:30 P.M. NEVADA. I WILL BE AT VARIOUS CAUCUS SITES. MAKE AMERICA GREAT AGAIN!,1946,6891,,
702311041762332672,2016-02-23 19:56:15,Exclusive interview w/ my wife @ MELANIATRUMP- tomorrow morning @8amE on @ Morning_Joe w/ @ morningmika @ MSNBC. Enjoy!pic.twitter.com/FQSEKWxnwj,2136,6301,,"@MELANIATRUMP,@8amE,@Morning,@morningmika,@MSNBC"
702312059690622976,2016-02-23 20:00:18,Make sure you get on the Trump line and are not mislead by the Cruz people. They are bad! BE CAREFUL.,2993,8606,,
702367612232142848,2016-02-23 23:41:02,THANK YOU NEVADA! WE WILL MAKE AMERICA SAFE & GREAT AGAIN! https://www.facebook.com/DonaldTrump/posts/10156680424255725:0 …pic.twitter.com/zVvyVCIaD4,4887,12628,,
702378896621236224,2016-02-24 00:25:53,THANK YOU NEVADA! # Trump2016 # MakeAmericaGreatAgain @ Snapchat! Username: realdonaldtrump https://www.snapchat.com/add/realdonaldtrump …pic.twitter.com/uVBGpXzICo,2726,8619,"#Trump2016,#MakeAmericaGreatAgain",@Snapchat
702484363695370241,2016-02-24 07:24:58,Melania will be interviewed by @ morningmika on @ Morning_Joe now (8:30 A.M.). ENJOY!,917,4368,,"@morningmika,@Morning"
702519153446400000,2016-02-24 09:43:13,"@ MELANIATRUMP did great on television this morning. Poised, smart and strong, with a big heart - so much to offer. We are all proud of you!",1344,3484,,
702525836948336641,2016-02-24 10:09:46,Big defeat last night in Nevada for Ted Cruz and Marco Rubio. @ KarlRove on @ FoxNews is working hard to belittle my victory. Rove is sick!,2211,6881,,"@KarlRove,@FoxNews"
702526610646429696,2016-02-24 10:12:50,". @ USATODAY Poll and @ QuinnipiacPoll say that I beat both Hillary and Bernie, and I havn't even started on them yet!",3202,8465,,"@USATODAY,@QuinnipiacPoll"
702539414224936960,2016-02-24 11:03:43,I am self funding my campaign & don't owe anybody anything! I only owe it to the American people! # Trump2016 Watch:https://www.facebook.com/DonaldTrump/videos/10156681405075725/ …,3736,10926,#Trump2016,
702542084776001537,2016-02-24 11:14:20,I am in Virginia @ RegentU Presidential forum with Dr. Pat Robertson- beginning now! Watch here: http://www1.cbn.com/cbnnews – bei Regent University,1290,4520,,@RegentU
702560558269202433,2016-02-24 12:27:44,In all of television- the only one who said anything bad about last nights landslide victory-- was dopey @ KarlRove. He should be fired!,2230,7221,,@KarlRove
702561529447763968,2016-02-24 12:31:36,MAKE AMERICA GREAT AGAIN!pic.twitter.com/IVSR0hmh5g,3494,8491,,
702608081314816000,2016-02-24 15:36:35,"The polls show that I picked up many Jeb Bush supporters. That is how I got to 46%. When others drop out, I will pick up more. Sad but true",3254,11779,,
702632410341576704,2016-02-24 17:13:15,"Mitt Romney,who totally blew an election that should have been won and whose tax returns made him look like a fool, is now playing tough guy",3840,9214,,
702632760368885761,2016-02-24 17:14:39,""" @ Ward_II: Oh great @ MittRomney is doing a @ SenatorReid on @ realDonaldTrump like losing the presidency wasn't enough # Trump2016"" He's a fool",1673,5388,#Trump2016,"@Ward,@MittRomney,@SenatorReid,@realDonaldTrump"
702635699594469377,2016-02-24 17:26:19,"When Mitt Romney asked me for my endorsement last time around, he was so awkward and goofy that we all should have known he could not win!",3241,8280,,
702640425623003136,2016-02-24 17:45:06,"Why would Texans vote for ""liar"" Ted Cruz when he was born in Canada, lived there for 4 years-and remained a Canadian citizen until recently",7031,12727,,
702641468398292994,2016-02-24 17:49:15,"When Ted Cruz quits the race and the field begins to clear, I will get most of his votes - no problem!",2633,8831,,
702661309532409861,2016-02-24 19:08:05,". @ RepChrisCollins Chris, thank you so much for your wonderful endorsement. I will not let you down! @ CNN",1959,5817,,"@RepChrisCollins,@CNN"
702662052079390721,2016-02-24 19:11:02,""" @ ddpick18: @ realDonaldTrump This Texan will be voting Trump March 1st. Cruz is a fake Texan!""",1676,5423,,"@ddpick18,@realDonaldTrump"
702668337671708677,2016-02-24 19:36:01,""" @ GriceCindy: That's why we are angry. The Republican Establishment will not support you. You are who the American people want!""",1703,5414,,@GriceCindy
702671227048075264,2016-02-24 19:47:30,"Texas, Georgia & many more VOTE EARLY! This is a movement! # Trump2016 VOTE VIDEO: https://www.facebook.com/DonaldTrump/videos/10156683134825725/ …pic.twitter.com/o93j0A0BIR",2259,5907,#Trump2016,
702679486496706564,2016-02-24 20:20:19,Ted Cruz is lying again. Polls are showing that I do beat Hillary Clinton head to head. Check out http://U.S.A.Today Poll snd Q Poll.,2219,6054,,
702679818194841600,2016-02-24 20:21:38,""" @ ahernandez85a: @ realdonaldtrump Mr Tough Guy Romney should be backing Trump like Trump backed him last time # NoLoyalty""",1995,6065,#NoLoyalty,"@ahernandez85a,@realdonaldtrump"
702680136513155072,2016-02-24 20:22:54,""" @ HosierN: @ foxnewspolitics A vote for @ tedcruz or @ marcorubio is a vote for corruption, special interests and lobbyists. Trump for POTUS!",2037,5771,,"@HosierN,@foxnewspolitics,@tedcruz,@marcorubio"
702680558057422849,2016-02-24 20:24:34,""" @ Ausbiz: @ realDonaldTrump Trump is so impressive and no other politician has his passion & energy to # MakeAmericaGreatAgain",1451,4981,#MakeAmericaGreatAgain,"@Ausbiz,@realDonaldTrump"
702680874752540672,2016-02-24 20:25:50,""" @ Stevekwebb: @ realDonaldTrump Love it! @ tedcruz is done. We need someone who is proven. @ realDonaldTrump will make America Great Again""",1386,4945,,"@Stevekwebb,@realDonaldTrump,@tedcruz,@realDonaldTrump"
702685373420474369,2016-02-24 20:43:42,""" @ conservativevin: @ ahernandez85a Romney should have been a tough guy with Obama. He cowered and lost. BADLY! He's not relevant!""",2093,6215,,"@conservativevin,@ahernandez85a"
702687277189873664,2016-02-24 20:51:16,""" @ classyexplorer: @ ahernandez85a Romney is a pawn of the Establishment and has no individual thought process. He is jealous of Trump!""",2042,6280,,"@classyexplorer,@ahernandez85a"
702698194115944448,2016-02-24 21:34:39,""" @ ChatteringTeef: @ BornToBeGOP @ realDonaldTrump @ MittRomney hates to see Trump's success when he was so pathetic",1592,5394,,"@ChatteringTeef,@BornToBeGOP,@realDonaldTrump,@MittRomney"
702706412980453380,2016-02-24 22:07:19,Great new poll. Thank you Texas! # VoteTrump # MakeAmericaGreatAgainhttps://twitter.com/wfaachannel8/status/702663084154888193 …,2315,6387,"#VoteTrump,#MakeAmericaGreatAgainhttps",
702833969537142788,2016-02-25 06:34:11,"Mitt Romney, who was one of the dumbest and worst candidates in the history of Republican politics, is now pushing me on tax returns. Dope!",8045,20818,,
702887030892658688,2016-02-25 10:05:01,Why doesn’t @ MittRomney just endorse @ marcorubio already. Should have done it before NH or Nevada where he had a little sway. Too late now!,2120,6834,,"@MittRomney,@marcorubio"
702891487776866306,2016-02-25 10:22:44,"Just for your info, tax returns have 0 to do w/ someone’s net worth. I have already filed my financial statements w/ FEC. They are great!",2853,8510,,
702894623761498112,2016-02-25 10:35:12,Signing a recent tax return- isn't this ridiculous?pic.twitter.com/UdwqF4iZIZ,6034,15106,,
702896239520645121,2016-02-25 10:41:37,LETS MAKE AMERICA GREAT AGAIN! Schedule & tickets: http://www.donaldjtrump.com/schedule pic.twitter.com/GUQo1TMsMo,2355,5933,,
702897056181055493,2016-02-25 10:44:52,I'm going to do what @ MittRomney was totally unable to do- WIN!,5088,12971,,@MittRomney
702911293813080065,2016-02-25 11:41:26,Join me in Oklahoma tomorrow night! # MakeYoutubeGreatAgain # Trump2016https://www.eventbrite.com/e/donald-j-trump-in-oklahoma-city-tickets-22063276855 …,2579,7068,"#MakeYoutubeGreatAgain,#Trump2016https",
702913398154125312,2016-02-25 11:49:48,Thank you Illinois! # Trump2016pic.twitter.com/Ol0u2Krkwc,2690,7226,#Trump2016pic,
702930575083106304,2016-02-25 12:58:03,"Early on Ted Cruz said that if he didn't win South Carolina, it's over. He didn't win- and lost to me in a landslide!",2746,8935,,
702953023736250369,2016-02-25 14:27:15,"FMR PRES of Mexico, Vicente Fox horribly used the F word when discussing the wall. He must apologize! If I did that there would be a uproar!",4189,13471,,
702980499388669953,2016-02-25 16:16:26,THANK YOU! # MakeAmericaGreatAgain # Trump2016 https://www.facebook.com/DonaldTrump/posts/10156687171790725:0 …pic.twitter.com/0JCjfbcpJZ,3661,10016,"#MakeAmericaGreatAgain,#Trump2016",
703092155577831424,2016-02-25 23:40:07,Failed presidential candidate @ MittRomney was made to look like a fool by Senator Harry Reid & didn't release his tax returns until 9/21/12.,2135,5732,,@MittRomney
703095453496188929,2016-02-25 23:53:13,Thank you! WE WILL MAKE AMERICA GREAT AGAIN! # Trump2016pic.twitter.com/aht7wYVIUg,2581,7011,#Trump2016pic,
703099408271822849,2016-02-26 00:08:56,# MakeAmericaGreatAgain!https://twitter.com/markhalperin/status/703082293091569664 …,1139,3725,,
703109705900535808,2016-02-26 00:49:51,Thank you! # GOPDebate Polls # MakeAmericaGreatAgainpic.twitter.com/At5vOiLCSy,2734,7003,"#GOPDebate,#MakeAmericaGreatAgainpic",
703110347356409856,2016-02-26 00:52:24,# MakeAmericaGreatAgain # Trump2016pic.twitter.com/FvIUXMkrjj,2134,5629,#Trump2016pic,
703110934869336065,2016-02-26 00:54:44,"All the online polls have me winning the debate. I really enjoyed the evening. Not easy, but good.http://thehill.com/blogs/ballot-box/presidential-races/270873-trump-leads-post-debate-online-polls …",1852,6065,,
703111149764489216,2016-02-26 00:55:35,Big day in Texas tomorrow! Having a rally in Fort Worth. Tremendous crowd. Will be exciting! # Trump2016https://www.eventbrite.com/e/donald-j-trump-in-fort-worth-tx-tickets-22060100354 …,1831,5835,#Trump2016https,
703120811918385153,2016-02-26 01:33:59,""" @ morg25016893: @ eventbrite Also, all the things Rubio&Cruz were using for hits, just petty. Trump, clearly the only one w/all the skills.""",1265,4597,,"@morg25016893,@eventbrite"
703121060430901248,2016-02-26 01:34:58,"""@Indies4Trump: Vote Early in the # LoneStarState # SuperTuesday @ realDonaldTrump will # MakeAmericaGreatAgain http://fb.me/94mfDU7t8 """,1234,3898,"#LoneStarState,#SuperTuesday,#MakeAmericaGreatAgain",@realDonaldTrump
703121943944237056,2016-02-26 01:38:29,"""@Slytle24: @ davidaxelrod @ realDonaldTrump @ CNN he won almost all polls and Mark Halperin gave him an A-",1254,4428,,"@davidaxelrod,@realDonaldTrump,@CNN"
703194213752528896,2016-02-26 06:25:39,""" @ restorereality: Tonight you proved to America you are the real deal. You took fire from all sides, stayed composed, returned fire and WON!",1981,6928,,@restorereality
703194690498088961,2016-02-26 06:27:33,""" @ SkylerDeckard: @ realDonaldTrump ""that's because you've never hired anyone to do work before"" favorite line from tonights debate.""",1447,5381,,"@SkylerDeckard,@realDonaldTrump"
703195045151682560,2016-02-26 06:28:58,""" @ tdltdltdltdl: Marco Cruz and Ted Rubio (easy to get the two politicians confused) looked like desperate, panicked DC insiders tonight""",1880,6139,,@tdltdltdltdl
703195229181100032,2016-02-26 06:29:42,"""@donell27743094: @ realDonaldTrump trump won the debate. Disgusting Rubio said ""peed"" - is he still in junior high school.""",1431,5273,,@realDonaldTrump
703195301780172800,2016-02-26 06:29:59,""" @ MJP1370: @ realDonaldTrump Cruz talks about Hillary all the time because he knows he can't beat you ! Trump will win Texas !""",1327,5055,,"@MJP1370,@realDonaldTrump"
703195408747491328,2016-02-26 06:30:24,"""@WaltSeher: @ realDonaldTrump @ morg25016893 @ eventbrite yup 200 Polish immigrants were hired by his contractor not Trump""",1680,5148,,"@realDonaldTrump,@morg25016893,@eventbrite"
703217073724399616,2016-02-26 07:56:30,"I will be making a speech at 12:00 in Fort Worth, Texas. Really big crowd expected. Will be talking about the debate last night-plus, plus!",2015,7396,,
703218582310641667,2016-02-26 08:02:29,"Have a good chance to win Texas on Tuesday. Cruz is a nasty guy, not one Senate endorsement and, despite talk, gets nothing done. Loser!",5073,14049,,
703230455546404864,2016-02-26 08:49:40,Why would the people of Florida vote for Marco Rubio when he defrauded them by agreeing to represent them as their Senator and then quit!,3245,9563,,
703250152744550400,2016-02-26 10:07:56,Will be at Fort Worth (Texas) Convention Center at 11:30 A.M. Big crowd - get there early! Big announcement to be made!,2010,6629,,
703251956198875138,2016-02-26 10:15:06,Lying Ted Cruz and lightweight choker Marco Rubio teamed up last night in a last ditch effort to stop our great movement. They failed!,4056,12654,,
703252241487036417,2016-02-26 10:16:14,Lightweight choker Marco Rubio looks like a little boy on stage. Not presidential material!,3246,10039,,
703252552641478656,2016-02-26 10:17:29,"Wow, every poll said I won the debate last night. Great honor!",3125,12107,,
703257866820415488,2016-02-26 10:38:36,"Lightweight Marco Rubio was working hard last night. The problem is, he is a choker, and once a choker, always a choker! Mr. Meltdown.",3958,11872,,
703321647701307392,2016-02-26 14:52:02,They don't like Rubio in Florida- he left them high & dry. Doesn't even show up for votes!,2965,9116,,
703325481265815553,2016-02-26 15:07:16,Thank you for your support & friendship- Governor @ ChrisChristie! # MakeAmericaGreatAgain # Trump2016pic.twitter.com/jVI6Q6JH18,5256,16215,"#MakeAmericaGreatAgain,#Trump2016pic",@ChrisChristie
703326546686115840,2016-02-26 15:11:30,Never let them see you sweat!pic.twitter.com/qygVFf6JFF,7760,17880,,
703332298821775360,2016-02-26 15:34:21,"Thank you Texas! 10,000 amazing supporters! # Trump2016 # MakeAmericaGreatAgainpic.twitter.com/T2cBdktPbp",3550,10261,"#Trump2016,#MakeAmericaGreatAgainpic",
703401239266996225,2016-02-26 20:08:18,What I would do on my first day in office. # MakeAmericaGreatAgain Watch: https://www.facebook.com/DonaldTrump/videos/10156689716915725/ …pic.twitter.com/SzdZzYOnDG,3350,8564,#MakeAmericaGreatAgain,
703416483653652481,2016-02-26 21:08:53,""" @ donnieboysmith: @ realDonaldTrump in contrast to Rubio and Cruz you look like a giant. They look terribly weak"" Thank you!",1639,6072,,"@donnieboysmith,@realDonaldTrump"
703442830211964928,2016-02-26 22:53:34,""" @ itsblakec: @ realDonaldTrump Trump is a genius. Rubio and Cruz are not. I want a brilliant mind to run this country.""",1876,6428,,"@itsblakec,@realDonaldTrump"
703444081251254272,2016-02-26 22:58:32,""" @ JerryJrFalwell: A majority of evangelicals believe @ realDonaldTrump is best equipped to save the country. # Greta""",2306,6597,#Greta,"@JerryJrFalwell,@realDonaldTrump"
703446072216014848,2016-02-26 23:06:27,Thank you Pastor Robert Jeffress! # MakeAmericaGreatAgain # Trump2016pic.twitter.com/ndKu8m8RY2,3749,9020,"#MakeAmericaGreatAgain,#Trump2016pic",
703562075616849920,2016-02-27 06:47:25,""" @ SassyPantsjj: Michigan GOP poll 2/24/2016 Trump 35.5 Rubio 15.0 Cruz 14.3 Kasich 12.8 Carson 8.3 @ realDonaldTrump"" Wow!",1610,5285,,"@SassyPantsjj,@realDonaldTrump"
703567344212160512,2016-02-27 07:08:21,I will be on @ foxandfriends at 8:30 A.M. Will be talking about lightweight Marco Rubio and lying Ted Cruz!,1663,6276,,@foxandfriends
703596766801756162,2016-02-27 09:05:16,""" @ NeilTurner_: @ realDonaldTrump There's only one real candidate, and it's you! Donors control the other candidates! # VoteTrump"" Thank you.",1666,5681,#VoteTrump,"@NeilTurner,@realDonaldTrump"
703598661419167744,2016-02-27 09:12:47,I unfairly get audited by the I.R.S. almost every single year. I have rich friends who never get audited. I wonder why?,2142,7564,,
703600613897023488,2016-02-27 09:20:33,"Tax experts throughout the media agree that no sane person would give their tax returns during an audit. After the audit, no problem!",2724,8713,,
703601762876305409,2016-02-27 09:25:07,I am self-funding my campaign and am therefore not controlled by the lobbyists and special interests like lightweight Rubio or Ted Cruz!,5039,15084,,
703607992424345602,2016-02-27 09:49:52,Fun to watch the Democrats working so hard to win the great State of South Carolina when I just won the Republican version - amazing people!,2029,8343,,
703611696233852929,2016-02-27 10:04:35,"I only wish my wonderful father, Fred, gave me $200 million to start my business like lightweight Rubio says. He didn't - total fabrication!",3406,10897,,
703612722991075328,2016-02-27 10:08:40,"I started my business with very little and built it into a great company, with some of the best real estate assets in the World. Amazing!",3143,11154,,
703628555658264576,2016-02-27 11:11:35,". # RogerStone was just banned by @ CNN - their loss! Tough, loyal guy.",2310,5980,#RogerStone,@CNN
703691273455034369,2016-02-27 15:20:48,"Just watched lightweight Marco Rubio lying to a small crowd about my past record. He is not as smart as Cruz, and may be an even bigger liar",3966,11763,,
703711236865720320,2016-02-27 16:40:07,It was an honor to be the Grand Marshall- in the Salute to Israel Parade back in 2004.pic.twitter.com/G7G6HFP0Dh,3766,10455,,
703715567765737472,2016-02-27 16:57:20,"Incredibly proud of my son @ EricTrump & his efforts on behalf of @ StJude in Memphis, TN. https://www.facebook.com/DonaldTrump/videos/10156691124655725/ …pic.twitter.com/ZgxukBnQ3k",3118,10160,,"@EricTrump,@StJude"
703764924288409600,2016-02-27 20:13:27,THANK YOU Arkansas! Get out & # VoteTrump on Tuesday. We will MAKE AMERICA SAFE & GREAT AGAIN!pic.twitter.com/evoiSpn8PX,2930,8887,#VoteTrump,
703777173296046080,2016-02-27 21:02:08,We need to fix our broken education system! # StopCommonCore # MakeAmericaGreatAgain Video: https://www.facebook.com/DonaldTrump/videos/10156692264830725/ …pic.twitter.com/S8gQ6cibhC,3595,10332,"#StopCommonCore,#MakeAmericaGreatAgain",
703888318245773312,2016-02-28 04:23:47,""" @ RonnieMemo: DonaldTrump is a leader. He is a successful person that, like me, isn’t afraid to tell it like it is."" Governor @ ChrisChristie",1596,5250,,"@RonnieMemo,@ChrisChristie"
703894673086095362,2016-02-28 04:49:02,"""@tiarardis: @ FoxNews @ realDonaldTrump @ JudgeJeanine GO TRUMP""",1056,3743,,"@FoxNews,@realDonaldTrump,@JudgeJeanine"
703895967439970306,2016-02-28 04:54:11,""" @ sprivitor @ realDonaldTrump Marco 'Amnesty' Rubio is the front man of Amnesty. http://www.nytimes.com/2016/02/28/us/politics/marco-rubio-pushed-for-immigration-reform-with-conservative-media.html?_r=0 … # AlwaysTrump # Trump2016 # TrumpTrain",1607,3841,"#AlwaysTrump,#Trump2016,#TrumpTrain","@sprivitor,@realDonaldTrump"
703896353416617984,2016-02-28 04:55:43,""" @ fairess369: It is a sad commentary little boy Marco Rubio can't win in his home state. Floridians despise him as a opportunist phony.""",1689,5386,,@fairess369
703896507465015296,2016-02-28 04:56:19,"""@JimmyTheSaint09: @ realDonaldTrump @ RonnieMemo @ ChrisChristie anything is better than @ marcorubio""",977,3586,,"@realDonaldTrump,@RonnieMemo,@ChrisChristie,@marcorubio"
703900742961270784,2016-02-28 05:13:09,""" @ ilduce2016: “It is better to live one day as a lion than 100 years as a sheep.” – @ realDonaldTrump # MakeAmericaGreatAgain""",4349,9350,#MakeAmericaGreatAgain,"@ilduce2016,@realDonaldTrump"
703901249691901953,2016-02-28 05:15:10,""" @ CharlesHodgson1: A lot more water after this bombshell, Rubio. You are an enemy of America. @ realDonaldTrump https://t.co/TnEnxt5NTDG""",1340,4268,,"@CharlesHodgson1,@realDonaldTrump"
703904675289042945,2016-02-28 05:28:47,"While I hear the Koch brothers are in big financial trouble (oil), word is they have chosen little Marco Rubio, the lightweight from Florida",2717,6909,,
703915198864887810,2016-02-28 06:10:36,"The Republican Establishment has been pushing for lightweight Senator Marco Rubio to say anything to ""hit"" Trump.I signed the pledge-careful",2719,7607,,
703917643930210304,2016-02-28 06:20:19,"While Hillary and I both won South Carolina by big margins, Repubs got far more votes with a massive increase from past cycles.GROWING PARTY",3360,11212,,
703923471391264768,2016-02-28 06:43:28,I am the only Republican who will get large numbers of Dems and Indies (crossover). I will also get states that no other Republican can get.,3788,11210,,
703927132339216384,2016-02-28 06:58:01,Making a big speech in Alabama today. So many people we had to move to a football stadium! Come and join us!,3098,9989,,
703974892237135873,2016-02-28 10:07:48,"Little Marco Rubio, the lightweight no show Senator from Florida, is set to be the ""puppet"" of the special interest Koch brothers. WATCH!",3168,8323,,
703976101073309697,2016-02-28 10:12:36,# MakeAmericaGreatAgain # Trump2016https://www.eventbrite.com/e/donald-j-trump-in-columbus-oh-tickets-22295028029 …,1721,5446,#Trump2016https,
703984812105793536,2016-02-28 10:47:13,"Why would the people of Texas support Ted Cruz when he has accomplished absolutely nothing for them. He is another all talk, no action pol!",32427,37723,,
703996959544250373,2016-02-28 11:35:29,As I stated at the press conference on Friday regarding David Duke- I disavow.pic.twitter.com/OIXFKPUlz2,4627,8812,,
704000092840325120,2016-02-28 11:47:56,"Mitt Romney didn't show his tax return until SEPTEMBER 21, 2012, and then only after being humiliated by Harry R! A bad messenger for estab!",4419,7959,,
704000708236996608,2016-02-28 11:50:23,"Little Marco Rubio, the lightweight no show Senator from Florida is just another Washington politician.pic.twitter.com/NsLrHrqjdx",5104,11311,,
704001490759725058,2016-02-28 11:53:29,Lightweight Senator Marco Rubio is polling very poorly in Florida. The people can't stand him for missing so many votes - poor work ethic!,2639,7431,,
704002523980558336,2016-02-28 11:57:36,"""@EmaGabi23: Rubio was kicking back on his $80k boat he bought with lobbyist money and claimed it was from book sale profit lol""",2624,6781,,
704014599708876800,2016-02-28 12:45:35,Little Marco Rubio is just another Washington D.C. politician that is all talk and no action. # RobotRubiopic.twitter.com/HJWJeoZn4o,3737,8857,#RobotRubiopic,
704019808363352069,2016-02-28 13:06:17,"Little Marco Rubio gave amnesty to criminal aliens guilty of ""sex offenses."" DISGRACE!http://cis.org/vaughan/senate-bill-rewards-protects-lawbreakers-undermines-law-enforcement …",3036,6274,,
704023054813433856,2016-02-28 13:19:11,"Little Marco Rubio treated America's ICE officers ""like absolute trash"" in order to pass Obama's amnesty.http://www.breitbart.com/big-government/2016/02/19/eve-south-carolina-vote-nations-ice-officers-detail-marco-rubio-betrayed/ …",3092,6242,,
704026393865265156,2016-02-28 13:32:27,Phylis Schlafly: 'Marco Rubio Betrayed Us All'http://mobile.wnd.com/2016/02/schlafly-unloads-on-rubio-he-betrayed-us-all/ …,2784,5910,,
704062727082385409,2016-02-28 15:56:49,I will be making a big surprise announcement to the massive crowd assembled in Huntsville/Madison Alabama! Landing now! # Trump2016,3241,10456,#Trump2016,
704064261413273601,2016-02-28 16:02:55,Our law enforcement officers deserve our appreciation for the incredible job they do. Video: https://www.facebook.com/DonaldTrump/videos/10156696078600725/ …pic.twitter.com/Z0XnapOu84,4501,12576,,
704100078743625729,2016-02-28 18:25:14,"THANK YOU ALABAMA! 32,000 supporters tonight. Get out & VOTE on Tuesday! WE WILL MAKE AMERICA GREAT AGAIN!pic.twitter.com/rOkldN7dat",5798,15174,,
704111284095225856,2016-02-28 19:09:46,Thank you @ SenatorSessions! # MakeAmericaGreatAgain # Trump2016 https://www.facebook.com/DonaldTrump/posts/10156699096370725:0 …pic.twitter.com/UL6t60TTjP,3822,9815,"#MakeAmericaGreatAgain,#Trump2016",@SenatorSessions
704284013461180416,2016-02-29 06:36:08,"My sons, Don and Eric, are on @ foxandfriends now 7:35. Great kids, enjoy!",1335,6395,,@foxandfriends
704285794643668992,2016-02-29 06:43:13,Thank you America! Get out & VOTE tomorrow! # Trump2016 # MakeAmericaGreatAgain https://www.facebook.com/DonaldTrump/posts/10156700735560725 …pic.twitter.com/XKU8R5b8Lo,3232,8513,"#Trump2016,#MakeAmericaGreatAgain",
704312346706124800,2016-02-29 08:28:43,"Join me in Columbus, Ohio tomorrow! # MakeAmericaGreatAgain # Trump2016https://www.eventbrite.com/e/donald-j-trump-in-columbus-oh-tickets-22295028029 …",2128,6052,"#MakeAmericaGreatAgain,#Trump2016https",
704324651384762368,2016-02-29 09:17:37,"""Hillary could lose to Trump in Democratic New York"" # MakeAmericaGreatAgain # Trump2016http://nypost.com/2016/02/28/hillary-could-lose-to-trump-in-democratic-new-york/ …",3576,8796,"#MakeAmericaGreatAgain,#Trump2016http",
704332561296855040,2016-02-29 09:49:03,"I am self funding my campaign and only work for YOU, the American people! # Trump2016 Video: https://www.facebook.com/DonaldTrump/videos/10156699675010725/ …pic.twitter.com/o0EB479uEF",4728,12886,#Trump2016,
704339457974132736,2016-02-29 10:16:27,# Trump2016 # TrumpInstagram: https://instagram.com/p/BCYF4O6mhex/ pic.twitter.com/BpKZcISeKi,4415,9726,#TrumpInstagram,
704342660933427201,2016-02-29 10:29:11,"Governor Alejandro García Padilla said presidential hopeful Sen. Marco Rubio “is no friend of Puerto Rico."" http://cb.pr/garcia-padilla-rubio-is-no-friend-of-puerto-rico/ …",2561,5967,,
704379918222696449,2016-02-29 12:57:13,My wife @ MELANIATRUMP will be joining @ andersoncooper @ AC360 tonight at 8pmE on @ CNN. Enjoy!pic.twitter.com/aTIXHgK32N,2688,8732,,"@MELANIATRUMP,@andersoncooper,@AC360,@CNN"
704392435829493764,2016-02-29 13:46:58,"Thank you Virginia! 15,000 amazing supporters! Everyone get out and # VoteTrump tomorrow!pic.twitter.com/Zg0OhOdtkV",4178,11938,#VoteTrump,
704438057202819072,2016-02-29 16:48:15,Trump University has a 98% approval rating. I could have settled but won't out of principle!,5519,9927,,
704440884029493248,2016-02-29 16:59:29,"Phony Rubio commercial. I could have settled, but won't out of principle! See student surveys. https://www.donaldjtrump.com/press-releases/donald-j.-trump-demands-retraction-of-misleading-ads-produced-by-marco-rubi …",2407,6726,,
704466049912143872,2016-02-29 18:39:29,"Thank you Brian France, Bill Elliott, @ chaseelliott, @ DavidRagan, & @ RyanJNewman! # NASCAR # Trump2016 # VoteTrumphttp://youtu.be/DtUoQiKIJ7E",2866,7803,"#NASCAR,#Trump2016,#VoteTrumphttp","@chaseelliott,@DavidRagan,@RyanJNewman"
704481336682266624,2016-02-29 19:40:13,"Great news- Former Mayor of Dallas, Tom Leppert, has just endorsed me! Thank you! Tomorrow is a big day- VOTE! # VoteTrump # SuperTuesday",4290,11980,"#VoteTrump,#SuperTuesday",
704482268765622272,2016-02-29 19:43:56,"Thank you Georgia! 15,000 amazing supporters tonight! Everyone get out & # VoteTrump tomorrow! # SuperTuesdaypic.twitter.com/jNA5YON6hA",4167,11819,"#VoteTrump,#SuperTuesdaypic",
704626119836901376,2016-03-01 05:15:32,"Got the endorsement of Brian France and @ NASCAR yesterday in Georgia. Also, many of the sports great drivers. Thank you Nascar and Georgia!",3533,11268,,@NASCAR
704751393991737345,2016-03-01 13:33:20,The people of South Carolina are embarrassed by Nikki Haley!,6128,11893,,
704751567094812672,2016-03-01 13:34:01,"Thank you Columbus, Ohio!pic.twitter.com/D0tok8j6jj",3064,10042,,
704756216157839360,2016-03-01 13:52:30,MAKE AMERICA GREAT AGAIN!,14913,26199,,
704769025000263682,2016-03-01 14:43:24,Lets go America! Get out & # VoteTrump! # Trump2016 # MakeAmericaGreatAgain! # SuperTuesday https://www.facebook.com/DonaldTrump/videos/10156703438065725/ …pic.twitter.com/rGanPzZHmS,3696,9741,"#VoteTrump,#Trump2016,#MakeAmericaGreatAgain,#SuperTuesday",
704792956507709440,2016-03-01 16:18:29,"Wow! Thank you Louisville, Kentucky! # VoteTrump on 3/5/2016! Lets # MakeAmericaGreatAgain! https://www.facebook.com/DonaldTrump/posts/10156706347280725:0 …pic.twitter.com/xFwWRrro3l",3418,10224,"#VoteTrump,#MakeAmericaGreatAgain",
704818842153971712,2016-03-01 18:01:21,Thank you Georgia! # SuperTuesday # Trump2016,6360,18096,"#SuperTuesday,#Trump2016",
704834059915104256,2016-03-01 19:01:49,Thank you Massachusetts! # Trump2016 # SuperTuesday,5818,17231,"#Trump2016,#SuperTuesday",
704834141565657088,2016-03-01 19:02:09,Thank you Tennessee! # Trump2016 # SuperTuesday,5758,16901,"#Trump2016,#SuperTuesday",
704834185471598592,2016-03-01 19:02:19,Thank you Alabama! # Trump2016 # SuperTuesday,5474,16689,"#Trump2016,#SuperTuesday",
704846146657722368,2016-03-01 19:49:51,Thank you Virginia! # Trump2016 # SuperTuesday,5492,16629,"#Trump2016,#SuperTuesday",
704880376892813312,2016-03-01 22:05:52,Thank you Arkansas! # Trump2016 # SuperTuesday,3949,13516,"#Trump2016,#SuperTuesday",
704895509274693632,2016-03-01 23:06:00,Thank you Vermont! # Trump2016 # SuperTuesday,3154,11516,"#Trump2016,#SuperTuesday",
705003756543410176,2016-03-02 06:16:08,""" @ danpfeiffer: For the record, most Democrats would much rather face Cruz than Trump"" So true!",2122,7043,,@danpfeiffer
705005396818305024,2016-03-02 06:22:39,""" @ mikiebarb: ""A nearly impossible path to the GOP nomination"" for Rubio, says @ apalmerdc: http://www.politico.com/story/2016/03/marco-rubio-super-tuesday-2016-220085#ixzz41iZ9u7clhttp://www.politico.com/story/2016/03/marco-rubio-super-tuesday-2016-220085 … …""",1451,4389,,"@mikiebarb,@apalmerdc"
705005491949314048,2016-03-02 06:23:02,""" @ NorahODonnell: Looks like Rubio won't get any delegates from TX or AL because he didn't meet 20% threshold.""",1797,6242,,@NorahODonnell
705005540326383616,2016-03-02 06:23:13,""" @ JoeNBC: Marco Rubio just criticized Ted Cruz for underperforming tonight. Wow. # SuperTuesday""",2134,6946,#SuperTuesday,@JoeNBC
705006030841720832,2016-03-02 06:25:10,""" @ JoeNBC: FOX calls Virginia for Trump. If it holds, it's a big win for Trump and a big setback for Rubio, who needed to win the state.",1885,7470,,@JoeNBC
705088689295245312,2016-03-02 11:53:38,The special interests and people who control our politicians (puppets) are spending $25 million on misleading and fraudulent T.V. ads on me.,5405,12983,,
705093158191951872,2016-03-02 12:11:23,"Why would anyone in Florida vote for lightweight Senator Marco Rubio. Check out his credit card scam, his house sale & his no show voting!",4226,11619,,
705094976376541184,2016-03-02 12:18:37,"Marco Rubio lost big last night. I even beat him in Virginia, where he spent so much time and money. Now his bosses are desperate and angry!",3811,11906,,
705102512718782465,2016-03-02 12:48:33,""" @ KinnardJan: @ Itsjoeco @ realDonaldTrump I took Trump University class and saved my home!""",2397,6530,,"@KinnardJan,@Itsjoeco,@realDonaldTrump"
705119106052308992,2016-03-02 13:54:30,My wife @ MELANIATRUMP will be # OnTheRecord w/ @ greta tonight at 7pmE on @ FoxNews. Enjoy! https://www.facebook.com/DonaldTrump/posts/10156710122455725:0 …pic.twitter.com/Trv1hj9hRI,2355,8071,#OnTheRecord,"@MELANIATRUMP,@greta,@FoxNews"
705148300064907265,2016-03-02 15:50:30,"Why can't the leaders of the Republican Party see that I am bringing in new voters by the millions-we are creating a larger, stronger party!",8154,23987,,
705149907183738880,2016-03-02 15:56:53,""" @ HavBat22: @ TeamCavuto # KenLangone is 100% correct # NeilCavuto. And u and the rest of u # Fox muppets refuse to HEAR HIM."" So true!",1516,5090,"#KenLangone,#NeilCavuto,#Fox","@HavBat22,@TeamCavuto"
705170546003218432,2016-03-02 17:18:54,. @ CNN poll just hit 49% for Trump. Interesting how my numbers have gone so far up since lightweight Marco Rubio has turned nasty. Love it!,3779,12660,,@CNN
705173204948656129,2016-03-02 17:29:28,I am going to repeal and replace ObamaCare! Read more about my positions on healthcare reform here: https://www.donaldjtrump.com/positions,4025,9894,,
705174362530430976,2016-03-02 17:34:04,Failed Presidential Candidate Mitt Romney is having a news conference tomorrow to criticize me. (1/2),3414,9726,,
705174403164860416,2016-03-02 17:34:13,Just another desperate move by the man who should have easily beaten Barrack Obama. (2/2),3680,11683,,
705179512254951424,2016-03-02 17:54:31,I would love to see the Republican party and everyone get together- and unify. Video: https://www.facebook.com/DonaldTrump/videos/10156710114610725/ …pic.twitter.com/RT8Gmf6WHL,4250,11699,,
705213112463577088,2016-03-02 20:08:02,# MakeAmericaGreatAgain # Trump2016 Video: https://www.facebook.com/DonaldTrump/videos/10156711173905725/ …pic.twitter.com/bHqg1rkFy3,2269,5527,#Trump2016,
705227593205878784,2016-03-02 21:05:35,"Because of me, the Republican Party has taken in millions of new voters, a record. If they are not careful, they will all leave. Sad!",4727,14949,,
705229104426176514,2016-03-02 21:11:35,"""@Johnsmi01433966: The establishment doesn't like you because they can't control you and get you to lie to us and keep ripping us off.""",2677,8801,,
705230846249324544,2016-03-02 21:18:30,Millions of dollars being spent on false TV ads by special interest groups who own Rubio & Cruz.When you see them think of your puppet POLS,3987,11251,,
705234524012224512,2016-03-02 21:33:07,Looks like two-time failed candidate Mitt Romney is going to be telling Republicans how to get elected. Not a good messenger!,6504,19456,,
705235874632638464,2016-03-02 21:38:29,""" @ malski1954: I changed parties to vote for you, no one else measures up to you, The GOPe needs a reality check. Our country is at stake""",3037,10228,,@malski1954
705352657234481152,2016-03-03 05:22:32,"Failed candidate Mitt Romney,who ran one of the worst races in presidential history,is working with the establishment to bury a big ""R"" win!",4571,13443,,
705354682886201348,2016-03-03 05:30:35,"I have brought millions of people into the Republican Party, while the Dems are going down. Establishment wants to kill this movement!",5853,19960,,
705357122859614209,2016-03-03 05:40:17,"Why would the great people of Florida vote for a guy who, as a Senator, never even shows up to vote - worst record. Marco Rubio is a joke!",4292,12528,,
705358901349388289,2016-03-03 05:47:21,"I am the only one who can beat Hillary Clinton. I am not a Mitt Romney, who doesn't know how to win. Hillary wants no part of ""Trump""",7802,21132,,
705362027901009921,2016-03-03 05:59:47,Why did Mitt Romney BEG me for my endorsement four years ago?,6618,17234,,
705397628276707328,2016-03-03 08:21:14,The phony lawsuit against Trump U could have been easily settled by me but I want to go to court. 98% approval rating by students. Easy win,3219,10189,,
705398891110334465,2016-03-03 08:26:15,""" @ CreativeXwalk: @ realDonaldTrump teaching the GOP how to lose four years ago was not enough. Now Romney wants to do it again.""",3137,9152,,"@CreativeXwalk,@realDonaldTrump"
705399128180789248,2016-03-03 08:27:12,"""@blt21muttrades: People are just mad that you're doing so good so they are gonna do they're best to stop you. Not gonna happen # MAGA""",2205,8404,#MAGA,
705413209365323776,2016-03-03 09:23:09,Go to Trump Doral in Miami and watch the World Golf Championship! On NOW!,1587,6479,,
705420338985897984,2016-03-03 09:51:29,Will miss @ RealBenCarson tonight at the # GOPDebate. I hope all of Ben's followers will join the # TrumpTrain. We will never forget.,6534,19539,"#GOPDebate,#TrumpTrain",@RealBenCarson
705424888945836032,2016-03-03 10:09:34,On my way to see the great people of Maine. Will be landing in Portland in 2 hours. Look forward to it! # Trump2016,2982,12483,#Trump2016,
705486546644774912,2016-03-03 14:14:34,"THANK YOU PORTLAND, Maine! # MakeAmericaGreatAgain # Trump2016 https://www.facebook.com/DonaldTrump/posts/10156713672035725:0 …pic.twitter.com/eKGxNbG6wD",3197,10713,"#MakeAmericaGreatAgain,#Trump2016",
705563410528915457,2016-03-03 19:20:00,Senator Sessions will serve as the Chairman of my National Security Advisory Committee. https://www.facebook.com/DonaldTrump/posts/10156714551570725:0 …pic.twitter.com/n83Cbs4jtA,5289,11849,,
705565746676551680,2016-03-03 19:29:17,"Rubio puts out ad that my pilot was a drug dealer- not true, not my pilot! Guy owned helicopter company- don't think I ever even used.",3213,10998,,
705611414128500736,2016-03-03 22:30:45,"The Better Business Bureau report, with an A rating for Trump University. # GOPDebate https://www.facebook.com/DonaldTrump/posts/10156715088630725:0 …pic.twitter.com/1K9u09CFQQ",7152,15564,#GOPDebate,
705624889282068480,2016-03-03 23:24:18,MY POSITION ON VISAS # MakeAmericaGreatAgain # Trump2016 https://www.donaldjtrump.com/press-releases/donald-j.-trump-position-on-visas …pic.twitter.com/OLg6N3Ug9U,5314,11094,"#MakeAmericaGreatAgain,#Trump2016",
705727745385435136,2016-03-04 06:13:00,Thank you America! # Trump2016 https://www.facebook.com/DonaldTrump/posts/10156716236140725:0 …pic.twitter.com/W1biUNTvFk,4932,11784,#Trump2016,
705731353308962816,2016-03-04 06:27:21,""" @ AngieSteinberg: GET THAT POS WSJ LIAR FANTASY PUNDIT @ marykissel OFF THE AIR. Blah blah. A real dummy! @ Morning_Joe @ realDonaldTrump",1443,4731,,"@AngieSteinberg,@marykissel,@Morning,@realDonaldTrump"
705731821489807364,2016-03-04 06:29:12,""" @ SirHatchporch: Mary Kissel is an SNL character, right? She's not a real person, right? # MorningJoe"" She is a major loser - no clue!",1444,5129,#MorningJoe,@SirHatchporch
705793784093745153,2016-03-04 10:35:25,"Thank you Macomb County, Michigan! # MakeAmericaGreatAgain # Trump2016pic.twitter.com/9TBvy6obcE",3220,9696,"#MakeAmericaGreatAgain,#Trump2016pic",
705809043034664961,2016-03-04 11:36:03,U.S. Senator Bob Corker (R-Tenn.) issued the following statement today regarding the 2016 presidential election: https://www.facebook.com/DonaldTrump/posts/10156717280775725 …,3405,7834,,
705821213298446337,2016-03-04 12:24:25,"# VoteTrumpKS # Trump2016 March 5, 2016 | Wichita, Kansas: https://www.facebook.com/DonaldTrump/posts/10156717396415725 …pic.twitter.com/Q8eZU9yi6W",2540,7061,#Trump2016,
705861265202221056,2016-03-04 15:03:34,"Thank you Cadillac, Michigan! # VoteTrumpMI on 3/8/2016. We will MAKE AMERICA GREAT AGAIN! https://www.facebook.com/DonaldTrump/posts/10156717964125725:0 …pic.twitter.com/94mFPx0EgH",2678,8211,#VoteTrumpMI,
705874162372517888,2016-03-04 15:54:49,"Join me in Wichita, Kansas tomorrow morning! Looking forward to it! # MakeAmericaGreatAgain # Trump2016 https://www.eventbrite.com/e/donald-j-trump-in-wichita-ks-tickets-22581425652 …",2243,6933,"#MakeAmericaGreatAgain,#Trump2016",
705946245290987520,2016-03-04 20:41:15,"Thank you New Orleans, Louisiana! # MakeAmericaGreatAgain # VoteTrump https://www.facebook.com/DonaldTrump/posts/10156718880920725:0 …pic.twitter.com/0bf7BOlWEj",3030,8880,"#MakeAmericaGreatAgain,#VoteTrump",
705963367647698944,2016-03-04 21:49:17,"Join me in Wichita, Kansas tomorrow morning! Looking forward to it! # MakeAmericaGreatAgain # Trump2016https://www.eventbrite.com/e/donald-j-trump-in-wichita-ks-tickets-22581425652 …",2025,7020,"#MakeAmericaGreatAgain,#Trump2016https",
706104797229780993,2016-03-05 07:11:17,"I am in Kansas. Will be an exciting day. Big speech this morning in Wichita, and then go to caucus. Sorry CPAC (the format was fine!).",2285,8705,,
706105503202410496,2016-03-05 07:14:05,"Great time last night in Louisiana. Big and energetic crowd. Go out and vote now, polls open. MAKE AMERICA GREAT AGAIN!",2371,8099,,
706107571401134080,2016-03-05 07:22:18,"For all of today's voters please remember that I am the only candidate that is self funding my campaign, I am not bought and paid for!",5734,17381,,
706119343289962496,2016-03-05 08:09:05,"Wow, big lines in Kansas.",1959,7650,,
706127055285391361,2016-03-05 08:39:43,"Will be in Orlando, Florida, this afternoon. 25,000 people expected. This is a movement like our GREAT COUNTRY has never seen before!",3575,11058,,
706149793697902592,2016-03-05 10:10:05,Why would anyone in Kentucky listen to failed presidential candidate Rand Paul re: caucus. Made a fool of himself (1%.) KY his 2nd choice!,1632,6385,,
706150457396170753,2016-03-05 10:12:43,"To the people of Kentucky, Rand Paul didn't want you. Now he runs back due to his presidential failure. # VoteTrump # MakeAmericaGreatAgain",1713,6028,"#VoteTrump,#MakeAmericaGreatAgain",
706152166205992960,2016-03-05 10:19:30,Thank you Kansas! Thousands of people inside- and thousands outside who couldn't get into the hall. Really amazing! # CaucusForTrump,1903,8522,#CaucusForTrump,
706152400982179845,2016-03-05 10:20:26,Getting ready to make my speech at # KansasCaucus. A great honor! # MakeAmericaGreatAgain # Trump2016,1455,6028,"#KansasCaucus,#MakeAmericaGreatAgain,#Trump2016",
706153159085821952,2016-03-05 10:23:27,# CaucusForTrump # Trump2016https://twitter.com/daveweigel/status/706138604171620352 …,1672,6042,#Trump2016https,
706168204259758080,2016-03-05 11:23:14,"Thank you, Kansas! The line going into the Orlando event is over a mile long. Massive crowd expected. Leaving Kansas now, be there soon!",2434,8608,,
706176828843663360,2016-03-05 11:57:30,". @ MittRomney was a disaster candidate who had no guts and choked! Romney is a total joke, and everyone knows it!",3332,10164,,@MittRomney
706179514611724288,2016-03-05 12:08:11,"Romney's failed advisors, like campaign mgr Stuart Stevens are all over TV telling people how to win. But they lost- don't know how to win!",2770,8789,,
706179933480099840,2016-03-05 12:09:50,I am watching two clown announcers on @ FoxNews as they try to build up failed presidential candidate # LittleMarco. Fox News is in the bag!,3698,10894,#LittleMarco,@FoxNews
706185049796943873,2016-03-05 12:30:10,I would love to be at the Cadillac World Golf Championship @ TrumpDoral in Miami- but even more so in Orlando with the # TrumpTrain!,1597,6161,#TrumpTrain,@TrumpDoral
706185780109185024,2016-03-05 12:33:04,Thank you Willie Robertson! # VoteTrump # MakeAmericaGreatAgainhttps://twitter.com/williebosshog/status/706161592035971073 …,3343,10161,"#VoteTrump,#MakeAmericaGreatAgainhttps",
706188719548723200,2016-03-05 12:44:45,"I will be at the Cadillac World Golf Championship @ TrumpDoral in Miami tomorrow! Rory, Phil, Bubba, Adam, and Dustin all at the top!",1772,6749,,@TrumpDoral
706311590321246209,2016-03-05 20:53:00,Thank you Louisiana! # Trump2016 # SuperSaturday,4214,14146,"#Trump2016,#SuperSaturday",
706325441028689921,2016-03-05 21:48:02,Thank you Kentucky! # Trump2016 # SuperSaturday,4403,14311,"#Trump2016,#SuperSaturday",
706353772751163392,2016-03-05 23:40:37,". @ FoxNews is devastated that lightweight Senator Marco Rubio got trounced tonight and is the big loser. I won the two big states, great!",4529,16372,,@FoxNews
706467532291624960,2016-03-06 07:12:39,I will be interviewed on @ FaceTheNation this morning. Enjoy! @ jdickerson,1248,5514,,"@FaceTheNation,@jdickerson"
706505531364679680,2016-03-06 09:43:39,FLORIDA: Do not miss this opportunity to # MakeAmericaGreatAgain! Thank you @ IvankaTrump: https://www.facebook.com/DonaldTrump/videos/10156724047250725/ …pic.twitter.com/7cnWT9RGSr,3397,8339,#MakeAmericaGreatAgain,@IvankaTrump
706530975992381441,2016-03-06 11:24:46,Thank you Michigan! # Trump2016pic.twitter.com/ttwwvrTjwE,3516,9853,#Trump2016pic,
706531140195196932,2016-03-06 11:25:25,"David Brooks, of the New York Times, is closing in on being the dumbest of them all. He doesn’t have a clue.",1932,6651,,
706531291018170369,2016-03-06 11:26:01,"Nancy Reagan, the wife of a truly great President, was an amazing woman. She will be missed!",6807,23034,,
706531628525428744,2016-03-06 11:27:21,The primary plaintiff in the phony Trump University suit wants to abandon the case. Disgraceful!,2665,7471,,
706532975782006784,2016-03-06 11:32:42,Fraud lightweight Marco made a TV ad on TrumpU featuring 2 people who signed these letters: http://www.98percentapproval.com/uploads/Kevin_Scott_Survey.pdf … http://www.98percentapproval.com/uploads/Bob_Guillo_Survey.pdf …,2637,6020,,
706540601026744321,2016-03-06 12:03:00,Thank you to @ jdickerson and @ FaceTheNation for a very fair and professional interview this morning. No wonder you are #1 in the ratings!,2473,8309,#1,"@jdickerson,@FaceTheNation"
706543741088067584,2016-03-06 12:15:29,I am at Trump National Doral-best resort in U.S. Rory and Adam Scott are doing great! Watch on NBC at 3:00 P.M. MAKE AMERICA GREAT AGAIN!,1795,7029,,
706544678980734976,2016-03-06 12:19:13,. @ meetthepress and @ chucktodd did a 1 hour hit job on me today – totally biased and mostly false. Dishonest media!,2940,8456,,"@meetthepress,@chucktodd"
706629099217920000,2016-03-06 17:54:40,""" @ ChadRowland3: @ jdickerson @ FaceTheNation A solid interview and a fair one. Great job Mr. Trump. Keep up the good work. # TrumpTrain""",1785,6393,#TrumpTrain,"@ChadRowland3,@jdickerson,@FaceTheNation"
706629785263460352,2016-03-06 17:57:24,""" @ Janetlarose1: @ realDonaldTrump @ FaceTheNation @ jdickerson WASHINGTON VERSUS TRUMP &TRUMPS SUPPORTERS ... # TRUMPDOG""",1812,5916,#TRUMPDOG,"@Janetlarose1,@realDonaldTrump,@FaceTheNation,@jdickerson"
706674352167772160,2016-03-06 20:54:29,"All of the phony T.V. commercials against me are bought and payed for by SPECIAL INTEREST GROUPS, the bandits that tell your pols what to do",5945,16442,,
706675395811266560,2016-03-06 20:58:38,How do you fight millions of dollars of fraudulent commercials pushing for crooked politicians? I will be using Facebook & Twitter. Watch!,7876,22848,,
706808780600844288,2016-03-07 05:48:39,"Failed presidential candidate Lindsey Graham should respect me. I destroyed his run, brought him from 7% to 0% when he got out. Now nasty!",2520,8729,,
706812638215303168,2016-03-07 06:03:59,"Lindsey Graham is all over T.V., much like failed 47% candidate Mitt Romney. These nasty, angry, jealous failures have ZERO credibility!",4215,12341,,
706827555622547456,2016-03-07 07:03:16,"We cannot let the failing REPUBLICAN ESTABLISHMENT, who could not stop Obama (twice), ruin the MOVEMENT with millions of $'s in false ads!",6079,15752,,
706829345143316480,2016-03-07 07:10:22,"I will be using Facebook and Twitter to expose dishonest lightweight Senator Marco Rubio. A record no-show in Senate, he is scamming Florida",4729,13025,,
706840633508536320,2016-03-07 07:55:14,Congratulation to Adam Scott and all of the folks at Trump National Doral on producing a really great WGC Tournament. Amazing finish!,1646,7159,,
706862721405468672,2016-03-07 09:23:00,"Leaving for North Carolina. Big crowd, will be fun!",2833,10086,,
706884676263276544,2016-03-07 10:50:14,Don't believe the millions of dollars of phony television ads by lightweight Rubio and the R establishment. Dishonest people!,4833,14444,,
706953562316603392,2016-03-07 15:23:58,"It was great being in Michigan. Remember, I am the only presidential candidate who will bring jobs back to the U.S.and protect car industry!",3912,11697,,
706961650083954688,2016-03-07 15:56:06,""" @ justin_sellers: Setup is underway @ realDonaldTrump rally in Madison. # MSPrimary https://twitter.com/justin_sellers/status/706951345429979139/photo/1pic.twitter.com/1HLgixbqia "" Thank you!",2578,7853,#MSPrimary,"@justin,@realDonaldTrump"
706971409818492929,2016-03-07 16:34:53,"Lightweight Senator Marco Rubio features Trump Univ. students in FL. attack ads- who submitted ""excellent"" reviews.https://www.youtube.com/watch?v=QqfsbQGPLAE …",2347,5558,,
706974796509286400,2016-03-07 16:48:21,"Thank you Idaho! I love your potatoes- nobody grows them better. As President, I will protect your market.pic.twitter.com/kqx8un1jnw",4318,12357,,
706989946268213248,2016-03-07 17:48:33,New ad concerning lightweight Senator Marco Rubio:https://youtu.be/_pvirKqHy1g,2540,6203,,
707004752756936704,2016-03-07 18:47:23,I will be interviewed by @ SeanHannity tonight at 10pm EST on @ FoxNews! Enjoy!,2127,7166,,"@SeanHannity,@FoxNews"
707020422672474112,2016-03-07 19:49:39,"Cruz came to Mississippi, there was nobody there, he left the state. I had a rally in Madison, MS with 10,000! Thank you!",4557,13841,,
707029354921009152,2016-03-07 20:25:08,"I employ many people in Hawaii at my great hotel in Honolulu. I’ll be there very soon. Vote for me, Hawaii!",3522,11704,,
707034934804873216,2016-03-07 20:47:19,Ted Cruz Was For Welcoming Syrian Refugees Before He Was Against Ithttp://www.huffingtonpost.com/entry/ted-cruz-syrian-refugees_us_564d279ae4b031745cefd25f …,3881,7263,,
707036759570382849,2016-03-07 20:54:34,"People forget, it was Club for Growth that asked me for $1 million. I said no & they went negative. Extortion! http://bit.ly/1X8uN9v",3181,7356,,
707037002911375360,2016-03-07 20:55:32,The Club for Growth is a very dishonest group. They represent conservative values terribly & are bad for America.http://thehill.com/blogs/ballot-box/272013-club-for-growth-action-spends-2-million-on-anti-trump-ads …,2790,6533,,
707208682669543425,2016-03-08 08:17:43,"Michigan, Mississippi, Idaho & Hawaii: Get out to VOTE and join the movement today! Video: https://www.facebook.com/DonaldTrump/videos/10156730921700725/ …pic.twitter.com/ZDbarevYAc",3810,9057,,
707225181513719808,2016-03-08 09:23:17,Thank you @ EricTrump!https://twitter.com/erictrump/status/707221776187723776 …,1818,6498,,@EricTrump
707225317648240640,2016-03-08 09:23:49,MAKE AMERICA GREAT AGAIN!,7823,15547,,
707226089496690688,2016-03-08 09:26:54,""" @ EricTrump: Wishing our father tremendous luck in Michigan, Mississippi, Idaho & Hawaii today! Amazing father! https://t.co/cYpx4eC9W @ Q""",2911,9724,,"@EricTrump,@Q"
707237490780934144,2016-03-08 10:12:12,"Sun Sentinel says: Rubio lacks the experience, work ethic and gravitas needed to be president. HE HAS NOT EARNED YOUR VOTE!",3315,9275,,
707239753352093696,2016-03-08 10:21:11,"Remember, I am the only one who is self-funding my campaign. All of the other candidates are bought and paid for by special interests!",6175,16153,,
707258582501302272,2016-03-08 11:36:00,"Mitt Romney had his chance and blew it. Lindsey Graham ran for president, got ZERO, and quit! Why are they now spokesmen against me? Sad!",4554,14120,,
707259515222278146,2016-03-08 11:39:43,# VoteTrumpMS! # Trump2016http://youtu.be/ryL5ar3RkBc,1713,5053,#Trump2016http,
707259809888915457,2016-03-08 11:40:53,# VoteTrumpMI! # Trump2016https://youtu.be/s84xeuPxNiM,1774,5169,#Trump2016https,
707260748020449280,2016-03-08 11:44:37,# VoteTrumpHI! # Trump2016https://youtu.be/RhNJLFaSRQQ,1697,4980,#Trump2016https,
707261100061020162,2016-03-08 11:46:01,# VoteTrumpID! # Trump2016https://youtu.be/Hf7xmPbEAqE,1853,5445,#Trump2016https,
707262742688882688,2016-03-08 11:52:32,Hawaii: http://www.donaldjtrump.com/hawaii Idaho: http://www.donaldjtrump.com/idaho Mississippi: http://www.donaldjtrump.com/mississippi Michigan: http://www.donaldjtrump.com/michigan,2480,5832,,
707309366064578564,2016-03-08 14:57:48,"The negative television commercials about me, paid for by the politicians bosses, are a total # Mediafraud. When you watch, remember!",4686,12471,#Mediafraud,
707353658883706880,2016-03-08 17:53:48,"I hear @ NBCNews / @ WSJ came out with another one of their phony polls. While I am leading, they are totally discredited after last S.C. poll",2288,7638,,"@NBCNews,@WSJ"
707354724182441984,2016-03-08 17:58:02,"Word is I am doing very well in Michigan and Mississippi! Wow, and with all that money spent against me! Will be going to Trump Jupiter now!",4125,16536,,
707373529818386434,2016-03-08 19:12:46,Thank you America! # Trump2016http://www.usatoday.com/story/news/politics/onpolitics/2016/03/08/poll-mitt-romney-helps-hurts-trump/81478380/ …,3565,10444,#Trump2016http,
707374051581362176,2016-03-08 19:14:50,Thank you! # Trump2016pic.twitter.com/WvTkL8mMHY,3088,9393,#Trump2016pic,
707377544224509952,2016-03-08 19:28:43,Thank you Mississippi! # Trump2016,5078,15859,#Trump2016,
707386022569623552,2016-03-08 20:02:25,Thank you Michigan! # Trump2016,5952,17776,#Trump2016,
707415229794275330,2016-03-08 21:58:28,This was a great evening- I would like to thank everyone for their wonderful support.,5074,19832,,
707470040954761216,2016-03-09 01:36:16,Thank you Hawaii! # Trump2016,4750,16950,#Trump2016,
707683931609550848,2016-03-09 15:46:12,"Phony Club For Growth tried to shake me down for one million dollars, & is now putting out nasty negative ads on me. They are total losers!",4078,11599,,
707697346646245376,2016-03-09 16:39:30,Keep lightweight Marco and his friends out of the White House. # MakeAmericaGreatAgain # Trump2016pic.twitter.com/hNkkRx66Hc,4386,11525,"#MakeAmericaGreatAgain,#Trump2016pic",
707702633260261377,2016-03-09 17:00:30,Another Dishonest Politician # LightweightSenatorMarcoRubiopic.twitter.com/w7G5vJ511O,4045,9669,#LightweightSenatorMarcoRubiopic,
708045086135881728,2016-03-10 15:41:18,"Wow, you are all correct about @ FoxNews - totally biased and disgusting reporting.",12554,21989,,@FoxNews
708158520831553536,2016-03-10 23:12:02,""" @ adriparsonss: @ The_Trump_Train @ realDonaldTrump # Donald Trump is your man America. He is the best!! Vote for him!"" Thank you!",2000,7522,#Donald,"@adriparsonss,@The,@realDonaldTrump"
708158581363888128,2016-03-10 23:12:17,Thank you Mark. # GOPDebatehttps://twitter.com/markhalperin/status/708156915277295616 …,2002,6131,#GOPDebatehttps,
708169684617535489,2016-03-10 23:56:24,Thank you America! # Trump2016 # MakeAmericaGreatAgainpic.twitter.com/8B0J8Xt3dh,3917,11615,"#Trump2016,#MakeAmericaGreatAgainpic",
708171902091563009,2016-03-11 00:05:13,""" @ JaredWyand: Let's be clear.. # NeverTrump is about ""Never someone we don't own"" You either play into it & let them win or vote Trump.",3646,8824,#NeverTrump,@JaredWyand
708183163969740800,2016-03-11 00:49:58,Thank you! # GOPDebatepic.twitter.com/BuJ1YFkjvm,4289,11425,#GOPDebatepic,
708332792028008448,2016-03-11 10:44:32,"Dr. Ben Carson- I concur. ""I believe in God who can change people- he can make any of us better."" @ RealBenCarson",6816,18431,,@RealBenCarson
708351381678088192,2016-03-11 11:58:24,pic.twitter.com/ZQ0osiFEJQ,4098,8654,,
708390521023008769,2016-03-11 14:33:56,"Rumor has it that @ politico is going out of business. Losing too much money. Great news! Likewise, dopey Mort Zuckerman's @ NYDailyNews",2644,8204,,"@politico,@NYDailyNews"
708403542009253889,2016-03-11 15:25:40,"Thank you St. Louis, Missouri! # MakeAmericaGreatAgain # Trump2016 https://www.facebook.com/DonaldTrump/posts/10156744558065725:0 …pic.twitter.com/MxVFHvHfS3",3210,9651,"#MakeAmericaGreatAgain,#Trump2016",
708422379366686721,2016-03-11 16:40:31,It means so much to me- receiving an endorsement from Phyllis Schlafly. A truly great woman & conservative.pic.twitter.com/11rEMu99qc,5742,17032,,
708428041232490496,2016-03-11 17:03:01,Great news! Thank you Governor Ralph DLG Torres! # Trump2016https://twitter.com/jmrhosborne/status/708426135919599618 …,3239,8851,#Trump2016https,
708472737992409090,2016-03-11 20:00:38,I just got off the phone with the great people of Guam! Thank you for your support! # VoteTrump today! # Trump2016,4038,14537,"#VoteTrump,#Trump2016",
708619775153475584,2016-03-12 05:44:54,"The organized group of people, many of them thugs, who shut down our First Amendment rights in Chicago, have totally energized America!",21056,34166,,
708647560399949825,2016-03-12 07:35:19,Absentee Governor Kasich voted for NAFTA and NAFTA devastated Ohio - a disaster from which it never recovered. Kasich is good for Mexico!,4914,11385,,
708658225198006273,2016-03-12 08:17:41,"Ohio had the biggest budget increase in the U.S. If it were not for striking oil, they would be bust! Governor Kasich in favor of TPP fraud!",3627,9594,,
708662621596213250,2016-03-12 08:35:09,The rally in Cincinnati is ON. Media put out false reports that it was cancelled. Will be great - love you Ohio!,4571,13007,,
708667476628922369,2016-03-12 08:54:27,"On my way to Dayton, Ohio. Will be there soon!",2437,10247,,
708667676768522240,2016-03-12 08:55:15,MAKE AMERICA GREAT AGAIN!,10919,23711,,
708714838520762369,2016-03-12 12:02:39,"Thank you Dayton, Ohio! 20,000 supporters- largest in airport history! # MakeAmericaGreatAgain # Trump2016pic.twitter.com/ry2p5qGcFt",5434,15555,"#MakeAmericaGreatAgain,#Trump2016pic",
708714849027497984,2016-03-12 12:02:41,The rally in Cincinnati is ON. Media put out false reports that it was cancelled! # MakeAmericaGreatAgain # Trump2016,3569,9801,"#MakeAmericaGreatAgain,#Trump2016",
708715781199044609,2016-03-12 12:06:24,"Word is-early voting in FL is very dishonest. Little Marco, his State Chairman, & their minions are working overtime-trying to rig the vote.",5444,11752,,
708715949138911232,2016-03-12 12:07:04,We are asking law enforcement to check for dishonest early voting in Florida- on behalf of little Marco Rubio. No way to run a country!,5356,13775,,
708720448335437824,2016-03-12 12:24:56,The last person that Hillary or Bernie want to run against is Donald Trump --- and that is fact!,6072,17509,,
708723421106937857,2016-03-12 12:36:45,It is Clinton and Sanders people who disrupted my rally in Chicago - and then they say I must talk to my people. Phony politicians!,10508,24872,,
708749781519212544,2016-03-12 14:21:30,"Just finished my second speech. 20K in Dayton & 25K in Cleveland- perfectly behaved crowd. Thanks- I love you, Ohio!pic.twitter.com/IDmwG5FQsw",8227,24891,,
708780035516157952,2016-03-12 16:21:43,# EndCommonCore # Trump2016 Video: https://www.facebook.com/DonaldTrump/videos/10156748929285725/ …pic.twitter.com/RAH45igqJI,3631,9842,#Trump2016,
708786643512066048,2016-03-12 16:47:59,"Do the people of Ohio know that John Kasich is STRONGLY in favor of Common Core! In other words, education of your children from D.C. No way",5772,13820,,
708800227994537984,2016-03-12 17:41:57,USSS did an excellent job stopping the maniac running to the stage. He has ties to ISIS. Should be in jail! https://t.co/tkzbHg7wyD?ssr=true,8907,17364,,
708857632816287744,2016-03-12 21:30:04,"Wow, Kasich didn't qualify to run in the state of Pennsylvania, not enough signatures. Big problem!",5363,14473,,
708979864704049152,2016-03-13 06:35:46,""" @ alextrent4: It is repulsive that Trump was assaulted+politicians used that 2 further themselves+2 further victimize Trump! DISGUSTING!!""",3404,9714,,@alextrent4
708983126601682944,2016-03-13 06:48:44,"Bernie Sanders is lying when he says his disruptors aren't told to go to my events. Be careful Bernie, or my supporters will go to yours!",11114,28751,,
708985532483837953,2016-03-13 06:58:17,"Ohio Gov.Kasich voted for NAFTA, from which Ohio has never recovered. Now he wants TPP, which will be even worse. Ohio steel and coal dying!",5017,10716,,
709028677497921537,2016-03-13 09:49:44,"Gov.Kasich of Ohio just stated on a morning show that he doesn't watch politics or anything on television, he only watches the @ GolfChannel",3596,10176,,@GolfChannel
709063098871779328,2016-03-13 12:06:31,"Thank you Kevin. With unification of the party, Republican wins will be massive!http://www.sacbee.com/news/politics-government/capitol-alert/article65283612.html …",3502,8757,,
709063220150013952,2016-03-13 12:07:00,Carly Fiorina- I agree! Ted Cruz is just another politician. All talk- no action!pic.twitter.com/08xkEBD8Be,5456,11826,,
709083187775979521,2016-03-13 13:26:20,Because Gov. Kasich cannot run in the state of Pennsylvania-he cannot win the nomination- & should not be allowed to compete in Ohio on Tue.,4777,12748,,
709089928324489216,2016-03-13 13:53:07,The failing @ nytimes is truly one of the worst newspapers. They knowingly write lies and never even call to fact check. Really bad people!,4660,12903,,@nytimes
709115011487178756,2016-03-13 15:32:48,LYIN' TEDpic.twitter.com/Q0qXDGCN1l,6032,12188,,
709170599579545600,2016-03-13 19:13:41,Just received from @ PeteRose_14. Thank you Pete! # VoteTrump on Tuesday Ohio! # Trump2016 # MakeAmericaGreatAgainpic.twitter.com/UvP03n7dQq,9901,25670,"#VoteTrump,#Trump2016,#MakeAmericaGreatAgainpic",@PeteRose
709362309819404289,2016-03-14 07:55:28,We don't have a country- if we don't have borders. # VoteTrump Video: https://www.facebook.com/DonaldTrump/videos/10156659139295725/ …pic.twitter.com/oAXBvcKIsr,6240,15114,#VoteTrump,
709399753545670656,2016-03-14 10:24:15,"Look forward to being in Tampa this afternoon. Wonderful crowds. Thank you, Florida!",2699,10252,,
709422865360297984,2016-03-14 11:56:06,Leaving the great people of North Carolina. Amazing event. Heading to Tampa now! # VoteTrump,2781,10308,#VoteTrump,
709423676425379841,2016-03-14 11:59:19,"Gov Kasich voted for NAFTA, which devastated Ohio and is now pushing TPP hard- bad for American workers!",4071,8913,,
709423812681531392,2016-03-14 11:59:52,Kasich has helped decimate the coal and steel industries in Ohio. I will bring them back! # MakeAmericaGreatAgain,4841,10855,#MakeAmericaGreatAgain,
709541660758315009,2016-03-14 19:48:09,"THANK YOU - Youngstown, Ohio! I love you! Get out & # VoteTrump tomorrow. # Trump2016pic.twitter.com/OReGiIS6TF",3962,11445,"#VoteTrump,#Trump2016pic",
709547482615816192,2016-03-14 20:11:17,"Sadly, this kind of stuff even happened to Ronald Reagan. There is nothing nice about it! # MakeAmericaGreatAgainpic.twitter.com/jC7cn1v18u",11494,19723,#MakeAmericaGreatAgainpic,
709580469323612160,2016-03-14 22:22:21,""" @ BrazielCarol: @ FoxNews @ realDonaldTrump Who started this mess, the protesters of course . And media made it worse.""",2475,7394,,"@BrazielCarol,@FoxNews,@realDonaldTrump"
709581055926398976,2016-03-14 22:24:41,"""@realwwshelton: @ loudobbsnews I believe that @ realDonaldTrump will be the big winner tomorrow."" Thank you!",2209,7671,,"@loudobbsnews,@realDonaldTrump"
709585960992972801,2016-03-14 22:44:11,"""@wh: https://youtu.be/i6PtMGsaKno WOW people are so misinformed on DonaldTrump character! Watch this video! Hillary and Bernie don't come close",3426,7523,,
709586584560148480,2016-03-14 22:46:39,""" @ mazzei48: @ realDonaldTrump @ BrazielCarol @ FoxNews Listening to interview on replay of @ A Savage Nation # GO DONALD TRUMP !!!!!"" Thanks.",1721,5638,#GO,"@mazzei48,@realDonaldTrump,@BrazielCarol,@FoxNews,@A"
709592458401816577,2016-03-14 23:10:00,"Kasich voted for NAFTA, a disaster for Ohio, and now wants the even worse TPP approved. Vote Trump and end this madness!",4167,10673,,
709595310939643905,2016-03-14 23:21:20,"Rubio is weak on illegal immigration, with the worst voting record in the U.S. Senate in many years. He will never MAKE AMERICA GREAT AGAIN!",3434,10167,,
709687052384731136,2016-03-15 05:25:53,"I will bring our jobs back to America, fix our military and take care of our vets, end Common Core and ObamaCare, protect 2nd A, build WALL",6716,16815,,
709690378778230785,2016-03-15 05:39:06,"Please remember, I am the ONLY candidate who is self-funding his campaign. Kasich, Rubio and Cruz are all bought and paid for by lobbyists!",6273,16311,,
709703632292331522,2016-03-15 06:31:46,"Don't reward Mitt Romney, who let us all down in the last presidential race, by voting for Kasich (who voted for NAFTA, open borders etc.).",4483,11999,,
709713295180169216,2016-03-15 07:10:10,"Good morning Ohio! Some additional information from my daughter, @ IvankaTrump! # VoteTrump # SuperTuesdayhttps://youtu.be/JprnzR9KsVo",2789,7212,"#VoteTrump,#SuperTuesdayhttps",@IvankaTrump
709720456194994176,2016-03-15 07:38:37,"Just in, big news- I have been declared the winner of the CNMI Rep Caucus with 72.8% of the vote! Thank you! # SuperTuesday # VoteTrump",4579,13411,"#SuperTuesday,#VoteTrump",
709735250927226880,2016-03-15 08:37:24,"North Carolina lost 300,000 manufacturing jobs and Ohio lost 400,000 since 2000. Going to Mexico etc. NO MORE IF I WIN, WE WILL BRING BACK!",5089,11674,,
709736764613771264,2016-03-15 08:43:25,# VoteTrump # SuperTuesday Florida Illinois Missouri North Carolina Ohio # TrumpTrain http://bit.ly/1prj4ZoVoteTrump …pic.twitter.com/kxrn0ev4UF,5518,13352,"#SuperTuesday,#TrumpTrain",
709754445907759105,2016-03-15 09:53:41,"Watching John Kasich being interviewed - acting so innocent and like such a nice guy. Remember him in second debate, until I put him down.",2868,9873,,
709756933666967555,2016-03-15 10:03:34,"Ohio is losing jobs to Mexico, now losing Ford (and many others). Kasich is weak on illegal immigration. We need strong borders now!",4531,13828,,
709772129651265540,2016-03-15 11:03:57,"In presidential voting so far, John Kasich is ZERO for 22. So why would he be a good candidate? Hillary would beat him, I will beat Hillary!",3903,13062,,
709775232152817664,2016-03-15 11:16:16,"I will bring our jobs back to the U.S., and keep our companies from leaving. Nobody else can do it. Our economy will ""sing"" again.",5295,14851,,
709819253977915392,2016-03-15 14:11:12,A lot of complaints from people saying my name is not on the ballot in various places in Florida? Hope this is false.,6625,16760,,
709878592189153280,2016-03-15 18:06:59,"Word is that, despite a record amount spent on negative and phony ads, I had a massive victory in Florida. Numbers out soon!",4912,17676,,
709883604093018113,2016-03-15 18:26:54,""" @ BertShad: Was going to watch @ Foxnews for the primary results but saw @ megynkelly - looks like # CNN tonight""",2501,8781,#CNN,"@BertShad,@Foxnews,@megynkelly"
709885396285579264,2016-03-15 18:34:02,"""@gregens21: @ BertShad @ FoxNews @ megynkelly She's choking on the results! Call her justifiable Kelly. Justifying everything she says.""",1973,7053,,"@BertShad,@FoxNews,@megynkelly"
709885620034867200,2016-03-15 18:34:55,""" @ jsconlon11: @ BertShad @ Foxnews @ megynkelly I tried to give them a shot tonight, but they have the whole anti Trump cheerleading team.""",2171,7203,,"@jsconlon11,@BertShad,@Foxnews,@megynkelly"
709886343309107200,2016-03-15 18:37:47,""" @ J_Styborski: @ realDonaldTrump @gregens21 @ BertShad @ FoxNews @ megynkelly Hayes is looking depressed as well. pic.twitter.com/wUJacOm32h""",2067,6587,,"@J,@realDonaldTrump,@gregens21,@BertShad,@FoxNews,@megynkelly"
709886835628105728,2016-03-15 18:39:45,""" @ SCNAK45: @ megynkelly is trying so hard to bash @ realDonaldTrump it's ridiculous"" Don't worry, everyone is wise to Crazy Megyn!",2767,9469,,"@SCNAK45,@megynkelly,@realDonaldTrump"
709890544860852224,2016-03-15 18:54:29,"""@DumpFoxNews: @ FoxNews @ megynkelly If media wasn't so biased against Trump, he would've won all of the delegates.",3174,10574,,"@FoxNews,@megynkelly"
709893207845376004,2016-03-15 19:05:04,"Can't watch Crazy Megyn anymore. Talks about me at 43% but never mentions that there are four people in race. With two people, big & over!",3585,14059,,
709893235884335106,2016-03-15 19:05:11,"Thank you, Northern Mariana Islands! # SuperTuesday # Trump2016 # MakeAmericaGreatAgainpic.twitter.com/OoP4mls4lp",3628,11887,"#SuperTuesday,#Trump2016,#MakeAmericaGreatAgainpic",
709893334588919808,2016-03-15 19:05:34,"Thank you, Florida! # SuperTuesday # MakeAmericaGreatAgain # Trump2016pic.twitter.com/nzhnLQXrZg",8418,21190,"#SuperTuesday,#MakeAmericaGreatAgain,#Trump2016pic",
709894230710337536,2016-03-15 19:09:08,Watching other networks and local news. Really good night! Crazy @ megynkelly is unwatchable.,4361,14402,,@megynkelly
709915576173469700,2016-03-15 20:33:57,"Thank you, North Carolina! # Trump2016 # SuperTuesday # MakeAmericaGreatAgainpic.twitter.com/hd4wtDonIB",5407,15561,"#Trump2016,#SuperTuesday,#MakeAmericaGreatAgainpic",
709919330574725124,2016-03-15 20:48:52,Thank you Illinois! # SuperTuesday # MakeAmericaGreatAgain # Trump2016pic.twitter.com/vcfstc6Wnb,5239,15006,"#SuperTuesday,#MakeAmericaGreatAgain,#Trump2016pic",
709930663953231873,2016-03-15 21:33:54,I only wish my wonderful daughter Tiffany could have been with us at Mar-a-Lago for our great election victory. She is a winner! – bei The Mar-a-lago Club,2950,14866,,
709941293477195776,2016-03-15 22:16:09,"Thank you Marco, I agree!pic.twitter.com/PTfFzFno9p",12529,26560,,
709976236441935872,2016-03-16 00:35:00,"""@MaryEH428: @ RealBenCarson I thank God you are on board with @ realDonaldTrump to help him and us # MakeAmericaGreatAgain Ty!!""",2165,7950,#MakeAmericaGreatAgain,"@RealBenCarson,@realDonaldTrump"
709980217872351232,2016-03-16 00:50:49,"""@lucyric13835428: @ realDonaldTrump @ megynkelly That's funny, I switched to other media too, can't stand her""",1699,7054,,"@realDonaldTrump,@megynkelly"
710050169505640448,2016-03-16 05:28:47,Will be interviewed on @ GMA at 7:00 A.M. Big wins last night!,1112,5617,,@GMA
710050536259764226,2016-03-16 05:30:14,Will be interviewed on @ NewDay on @ CNN at 7:15 A.M.,1055,5151,,"@NewDay,@CNN"
710066971367190528,2016-03-16 06:35:33,Will be interviewed on @ Morning_Joe at 7:40. ENJOY!,1002,5015,,@Morning
710073634837176320,2016-03-16 07:02:01,I will be interviewed on @ foxandfriends at 8:30 A.M. ENJOY!,1194,5924,,@foxandfriends
710074677775966208,2016-03-16 07:06:10,. @ pastormarkburns You were great last night and we all very much appreciate it! Thank you!,2649,9197,,@pastormarkburns
710096863383277568,2016-03-16 08:34:19,""" @ FoxBusiness: .@RepTomMarino: I think @ realDonaldTrump can beat HillaryClinton. And I'm looking forward to Trump being president.",2936,9763,,"@FoxBusiness,@realDonaldTrump"
710097701698936835,2016-03-16 08:37:39,.@RepTomMarino Great job on television this morning. Glad to have you on my side!,1946,7830,,
710138547827769344,2016-03-16 11:19:58,Is this what we want for a President? https://www.instagram.com/p/BDBS8bYGhWr/,6350,13256,,
710149837979836416,2016-03-16 12:04:49,Yesterday was amazing—5 victories. Lyin’ Ted Cruz had zero. Things are going very well!,4420,14805,,
710151964726792192,2016-03-16 12:13:17,"In the last 2 weeks, I had $35M of negative ads against me in Florida & I won in a massive landslide.The establishment should save their $$!",6727,21109,,
710152303966351361,2016-03-16 12:14:37,"Thank you to the Governor of Florida, Rick Scott, for your endorsement. I greatly appreciate your support!",4776,16847,,
710160479889575938,2016-03-16 12:47:07,"I am making a big speech the night of the @ FoxNews debate, but I wish everyone well. Yesterday was a big day for me with 5 wins!",4097,15977,,@FoxNews
710177855796350977,2016-03-16 13:56:09,"Wow, just won Missouri!",6323,23219,,
710214487643693058,2016-03-16 16:21:43,"Thank you, Missouri! # Trump2016pic.twitter.com/iOzGtcBbia",4153,14543,#Trump2016pic,
710215733477822465,2016-03-16 16:26:40,I will be interviewed on The O'Reilly Factor this evening at 8 pm on the Fox News Channel. @ oreillyfactor,2694,10368,,@oreillyfactor
710407581899079680,2016-03-17 05:09:00,"Stuart Stevens, the failed campaign manager of Mitt Romney's historic loss, is now telling the Republican Party what to do with Trump. Sad!",3704,11314,,
710409594204524544,2016-03-17 05:17:00,Crazy @ megynkelly supposedly had lyin' Ted Cruz on her show last night. Ted is desperate and his lying is getting worse. Ted can't win!,3766,12120,,@megynkelly
710415602851172352,2016-03-17 05:40:53,Great news that @ FoxNews has cancelled the additional debate. How many times can the same people ask the same question? I beat Cruz debating,4774,18004,,@FoxNews
710440524524691456,2016-03-17 07:19:55,Crazy @ megynkelly is now complaining that @ oreillyfactor did not defend her against me - yet her bad show is a total hit piece on me.Tough!,3458,11460,,"@megynkelly,@oreillyfactor"
710442630207901696,2016-03-17 07:28:17,The reason lyin' Ted Cruz has lost so much of the evangelical vote is that they are very smart and just don't tolerate liars-a big problem!,4015,12457,,
710452858043416577,2016-03-17 08:08:55,". @ WSJ Editorial says ""Clinton primary vote total is 8,646,551.Trump's is 7,533,692""-a knock. But she had only 3 opponents-I had 16.Apologize",4382,13826,,@WSJ
710453513155960834,2016-03-17 08:11:31,". @ WSJ is bad at math. The good news is, nobody cares what they say in their editorials anymore, especially me!",3162,10770,,@WSJ
710456179173040128,2016-03-17 08:22:07,"Please explain to the dummies at the @ WSJ Editorial Board that I love to debate and have won, according to Drudge etc., all 11 of them!",3560,11509,,@WSJ
710507173072269314,2016-03-17 11:44:45,See you in Arizona on Friday and Saturday.https://twitter.com/FoxBusiness/status/710488907121438720 …,3055,8521,,
710509591122075648,2016-03-17 11:54:21,Looking like my 5 victories on Tuesday will be just as good as if I won Ohio. Two more days and Ohio was mine!,2789,11380,,
710510524031746052,2016-03-17 11:58:04,Highly overrated & crazy @ megynkelly is always complaining about Trump and yet she devotes her shows to me. Focus on others Megyn!,4890,18228,,@megynkelly
710534544865239040,2016-03-17 13:33:31,Who should star in a reboot of Liar Liar- Hillary Clinton or Ted Cruz? Let me know. https://www.instagram.com/p/BDEHPEgmhRv/,5192,9515,,
710563892687196160,2016-03-17 15:30:08,MAKE AMERICA GREAT AGAIN!,11749,27232,,
710626092114120708,2016-03-17 19:37:17,Hillary Clinton has been involved in corruption for most of her professional life!,11589,29508,,
710857360399400960,2016-03-18 10:56:16,"Join us in Salt Lake City, Utah- tonight! # MakeAmericaGreatAgain # Trump2016http://trumpsaltlakecity.eventbrite.com/",2742,7979,"#MakeAmericaGreatAgain,#Trump2016http",
710868991309443072,2016-03-18 11:42:29,Lyin' Ted Cruz lost all five races on Tuesday-and he was just given the jinx - a Lindsey Graham endorsement. Also backed Jeb. Lindsey got 0!,4453,13892,,
710904553219219456,2016-03-18 14:03:48,Senator @ LindseyGrahamSC made horrible statements about @ SenTedCruz – and then he endorsed him. No wonder nobody trusts politicians!,4349,11539,,"@LindseyGrahamSC,@SenTedCruz"
710905631008546816,2016-03-18 14:08:05,. @ EWErickson got fired like a dog from RedState and now he is the one leading opposition against me.,2596,6655,,@EWErickson
710914741321998336,2016-03-18 14:44:17,"With millions of dollars of negative and phony ads against me by the establishment, my numbers continue to go up. Can anyone explain this?",5284,15971,,
710918088460517376,2016-03-18 14:57:35,"Club For Growth tried to extort $1,000,000 from me. When I said NO, they went hostile with negative ads. Disgraceful!",2748,8103,,
710920172106850304,2016-03-18 15:05:51,"Club for Growth letter- trying to extort $1,000,000.00 from me. Remember, I said- NO!pic.twitter.com/suIfdiMg0Q",3986,9725,,
710920670608236544,2016-03-18 15:07:50,"Going to Salt Lake City, Utah, for a big rally. Lyin' Ted Cruz should not be allowed to win there - Mormons don't like LIARS! I beat Hillary",3870,12351,,
710923287430357001,2016-03-18 15:18:14,"Failed presidential candidate Mitt Romney, the man who ""choked"" and let us all down, is now endorsing Lyin' Ted Cruz. This is good for me!",4941,17984,,
710924053981188096,2016-03-18 15:21:17,"Failed Presidential Candidate Mitt Romney was campaigning with John Kasich & Marco Rubio, and now he is endorsing Ted Cruz. 1/2",3342,10563,,
710928141112332288,2016-03-18 15:37:31,Mitt Romney is a mixed up man who doesn't have a clue. No wonder he lost!,4890,15440,,
710928532461883392,2016-03-18 15:39:05,Join me tomorrow! # Trump2016 # MakeAmericaGreatAgainhttp://TrumpTucson.Eventbrite.com,2178,6828,"#Trump2016,#MakeAmericaGreatAgainhttp",
710929239269203968,2016-03-18 15:41:53,Thank you Arizona- I love you! # MakeAmericaGreatAgain # Trump2016pic.twitter.com/fTzaIvTX9b,4302,12181,"#MakeAmericaGreatAgain,#Trump2016pic",
710947686879531008,2016-03-18 16:55:11,"Everybody should boycott the @ megynkelly show. Never worth watching. Always a hit on Trump! She is sick, & the most overrated person on tv.",7063,22892,,@megynkelly
710989203388162050,2016-03-18 19:40:10,Do you believe that Hillary Clinton now wants Obamacare for illegal immigrants? She should spend more time taking care of our great Vets!,9611,23459,,
710995683860484097,2016-03-18 20:05:55,"I guess I have reached yet another ""ceiling"" - 49.7%, with four people. My highest Reuters poll yet! Thank you!pic.twitter.com/k5Ft585Arp",5664,17241,,
711007773052559360,2016-03-18 20:53:57,Why haven't they released the final Missouri victory for us yet? Could it be because Cruz's guy runs Missouri?,3322,10737,,
711035391302889472,2016-03-18 22:43:42,"Just leaving Salt Lake City, Utah- fantastic crowd with no interruptions. Love Utah- will be back!",3011,11334,,
711035814164230145,2016-03-18 22:45:23,Watching @ loudobbsnews- fantastic show! Has very interesting take on Paul Ryan.,2061,7111,,@loudobbsnews
711040837036154880,2016-03-18 23:05:20,Heading to Phoneix. Will be arriving soon. Tomorrow a big day. Tremendous crowds expected! # Trump2016 # MakeAmericaGreatAgain,2173,8418,"#Trump2016,#MakeAmericaGreatAgain",
711042337158340608,2016-03-18 23:11:18,"While I have never met @ nytdavidbrooks of the NY Times, I consider him one of the dumbest of all pundits- he has no sense of the real world!",2150,7956,,@nytdavidbrooks
711046009992798208,2016-03-18 23:25:54,"Reading @ nytdavidbrooks of the NY Times is a total waste of time, he is a clown with no awareness of the world around him- dummy!",1855,6655,,@nytdavidbrooks
711046719421550592,2016-03-18 23:28:43,Landing in Phoenix now. Tomorrow's events will be amazing! # Trump2016,2120,8263,#Trump2016,
711049674782674947,2016-03-18 23:40:27,Thank you- New York! I love you! # MakeAmericaGreatAgain # Trump2016pic.twitter.com/wyjV9DgdQA,4895,13157,"#MakeAmericaGreatAgain,#Trump2016pic",
711051718608326658,2016-03-18 23:48:35,""" @ ileanabarkus: @ nytdavidbrooks I totally agree! @ nytdavidbrooks is strictly conceptual and theoretical and has NO COMMONSENSE!""",1286,4677,,"@ileanabarkus,@nytdavidbrooks,@nytdavidbrooks"
711084345356738560,2016-03-19 01:58:13,"""@cmichaeld2004: Realistic Trump Poll Numbers translate to the 70 percentile range in a two-man race. Gee, what happened to that 30% ceiling",2561,7927,,
711085025857372161,2016-03-19 02:00:56,"""@WesleyRickard: Sheriff Joe Arpaio AZ Endorses Donald J Trump for President of the United States # AZ # UT https://twitter.com/WesleyRickard/status/710156998340419585/photo/1pic.twitter.com/4FzcTZIGqE """,3803,12987,"#AZ,#UT",
711087132052295680,2016-03-19 02:09:18,""" @ Veteran4Trump: Vets For A Strong America Endorses Donald Trump for president; ""We've Endorsed Him, We Believe In Him"" # Trump2016",3763,9630,#Trump2016,@Veteran4Trump
711087670412185601,2016-03-19 02:11:26,""" @ grammy620: 1st time I heard # Trump I said ""wow"". I liked him! I then became a closet # Trump fan. Today? He's the ONLY 1 I will vote for!",2106,7504,"#Trump,#Trump",@grammy620
711088013560778752,2016-03-19 02:12:48,""" @ AshleyEdam: It's great to see supporters like you along the way...watching Americans come together the past 8 months # voteTrump",1842,7225,#voteTrump,@AshleyEdam
711163293365198848,2016-03-19 07:11:56,""" @ Ma1973sk: Actually, no @ FoxNews, @ megynkelly has a sick obsession with Trump. Every day, every show, trashing, negative, hate.",2880,9104,,"@Ma1973sk,@FoxNews,@megynkelly"
711164130384674816,2016-03-19 07:15:16,""" @ DonaldJTrumpJr: Honored to be in # Utah with retired General Robert C. Oaks. We are so thankful for his support and endorsement here in SLC",2969,10016,#Utah,@DonaldJTrumpJr
711164424971661312,2016-03-19 07:16:26,"""@TeamTrumpAZ: Check out ""HANNITY EXCLUSIVE EVENT WITH TRUMP IN PHOENIX, AZ"" https://www.eventbrite.com/e/hannity-exclusive-event-with-trump-in-phoenix-az-tickets-23244843954?utm-medium=discovery&utm-campaign=social&utm-content=attendeeshare&aff=estw&utm-source=tw&utm-term=listing … @ Eventbrite""",2232,6622,,@Eventbrite
711175267599802368,2016-03-19 07:59:31,""" @ saneplanet: after tonight it is clear! Utah is # TrumpCountry # Utah # Mormon # UtahPrimary # Utah4Trump https://twitter.com/USAforTrump2016/status/711026216095059969 …""",2847,8326,"#TrumpCountry,#Utah,#Mormon,#UtahPrimary,#Utah4Trump",@saneplanet
711209246419845120,2016-03-19 10:14:32,Crazy @ megynkelly says I don't (won't) go on her show and she still gets good ratings. But almost all of her shows are negative hits on me!,2678,10132,,@megynkelly
711209847702749184,2016-03-19 10:16:55,"If crazy @ megynkelly didn't cover me so much on her terrible show, her ratings would totally tank. She is so average in so many ways!",3530,14132,,@megynkelly
711215886909050881,2016-03-19 10:40:55,Great to be back in Arizona! # MakeAmericaGreatAgain # Trump2016pic.twitter.com/uo287ZGvvQ,5035,14085,"#MakeAmericaGreatAgain,#Trump2016pic",
711218418775498752,2016-03-19 10:50:59,"Wow, @ CNN ratings are up 75% because it's ""all Trump, all the time."" The networks are making a fortune off of me! MAKE AMERICA GREAT AGAIN!",5415,15996,,@CNN
711275596626665472,2016-03-19 14:38:11,"THANK YOU ARIZONA! 20,000 amazing supporters! Get out and # VoteTrump on Tuesday. I love you! # MakeAmericaGreatAgainpic.twitter.com/pU5vB1pBO5",7183,21100,"#VoteTrump,#MakeAmericaGreatAgainpic",
711349494701494272,2016-03-19 19:31:50,. @ DiamondandSilk- Just watched you on # WattersWorld with a large group of people. Everybody loves you- two amazing people! # Trump2016,3397,10991,"#WattersWorld,#Trump2016",@DiamondandSilk
711350170798178304,2016-03-19 19:34:31,. @ jessebwatters- Watching your show from Arizona where we just had a big rally. It is fantastic- everybody loves it! # MakeAmericaGreatAgain,2741,10250,#MakeAmericaGreatAgain,@jessebwatters
711353589394972674,2016-03-19 19:48:06,. @ AndreaTantaros- You are a true journalistic professional. I so agree with what you say. Keep up the great work! # MakeAmericaGreatAgain,3921,12247,#MakeAmericaGreatAgain,@AndreaTantaros
711366483872522240,2016-03-19 20:39:20,"Thank you- Tucson, Arizona! A great afternoon with 6,000 supporters! # VoteTrump on Tuesday! # MakeAmericaGreatAgainpic.twitter.com/CTgYrLnAWV",4530,15716,"#VoteTrump,#MakeAmericaGreatAgainpic",
711388380668493824,2016-03-19 22:06:21,THANK YOU ARIZONA! Get out and # VoteTrump on Tuesday! # AZPrimary # MakeAmericaGreatAgain # Trump2016pic.twitter.com/5itxkQxrLF,4486,13402,"#VoteTrump,#AZPrimary,#MakeAmericaGreatAgain,#Trump2016pic",
711414965224259586,2016-03-19 23:51:59,""" @ jojo2foxy: TRUMP IS NOT AFRAID OF ANYTHING OR ANYONE - THAT'S THE PRESIDENT USA NEEDS TO UNITE US & KNOCK THE SOCKS OFF OUR ENEMIES!",4577,14265,,@jojo2foxy
711418254556852224,2016-03-20 00:05:04,The rallies in Utah and Arizona were great! Tremendous crowds and spirit. Just returned but will be going back soon.,3469,14062,,
711520501856866304,2016-03-20 06:51:21,""" @ GStephanopoulos: What’s @ realDonaldTrump's strategy to secure the GOP nomination? I’ll talk to the Republican front-runner. @ ThisWeekABC.""",1664,6444,,"@GStephanopoulos,@realDonaldTrump,@ThisWeekABC"
711521532149895168,2016-03-20 06:55:27,Will be interviewed on @ ThisWeekABC this morning. Enjoy!,1830,7676,,@ThisWeekABC
711586556688146434,2016-03-20 11:13:50,"Why is it that the horrendous protesters, who scream, curse punch, shut down roads/doors during my RALLIES, are never blamed by media? SAD!",14489,39547,,
711626493626093573,2016-03-20 13:52:32,"The protesters blocked a major highway yesterday, delaying entry to my RALLY in Arizona by hours, and the media blames my supporters!",6880,19503,,
711631122036293632,2016-03-20 14:10:55,"So the highly overrated anchor, @ megynkelly, is allowed to constantly say bad things about me on her show, but I can't fight back? Wrong!",6280,22666,,@megynkelly
711638301111939072,2016-03-20 14:39:27,""" @ gamzorz: @ megynkelly Dont worry Trump, They are losing thousands of viewers and money. Roger Ailes will be telling Megyn to stop""",2747,10303,,"@gamzorz,@megynkelly"
711639836810203142,2016-03-20 14:45:33,Big Republican Dinner tonight at Mar-a-Lago in Palm Beach. I will be there!,3046,12949,,
711653804983361536,2016-03-20 15:41:03,"Wow, President Obama just landed in Cuba, a big deal, and Raul Castro wasn't even there to greet him. He greeted Pope and others. No respect",10440,29573,,
711742734508421120,2016-03-20 21:34:26,""" @ BarronG510: @ realDonaldTrump The media is corrupt! We The People are fighting with you.""",4602,14869,,"@BarronG510,@realDonaldTrump"
712235345287516160,2016-03-22 06:11:53,""" @ MyPresidentme: Here's Trump # AIPAC2016 in case anyone missed it. It is a must watch. https://www.youtube.com/watch?v=f3d0LOIMmQQ …""",2943,8093,#AIPAC2016,@MyPresidentme
712248639947730944,2016-03-22 07:04:43,"Do you all remember how beautiful and safe a place Brussels was. Not anymore, it is from a different world! U.S. must be vigilant and smart!",15105,40788,,
712291134991691777,2016-03-22 09:53:34,"President Obama looks and sounds so ridiculous making his speech in Cuba, especially in the shadows of Brussels. He is being treated badly!",4986,17552,,
712291375958659072,2016-03-22 09:54:32,MAKE AMERICA GREAT AGAIN!,10035,22965,,
712300954775887876,2016-03-22 10:32:36,I have proven to be far more correct about terrorism than anybody- and it’s not even close. Hopefully AZ and UT will be voting for me today!,6747,21875,,
712311921542873088,2016-03-22 11:16:10,Watch this clip from earlier this year. Time & time again I have been right about terrorism. It’s time to get tough! https://www.instagram.com/p/BDQvbInGhWM/,6116,14478,,
712343435387260928,2016-03-22 13:21:24,"My heart & prayers go out to all of the victims of the terrible # Brussels tragedy. This madness must be stopped, and I will stop it.",14312,38095,#Brussels,
712351366925180929,2016-03-22 13:52:55,# VoteTrump video: https://www.facebook.com/DonaldTrump/videos/10156808566585725 … # AZPrimary # ArizonaPrimary # UtahCaucus # UTCaucus # AmericanSamoapic.twitter.com/bKruyYHFma,2490,7301,"#AZPrimary,#ArizonaPrimary,#UtahCaucus,#UTCaucus,#AmericanSamoapic",
712354185988202496,2016-03-22 14:04:07,# ArizonaPrimary message from @ IvankaTrump! # AZPrimary # MakeAmericaGreatAgain # Trump2016https://youtu.be/Er8mxM5qFd4,2038,6693,"#AZPrimary,#MakeAmericaGreatAgain,#Trump2016https",@IvankaTrump
712357352972939265,2016-03-22 14:16:42,# UtahCaucus message from @ IvankaTrump! # UTCaucus # MakeAmericaGreatAgain # Trump2016https://youtu.be/EcdGYvejQzI,2368,7233,"#UTCaucus,#MakeAmericaGreatAgain,#Trump2016https",@IvankaTrump
712357600621432832,2016-03-22 14:17:41,"Obama, and all others, have been so weak, and so politically correct, that terror groups are forming and getting stronger! Shame.",9502,24731,,
712408960918265857,2016-03-22 17:41:46,"Pres. Obama should leave the baseball game in Cuba immediately & get home to Washington- where a # POTUS, under a serious emergency belongs!",9736,29625,#POTUS,
712457104515317764,2016-03-22 20:53:05,"Lyin' Ted Cruz just used a picture of Melania from a G.Q. shoot in his ad. Be careful, Lyin' Ted, or I will spill the beans on your wife!",15222,32795,,
712473816614772736,2016-03-22 21:59:29,"Incompetent Hillary, despite the horrible attack in Brussels today, wants borders to be weak and open-and let the Muslims flow in. No way!",11087,30751,,
712481536470360064,2016-03-22 22:30:10,"Thank you, Arizona! # Trump2016 # WesternTuesday # TrumpTrainpic.twitter.com/VMCzxrryG8",5871,18223,"#Trump2016,#WesternTuesday,#TrumpTrainpic",
712484978735448065,2016-03-22 22:43:50,"Much bigger win than anticipated in Arizona. Thank you, I will never forget!",5787,21388,,
712490195778727936,2016-03-22 23:04:34,"Hopefully the Republican Party can come together and have a big WIN in November, paving the way for many great Supreme Court Justices!",6369,22241,,
712645789953167360,2016-03-23 09:22:51,Lyin' Ted Cruz denied that he had anything to do with the G.Q. model photo post of Melania. That's why we call him Lyin' Ted!,6879,21730,,
712709458187694080,2016-03-23 13:35:50,"Thank you, Arizona! # Trump2016 # MakeAmericaGreatAgain # TrumpTrain http://bit.ly/1Rh3oSDTrumpTrain …pic.twitter.com/Dgqky0JiHO",3561,11872,"#Trump2016,#MakeAmericaGreatAgain,#TrumpTrain",
712727046913462272,2016-03-23 14:45:44,"Lyin’ Ted Cruz steals foreign policy from me, and lines from Michael Douglas— just another dishonest politician.",4666,13270,,
712728075532943361,2016-03-23 14:49:49,"Low energy Jeb Bush just endorsed a man he truly hates, Lyin’ Ted Cruz. Honestly, I can’t blame Jeb in that I drove him into oblivion!",4424,15041,,
712729040352882690,2016-03-23 14:53:39,Just watched Hillary deliver a prepackaged speech on terror. She’s been in office fighting terror for 20 years- and look where we are!,9181,23140,,
712729376207540226,2016-03-23 14:54:59,"I will be the best by far in fighting terror. I’m the only one that was right from the beginning, & now Lyin’ Ted & others are copying me.",6026,18799,,
712731263929618433,2016-03-23 15:02:29,"I think having Jeb's endorsement hurts Lyin' Ted. Jeb spent more than $150,000,000 and got nothing. I spent a fraction of that and am first!",4849,15975,,
712748982531977216,2016-03-23 16:12:54,"While I believe I will clinch before Cleveland and get more than 1237 delegates, it is unfair in that there have been so many in the race!",3387,14388,,
712756995330281473,2016-03-23 16:44:44,I want to thank @ RealSheriffJoe for all of his help in our historic Arizona win. Could not have done it without you Joe!,4051,15264,,@RealSheriffJoe
712782227747311616,2016-03-23 18:25:00,MAKE AMERICA GREAT AGAIN!,10759,25764,,
712829601081384962,2016-03-23 21:33:15,""" @ DebraRakestraw: You have over 2M followers more than than @ HillaryClinton. This says something about how America feels. # Trump2016 """,3275,11593,#Trump2016,"@DebraRakestraw,@HillaryClinton"
712837228272164864,2016-03-23 22:03:33,""" @ tcsorr: @ jphilman0206 @ realDonaldTrump self-funded and media loves him. Not beholden to masters like @ tedcruz. Who owns Ted?""",2483,8362,,"@tcsorr,@jphilman0206,@realDonaldTrump,@tedcruz"
712845229674668032,2016-03-23 22:35:21,""" @ Kj11100Me: @ realDonaldTrump Donald Trump will be greater president than Ragan. Trump will set the button for morality,Christianity.",2545,8973,,"@Kj11100Me,@realDonaldTrump"
712850174838771712,2016-03-23 22:55:00,""" @ Don_Vito_08: ""A picture is worth a thousand words"" @ realDonaldTrump # LyingTed # NeverCruz @ MELANIATRUMP pic.twitter.com/5bvVEwMVF8""",9952,22044,"#LyingTed,#NeverCruz","@Don,@realDonaldTrump,@MELANIATRUMP"
712969068396093440,2016-03-24 06:47:26,N.A.T.O. is obsolete and must be changed to additionally focus on terrorism as well as some of the things it is currently focused on!,4228,12730,,
712972000927551488,2016-03-24 06:59:06,"We pay a disproportionate share of the cost of N.A.T.O. Why? It is time to renegotiate, and the time is now!",4435,11864,,
712997502769872897,2016-03-24 08:40:26,""" @ missi51: . @ realDonaldTrump thank God is not a politician, but he's one heck of a fighter who will fight for us, the people.""",2507,8336,,"@missi51,@realDonaldTrump"
713003045827780609,2016-03-24 09:02:27,It is amazing how @ LindseyGrahamSC gets on so many T.V. shows talking negatively about me when I beat him so badly (ZERO) in his pres run!,2581,9130,,@LindseyGrahamSC
713004219234709505,2016-03-24 09:07:07,". @ LindseyGrahamSC and Lyin' Ted Cruz are two politicians who are very much alike - ALL TALK AND NO ACTION! Both talk about ISIS, do nothing!",3190,9286,,@LindseyGrahamSC
713006012085760001,2016-03-24 09:14:14,"These politicians like Cruz and Graham, who have watched ISIS and many other problems develop for years, do nothing to make things better!",4171,12461,,
713006944047534081,2016-03-24 09:17:57,"Remember when I recently said that Brussels is a ""hell hole"" and a mess and the failing @ nytimes wrote a critical article. I was so right!",4915,13560,,@nytimes
713012045214531584,2016-03-24 09:38:13,"It is amazing how often I am right, only to be criticized by the media. Illegal immigration, take the oil, build the wall, Muslims, NATO!",6190,18556,,
713012937787588609,2016-03-24 09:41:46,"""@TimVincent56: @ LindseyGrahamSC Talkers think about the future, Doers are already building it"" # VoteTrump2016 pic.twitter.com/OoB38jypsD""",4622,14399,#VoteTrump2016,@LindseyGrahamSC
713014127061544961,2016-03-24 09:46:29,"Hillary Clinton has been working on solving the terrorism problem for years. TIME FOR A CHANGE, I WILL SOLVE - AND FAST!",5014,12683,,
713025973751529472,2016-03-24 10:33:34,". @ TheView T.V. show, which is failing so badly that it will soon be taken off thr air, is constantly asking me to go on. I TELL THEM ""NO""",2898,11857,,@TheView
713027407742177280,2016-03-24 10:39:16,"Explain how the women on The View, which is a total disaster since the great Barbara Walters left, ever got their jobs. @ abc is wasting time",3731,14917,,@abc
713029867810463744,2016-03-24 10:49:02,""" @ Doctor_S_Freud: @ TheView They're all brain-dead puppets with skeletons in their closet. I say you go on and destroy them all"" A dead show",2183,8186,,"@Doctor,@TheView"
713030660475240448,2016-03-24 10:52:11,"Just announced that as many as 5000 ISIS fighters have infiltrated Europe. Also, many in U.S. I TOLD YOU SO! I alone can fix this problem!",7828,18897,,
713031504415338497,2016-03-24 10:55:32,Europe and the U.S. must immediately stop taking in people from Syria. This will be the destruction of civilization as we know it! So sad!,8193,20967,,
713032429297078274,2016-03-24 10:59:13,""" @ NeilTurner_: @ realDonaldTrump Cruz & Rubio are scared! WATCH -> https://www.youtube.com/watch?v=Xt4oRhINk2E … https://twitter.com/NeilTurner_/status/713029877234950144/photo/1pic.twitter.com/W2r6mOzgkb """,2575,6248,,"@NeilTurner,@realDonaldTrump"
713033155989610496,2016-03-24 11:02:06,Endorsements for Lyin' Ted Cruz- https://www.instagram.com/p/BDV28yimhQp/,3318,8642,,
713066424563052544,2016-03-24 13:14:18,MAKE AMERICA GREAT AGAIN!pic.twitter.com/PHgrT1Nl27,6977,18141,,
713120275299229697,2016-03-24 16:48:17,Just won a big federal lawsuit similar in certain ways to the Trump U case but the press refuses to write about it. If I lost-monster story!,6911,22501,,
713131098969083904,2016-03-24 17:31:17,"I didn't start the fight with Lyin'Ted Cruz over the GQ cover pic of Melania, he did. He knew the PAC was putting it out - hence, Lyin' Ted!",7908,23091,,
713133907567329285,2016-03-24 17:42:27,"Wow, just released that $67 million in negative ads was spent on me. How am I still number one - by a lot?",8928,27667,,
713471400082874368,2016-03-25 16:03:32,""" @ 11phenomenon: # LyingTed blames @ realDonaldTrump for so many things I am starting to think he is having a mental health crisis.""",4835,13868,#LyingTed,"@11phenomenon,@realDonaldTrump"
713556905550069761,2016-03-25 21:43:18,"Top suspect in Paris massacre, Salah Abdeslam, who also knew of the Brussels attack, is no longer talking. Weak leaders, ridiculous laws!",5081,14779,,
713558033129930752,2016-03-25 21:47:47,""" @ theAgeofLeo: Your instincts on foreign policy & terrorism have been better than all of these so called experienced politicians combined.""",3308,10981,,@theAgeofLeo
713558941662322688,2016-03-25 21:51:23,""" @ stanColtrane: Turns out @ glennbeck was wrong. @ realDonaldTrump had nothing to do with it http://tinyurl.com/zlgr58e """,4173,9181,,"@stanColtrane,@glennbeck,@realDonaldTrump"
713675903797174272,2016-03-26 05:36:09,""" @ SpartanMaker: Let me help you Trumpophobes with math: Trump: ($10.3B-$1.2M 74' equity)/1.2M = 858,233%. S&P: 1314.5% # Derp""",2197,7196,#Derp,@SpartanMaker
713676890750509056,2016-03-26 05:40:04,""" @ Tytan01: Dear @ CNN, after doing a quick Google & Twitter search there are over 15,000 women's groups supporting DonaldTrump. Stop Lying.""",6455,15639,,"@Tytan01,@CNN"
713687943278424064,2016-03-26 06:24:00,""" @ pattiandsammi: @gullakhta99 @ realDonaldTrump @ Tytan01 @ CNN WOMEN LOVE TRUMP. TRUMP'S EXECS PREDOMINANTLY FEMALE. # WOMEN4TRUMP""",4263,11898,#WOMEN4TRUMP,"@pattiandsammi,@gullakhta99,@realDonaldTrump,@Tytan01,@CNN"
713747213801938946,2016-03-26 10:19:31,"The media is so after me on women Wow, this is a tough business. Nobody has more respect for women than Donald Trump!",10533,26322,,
713803130417324032,2016-03-26 14:01:42,"The press is going out of their way to convince people that I do not like or respect women, when they know that it is just the opposite!",6541,19599,,
713806176274804736,2016-03-26 14:13:48,Lyin' Ted Cruz is now trying to convince prople that his problems with The National Enq.were caused by me. I had NOTHING to do with story!,5441,16654,,
713807872388440069,2016-03-26 14:20:33,Nobody will protect our Nation like Donald J. Trump. Our military will be greatly strengthened and our borders will be strong. Illegals out!,7910,22925,,
713809729764589568,2016-03-26 14:27:56,"Wisconsin's economy is doing poorly and like everywhere else in U.S., jobs are leaving. I will make our economy strong again - bring in jobs",5235,16252,,
713820823665119232,2016-03-26 15:12:01,"Don't believe the @ FoxNews Polls, they are just another phony hit job on me. I will beat Hillary Clinton easily in the General Election.",7641,24965,,@FoxNews
713821835402616833,2016-03-26 15:16:02,"Remember, I am the only candidate who is self-funding. While I am given little credit for this by the voters, I am not bought like others!",9018,29580,,
714075020113240066,2016-03-27 08:02:06,I am interviewed on This Week on @ ABC this morning. Enjoy!,2083,8602,,@ABC
714093135857631232,2016-03-27 09:14:05,"Wow, sleepy eyes @ chucktodd is at it again. He is do totally biased. The things I am saying are correct. - far better vision than the others",3229,11403,,@chucktodd
714095595888238592,2016-03-27 09:23:51,"My statement on NATO being obsolete and disproportionately too expensive (and unfair) for the U.S. are now, finally, receiving plaudits!",5450,15703,,
714175472557424640,2016-03-27 14:41:16,"Happy Easter to all, have a great day!",7717,27408,,
714189569793646597,2016-03-27 15:37:17,"Another radical Islamic attack, this time in Pakistan, targeting Christian women & children. At least 67 dead,400 injured. I alone can solve",9294,22946,,
714194279409848320,2016-03-27 15:55:59,Why can't the pundits be honest? Hopefully we are all looking for a strong and great country again. I will make it strong and great! JOBS!,4703,14704,,
714198237675003904,2016-03-27 16:11:43,"Just to show you how unfair Republican primary politics can be, I won the State of Louisiana and get less delegates than Cruz-Lawsuit coming",8576,23431,,
714214633016573953,2016-03-27 17:16:52,"See Lyin' Ted, even the @ DailyBeast (no fan of mine) says this story came from Rubio, not Trump!pic.twitter.com/Okc8XajVnz",6113,12091,,@DailyBeast
714260201927520256,2016-03-27 20:17:57,"The United States cannot continue to make such bad, one-sided trade deals. There are only so many jobs we can give up. No more!",6005,18846,,
714264864575922177,2016-03-27 20:36:28,"""@VictorConkle: # WIPrimary @ realDonaldTrump will defeat ISIS and # MakeAmericaGreatAgain https://twitter.com/wsj/status/714242249857609728 …""",2699,7292,"#WIPrimary,#MakeAmericaGreatAgain",@realDonaldTrump
714411420104925184,2016-03-28 06:18:50,"I will be interviewed on @ foxandfriends at 7:30. Things are looking good, had a great Easter-look forward to spending the week in Wisconsin!",2957,12048,,@foxandfriends
714423264039317505,2016-03-28 07:05:54,""" @ nellalda: @ realDonaldTrump We stand by Trump 100%"" Thank you!",3102,10706,,"@nellalda,@realDonaldTrump"
714463489503404032,2016-03-28 09:45:44,"""Kirsten Powers: Anti- Trump Operative was Aggressively Shopping Cruz Story"" via the Gateway Pundit:http://www.thegatewaypundit.com/2016/03/kirsten-powers-anti-trump-operative-aggressively-shopping-cruz-sex-scandal-video/ …",3570,7141,,
714503667261562880,2016-03-28 12:25:23,"A detainee released from Gitmo has killed an American. When will our so-called ""leaders"" ever learn!",7655,17492,,
714577392367443970,2016-03-28 17:18:21,"Ted Cruz is incensed that I want to refocus NATO on terrorism, as well as current mission, but also want others to PAY FAIR SHARE, a must!",3717,10789,,
714578358022090752,2016-03-28 17:22:11,""" @ wolfblitzer: Campaign-to-date popular GOP totals: @ realDonaldTrump 7,546,980; @ tedcruz 5,481,737; @ JohnKasich 2,724,749"" A BIG DIFFERENCE",3038,8619,,"@wolfblitzer,@realDonaldTrump,@tedcruz,@JohnKasich"
714581379351252996,2016-03-28 17:34:11,Just released that international gangs are all over our cities. This will end when I am President!,4977,13406,,
714581499362803713,2016-03-28 17:34:40,""" @ PaulaDuvall2: Cruz will say anything that is contrary to what you have to say. If you're for Motherhood, he'll be against it!""",2354,8327,,@PaulaDuvall2
714591260791713792,2016-03-28 18:13:27,"After the way I beat Gov. Scott Walker (and Jeb, Rand, Marco and all others) in the Presidential Primaries, no way he would ever endorse me!",3709,11819,,
714617467839111173,2016-03-28 19:57:35,"Lyin'Ted Cruz is weak & losing big, so now he wants to debate again. But, according to Drudge,Time and on-line polls, I have won all debates",4230,14300,,
714619106151030784,2016-03-28 20:04:06,"Lyin' Ted, I have already beaten you in all debates, and am way ahead of you in votes and delegates. You should focus on jobs & illegal imm!",4546,15212,,
714619931938197504,2016-03-28 20:07:23,"We need to secure our borders ASAP. No games, we must be smart, tough and vigilant. MAKE AMERICA GREAT AGAIN & MAKE AMERICA STRONG AGAIN!",8097,20739,,
714807977052610569,2016-03-29 08:34:36,"Wow, @ CNN has nothing but my opponents on their shows. Really one-sided and unfair reporting. Maybe I shouldn't do their town-hall tonight!",4730,16612,,@CNN
714818473382248448,2016-03-29 09:16:19,"I have millions more votes/hundreds more dels than Cruz or Kasich, and yet am not being treated properly by the Republican Party or the RNC.",6407,20702,,
714825845504942080,2016-03-29 09:45:37,How come the @ TODAYshow & @ chucktodd show the new @ NBCNews Poll for Hillary vs Bernie but do not show the SAME poll where I am killing Cruz?,3741,10855,,"@TODAYshow,@chucktodd,@NBCNews"
714855025055514624,2016-03-29 11:41:33,"Wow, Corey Lewandowski, my campaign manager and a very decent man, was just charged with assaulting a reporter. Look at tapes-nothing there!",5280,14634,,
714855791199719424,2016-03-29 11:44:36,"Why aren't people looking at this reporters earliest statement as to what happened, that is before she found out the episode was on tape?",4573,12280,,
714891184867508224,2016-03-29 14:05:15,Victory press conference was over. Why is she allowed to grab me and shout questions? Can I press charges?pic.twitter.com/qbW2RjkINX,9139,23532,,
714894618333212675,2016-03-29 14:18:53,"This was the reporters statement- when she found out there was tape from my facility, she changed her tune.pic.twitter.com/N5815RS1At",5544,12127,,
714898756420939780,2016-03-29 14:35:20,Why is this reporter touching me as I leave news conference? What is in her hand??pic.twitter.com/HQB8dl0fhn,11147,23956,,
714899439706574848,2016-03-29 14:38:03,MAKE AMERICA GREAT AGAIN!http://cnn.it/1PBVj5u,5131,11681,,
714911110575562753,2016-03-29 15:24:25,Thank you! # MakeAmericaGreatAgainpic.twitter.com/sVUWI7JoGn,4602,12320,#MakeAmericaGreatAgainpic,
714925079247847424,2016-03-29 16:19:56,Trump defends campaign manager charged for bruising a reporter:http://dailym.ai/1V15tU3,2831,8884,,
714926538714660866,2016-03-29 16:25:44,Thank you! # Trump2016pic.twitter.com/ZWZkHrtRQN,5888,15050,#Trump2016pic,
714967208439451650,2016-03-29 19:07:20,Final #'s just announced in the GREAT State of MO. TRUMP WINS! New certified #'s show a 365 vote increase for me- @least 12 more delegates!,7141,20699,,@least
715013260462960642,2016-03-29 22:10:20,". @ DavidGregory got thrown off of TV by NBC, fired like a dog! Now he is on @ CNN being nasty to me. Not nice!",3544,11352,,"@DavidGregory,@CNN"
715216002347360256,2016-03-30 11:35:57,"THANK YOU, NEW YORK! # MakeAmericaGreatAgain # Trump2016 https://www.facebook.com/DonaldTrump/posts/10156861405690725:0 …pic.twitter.com/fSgpKjwk2q",5899,15280,"#MakeAmericaGreatAgain,#Trump2016",
715223526635094016,2016-03-30 12:05:51,Please keep your thoughts & prayers with Melissa Young- Miss Wisconsin 2005.http://www.cnn.com/2016/03/30/politics/trump-miss-wisconsin-emotional-moment/index.html?sr=twCNN033016trump-miss-wisconsin-emotional-moment0214PMStoryLink&linkId=22869280 …,6410,15529,,
715286909824663552,2016-03-30 16:17:43,Congratulations to @ CNN for having the wisdom to pick TRUMP! # MakeAmericaGreatAgain # Trump2016pic.twitter.com/Up8DhQulZ4,4139,12099,"#MakeAmericaGreatAgain,#Trump2016pic",@CNN
715291320563146752,2016-03-30 16:35:14,"Thank you- Appleton, Wisconsin! # WIPrimary # Trump2016 https://www.facebook.com/DonaldTrump/posts/10156862675620725:0 …pic.twitter.com/klUNUV2J5S",5252,14326,"#WIPrimary,#Trump2016",
715369991214866432,2016-03-30 21:47:51,"""@Gearssuxs: @ loudobbsnews @ realDonaldTrump I'm a democrat and switch over to republican just to vote for trump in the primary."" Great!",3863,12878,,"@loudobbsnews,@realDonaldTrump"
715372505486245888,2016-03-30 21:57:50,""" @ susanbirchfiel1: Nothing you say will change my mind! Woman for @ realDonaldTrump https://twitter.com/Carolde/status/715345677409259520 …""",4976,11906,,"@susanbirchfiel1,@realDonaldTrump"
715536209385115649,2016-03-31 08:48:20,The Trump Doctrine: Peace Through Strength. # Trump2016 https://www.facebook.com/DonaldTrump/posts/10156866194350725 …pic.twitter.com/tr1ILOoLUb,5370,13288,#Trump2016,
715616148335759360,2016-03-31 14:05:59,Just had a very nice meeting with @ Reince Priebus and the @ GOP. Looking forward to bringing the Party together --- and it will happen!,7577,21913,,"@Reince,@GOP"
715636703369691136,2016-03-31 15:27:40,"THANK YOU, WISCONSIN! # VoteTrump next Tuesday, April 5th! # WIPrimary http://bit.ly/1RswyojVoteTrumpWI …pic.twitter.com/IOBhOXeBiN",4646,11595,"#VoteTrump,#WIPrimary",
715664091893731329,2016-03-31 17:16:30,"THANK YOU, AMERICA! # Trump2016 # MakeAmericaGreatAgain http://bit.ly/1RQ7R0hGOPNationalPoll …pic.twitter.com/uJnmDnvkUv",4588,12531,"#Trump2016,#MakeAmericaGreatAgain",
715668280153911296,2016-03-31 17:33:09,"THANK YOU, NEW YORK! # Trump2016https://twitter.com/foxnews/status/715661314132017152 …",4177,11244,#Trump2016https,
715725628465680386,2016-03-31 21:21:02,# MakeAmericaGreatAgain # Trump2016 https://instagram.com/p/BDo-7SimhUn/ pic.twitter.com/VlMynYN3sd,5968,13512,#Trump2016,
715756428447858688,2016-03-31 23:23:25,"The Club For Growth,which asked me for $1,000,000 in an extortion attempt, just put up a Wisconsin ad with incorrect math.What a dumb group!",4648,13663,,
715758039836594176,2016-03-31 23:29:49,The Club For Growth said in their ad that 465 delegates (Cruz) plus 143 delegates (Kasich) is more than my 739 delegates. Try again!,4313,12563,,
715907761926750208,2016-04-01 09:24:46,The National Border Patrol Council (NBPC) said that our open border is the biggest physical & economic threat facing the American people!,6052,16447,,
715907894584197120,2016-04-01 09:25:17,"For the 1st time in American history, America’s 16,500 border patrol agents have issue a presidential primary endorsement—me! Thank you.",10840,29307,,
715973328868085761,2016-04-01 13:45:18,Does anybody like Lyin' Ted? https://www.instagram.com/p/BDqwFr_GhZJ/,3179,8523,,
715980291672829953,2016-04-01 14:12:58,"My new radio ad, airing today in Wisconsin! See you soon! # WIPrimary # Trump2016 http://www.donaldjtrump.com/media/make-america-great-again-radio-spot …",4126,9903,"#WIPrimary,#Trump2016",
716019755682045952,2016-04-01 16:49:47,We must build a great wall between Mexico and the United States!http://www.dailymail.co.uk/news/article-3518397/Moment-two-drugs-smugglers-filmed-news-crew-sneaking-U-S-scaling-Arizona-border-fence.html …,6172,13447,,
716020373045841920,2016-04-01 16:52:14,"Can you believe that Ted Cruz, who has been killing our country on trade for so long, just put out a Wisconsin ad talking about trade?",5071,13535,,
716031548382773248,2016-04-01 17:36:39,MAKE AMERICA GREAT AGAIN!https://today.yougov.com/news/2016/03/31/trump-still-leads/ …,3241,10016,,
716078699175682053,2016-04-01 20:44:00,Is it possible for @ megynkelly to cover anyone but Donald Trump on her terrible show. She totally misrepresents my words and positions! BAD.,5326,19053,,@megynkelly
716085112610426880,2016-04-01 21:09:29,"If @ megynkelly stopped covering me on her show, her ratings would drop like a rock! My h to h interview with @ AC360 beat her by millions!",3413,12212,,"@megynkelly,@AC360"
716088246258651136,2016-04-01 21:21:56,"I will be in Wisconsin until the election. Jobs, trade and immigration will be big factors. I will bring jobs back home - make great deals!",5636,16724,,
716222480738869248,2016-04-02 06:15:20,"Wisconsin has suffered a great loss of jobs and trade, but if I win, all of the bad things happening in the U.S. will be rapidly reversed!",6819,19828,,
716344003789266944,2016-04-02 14:18:14,"Join me on Monday, April 4th in Milwaukee! # WIPrimary # Trump2016 Tickets: https://www.donaldjtrump.com/schedule/register/milwaukee-wi/ …pic.twitter.com/F7P4s6oAzN",3327,7927,"#WIPrimary,#Trump2016",
716359318828769280,2016-04-02 15:19:05,"Great honor to have @ GOP General Counsel, # JohnRyder as a Trump delegate in TN. RNC meeting well worth it! Unifying the party!",4161,11503,#JohnRyder,@GOP
716362171404435458,2016-04-02 15:30:25,". @ HeyTammyBruce- Thank you for your nice words on Fox today. They never use my full statements on nuclear, which you would agree with!",3218,10862,,@HeyTammyBruce
716362367119069185,2016-04-02 15:31:12,. @ FoxNews should be ashamed for allowing experts to explain how to make a nuclear attack!,4029,11517,,@FoxNews
716412682581053440,2016-04-02 18:51:08,A GREAT DAY IN WISCONSIN! Thank you # Racine & # Wausau! Just arrived in # EauClaire! # Trump2016 # WIPrimary # TrumpTrainpic.twitter.com/a0iKqNepD5,4074,12064,"#Racine,#Wausau,#EauClaire,#Trump2016,#WIPrimary,#TrumpTrainpic",
716462678802345984,2016-04-02 22:09:48,I will be interviewed by @ jdickerson on @ FaceTheNation tomorrow morning. Enjoy! # Trump2016,2274,7408,#Trump2016,"@jdickerson,@FaceTheNation"
716464023273910273,2016-04-02 22:15:09,"Thank you Eau Claire, Wisconsin. # VoteTrump on Tuesday, April 5th! MAKE AMERICA GREAT AGAIN!pic.twitter.com/JI5JqwHnMC",4054,12568,#VoteTrump,
716590192413507584,2016-04-03 06:36:30,""" @ FaceTheNation: Tune in for our sit-down interview with Republican frontrunner @ realDonaldTrump! pic.twitter.com/oVm8ozIC8h""",2273,7601,,"@FaceTheNation,@realDonaldTrump"
716600252934041601,2016-04-03 07:16:28,I will be on @ FoxNewsSunday with Chris Wallace this morning. Enjoy!,1838,6676,,@FoxNewsSunday
716620675071537152,2016-04-03 08:37:37,""" @ Wheels155: @ CNN is reviewing the week,but majority of the show about @ realDonaldTrump cuz there would be 0.0 ratings if not. Media's a JOKE",2063,6740,,"@Wheels155,@CNN,@realDonaldTrump"
716621438535471104,2016-04-03 08:40:39,""" @ Margee11: # WISCONSIN VOTE SMART @ tedcruz RECORDS R SEALED.. WHAT IS HE HIDING? SAVE AMERICA W/ @ realDonaldTrump pic.twitter.com/kMuAoGF99S""",5625,10782,#WISCONSIN,"@Margee11,@tedcruz,@realDonaldTrump"
716621639564324865,2016-04-03 08:41:27,""" @ 007cigarjoe: # MakeAmericaGreatAgain # Trump2016 @ realDonaldTrump IS THE ONLY DEAL !!! https://twitter.com/cindyboyenga/status/716608586135285762 …""",2156,6024,"#MakeAmericaGreatAgain,#Trump2016","@007cigarjoe,@realDonaldTrump"
716622947901915136,2016-04-03 08:46:39,Thank you! # Trump2016 # WIPrimarypic.twitter.com/alx0AY6E8J,4808,12949,"#Trump2016,#WIPrimarypic",
716639648873844740,2016-04-03 09:53:01,""" @ GOPjenna: ""I don't care about the game, I care about the PEOPLE."" And that's exactly why WE THE PEOPLE love you so much! # Trump2016""",4080,11211,#Trump2016,@GOPjenna
716683752227913728,2016-04-03 12:48:16,"Thank you New York, and Pennsylvania! # MakeAmericaGreatAgain # Trump2016pic.twitter.com/sziCGsvGbz",5060,13068,"#MakeAmericaGreatAgain,#Trump2016pic",
716688097237458945,2016-04-03 13:05:32,Thank you Miss Katie's Diner! # MakeAmericaGreatAgain # Trump2016 https://www.facebook.com/DonaldTrump/posts/10156881962720725:0 …pic.twitter.com/uTSIiVqPkT,3418,9994,"#MakeAmericaGreatAgain,#Trump2016",
716727859876917248,2016-04-03 15:43:32,"I will be in Milwaukee, Wisconsin- tomorrow at 7pmE with @ MELANIATRUMP. Join us! # WIPrimary # Trump2016 https://www.donaldjtrump.com/schedule/register/milwaukee-wi/ …",2999,8377,"#WIPrimary,#Trump2016",@MELANIATRUMP
716774329837420544,2016-04-03 18:48:11,Congratulations to @ gohermie for winning the @ ShellHouOpen. We are all proud of you @ TNGCBedminster & all @ TrumpGolf clubs! Great going!,1848,7553,,"@gohermie,@ShellHouOpen,@TNGCBedminster,@TrumpGolf"
716780878777556994,2016-04-03 19:14:13,"I am on @ FoxNews with @ greta doing a town hall, from Wisconsin- now! Enjoy! # MakeAmericaGreatAgain # Trump2016",2244,9584,"#MakeAmericaGreatAgain,#Trump2016","@FoxNews,@greta"
716811670031581185,2016-04-03 21:16:34,"A great night in West Allis, Wisconsin! Thank you! # VoteTrumpWI # WIPrimary https://www.facebook.com/DonaldTrump/posts/10156883852800725:0 …pic.twitter.com/syGyqtOebs",4117,11646,"#VoteTrumpWI,#WIPrimary",
716826069777645568,2016-04-03 22:13:47,"A great day in Wisconsin, many stops, many great people! Melania is joining me on Monday. Big crowds. MAKE AMERICA GREAT AGAIN!",4425,15004,,
717027537990365186,2016-04-04 11:34:21,"Just departing La Crosse, Wisconsin. Thank you! # Trump2016 # WIPrimary https://www.facebook.com/DonaldTrump/posts/10156886597880725:0 …pic.twitter.com/7umXgUjEzi",2715,8749,"#Trump2016,#WIPrimary",
717050067840929792,2016-04-04 13:03:52,Congratulations Jim Herman! We are all proud of you @ TrumpGolf!http://www.usatoday.com/story/sports/golf/2016/04/03/donald-trump-ex-employee-jim-herman-wins-shell-houston-open-golf/82596480/ …,1690,5977,,@TrumpGolf
717088318068891648,2016-04-04 15:35:52,"Will be interviewed on @ SeanHannity on @ FoxNews from # Wisconsin tonight. My wife, Melania, will join me for the entire show.",3130,9703,#Wisconsin,"@SeanHannity,@FoxNews"
717092823326064640,2016-04-04 15:53:46,"Wow, great news from Wisconsin. Just made two speeches there with a big one coming tonight. Thank you!https://twitter.com/howardkurtz/status/717058440942628864 …",3701,10364,,
717096171068661761,2016-04-04 16:07:04,"Leaving Superior, Wisconsin now. Thank you! # Trump2016 # WIPrimary https://www.facebook.com/DonaldTrump/posts/10156887510055725:0 …pic.twitter.com/2C4HEwrTQF",3125,9569,"#Trump2016,#WIPrimary",
717140417469349888,2016-04-04 19:02:54,MAKE AMERICA GREAT AGAIN!https://amp.twimg.com/v/7f4041fa-7f0a-490f-adb8-32b060a9c8a0 …,10029,18106,,
717158349008011264,2016-04-04 20:14:09,"I will be on @ SeanHannity @ FoxNews- tonight at 10pmE w/ @ MELANIATRUMP, from Wisconsin. Enjoy! # WIPrimary # Trump2016pic.twitter.com/znfxf2wyrr",2422,8783,"#WIPrimary,#Trump2016pic","@SeanHannity,@FoxNews,@MELANIATRUMP"
717170068430397440,2016-04-04 21:00:43,"""@vikkideiter: Something VERY close to my heart. I'm a NAVY VET! I love @ realDonaldTrump's VETERANS ADMINISTRATION REFORMS.",3101,9150,,@realDonaldTrump
717189147497091072,2016-04-04 22:16:32,""" @ FoxNews: @ ScottBaio: "" # DonaldTrump is the only guy, I think, that has the will & the nerve to attack & to fight.""https://amp.twimg.com/v/4287e37d-b2b2-4e08-9b04-cbad8d0c6617 …",5950,15562,#DonaldTrump,"@FoxNews,@ScottBaio"
717192412213420032,2016-04-04 22:29:30,MAKE AMERICA GREAT AGAIN!https://amp.twimg.com/v/1c9fb570-e49e-45e0-82dd-0f9f9c80f13f …,6382,13728,,
717321031321432064,2016-04-05 07:00:35,Good morning Wisconsin! The polls are now open! # VoteTrump today & we will MakeAmericaGreatAgain!http://bit.ly/1Vt2jbScavWI,7838,17365,#VoteTrump,
717395599633563648,2016-04-05 11:56:54,"Wisconsin, we will MAKE AMERICA GREAT AGAIN!",3835,12363,,
717400207898591232,2016-04-05 12:15:12,""" @ roadsho: Challenge to all WI gun owners. Vote @ realDonaldTrump.The only candidate that will protect your rights!https://twitter.com/MikeSuppa/status/717395747201802240 …",2767,7561,,"@roadsho,@realDonaldTrump"
717433113882787840,2016-04-05 14:25:58,"Wow, @ Politico is in total disarray with almost everybody quitting. Good news -- bad, dishonest journalists!https://www.washingtonpost.com/lifestyle/style/politicos-senior-managers-beat-an-early-retreat/2016/04/04/23599956-fa9d-11e5-886f-a037dba38301_story.html …",2794,7027,,@Politico
717483825446707200,2016-04-05 17:47:28,Still time to get out and VOTE! # WIPrimary # Trump2016 # MAGApic.twitter.com/HjnGrR25Vf,3347,9940,"#WIPrimary,#Trump2016,#MAGApic",
717753959176396801,2016-04-06 11:40:53,"It is so great to be back home! Looking forward to a great rally tonight in Bethpage, Long Island!",6007,21210,,
717872177782124545,2016-04-06 19:30:39,I was not scheduled to be on the @ oreillyfactor. Pure fiction!,2593,8797,,@oreillyfactor
717872274569822208,2016-04-06 19:31:02,"Unbelievable evening. Just made a speech in front 17,000 amazing New Yorkers in Bethpage, Long Island--- great to be home!",6380,23338,,
717910383491751936,2016-04-06 22:02:28,# MakeAmericaGreatAgain # Trump2016pic.twitter.com/hjygbNsxee,5477,15013,#Trump2016pic,
718159369033162752,2016-04-07 14:31:50,Ted Cruz attacked New Yorkers and New York values- we don't forget! https://www.instagram.com/p/BD6SKImGhQt/,4851,12170,,
718259314197164034,2016-04-07 21:08:59,""" @ gracefulme3: @ seanhannity @ tedcruz @ realDonaldTrump Cruz is hated in New York. He should go home - no place for a phony""",3119,9227,,"@gracefulme3,@seanhannity,@tedcruz,@realDonaldTrump"
718268624012754944,2016-04-07 21:45:59,""" @ Genie115: # MakeAmericaGreatAgain we can only do that with @ realDonaldTrump RT https://twitter.com/Genie115/status/718262802100666370/photo/1pic.twitter.com/RViAgxoa4t """,6123,14460,#MakeAmericaGreatAgain,"@Genie115,@realDonaldTrump"
718268906176122881,2016-04-07 21:47:06,""" @ Keeblerqueen: @ RealRudyGiulian @ realDonaldTrump Thanks Rudy!!! Trump will be a great president!!""",2445,7848,,"@Keeblerqueen,@RealRudyGiulian,@realDonaldTrump"
718269255872081922,2016-04-07 21:48:30,""" @ DiCristo13: @ realDonaldTrump let's have the policy speeches on immigration, economy, foreign policy, and NATO! pic.twitter.com/Uuit2hWmhW""",8086,20453,,"@DiCristo13,@realDonaldTrump"
718269634814865410,2016-04-07 21:50:00,""" @ iamDaveK: @ realDonaldTrump first WWE Hall of Famer to become president?""",2190,6785,,"@iamDaveK,@realDonaldTrump"
718408900375154688,2016-04-08 07:03:23,"So great to be in New York. Catching up on many things (remember, I am still running a major business while I campaign) and loving it!",3806,14935,,
718409541273194497,2016-04-08 07:05:56,""" @ WPayton344: @ PaulManafort Great Interview on CNN-Being from CT- I am thrilled you are part of this Team-GO TRUMP!""",2354,6939,,"@WPayton344,@PaulManafort"
718410250437705729,2016-04-08 07:08:45,""" @ glozee1: Great interview with @ PaulManafort on @ CNN regarding @ realDonaldTrump path to victory # NewDay # MakeAmericaGreatAgain @ DanScavino""",1977,6161,"#NewDay,#MakeAmericaGreatAgain","@glozee1,@PaulManafort,@CNN,@realDonaldTrump,@DanScavino"
718410936562925568,2016-04-08 07:11:29,"""@R_U_OK_UK: @ realDonaldTrump @ glozee1 @ PaulManafort @ CNN @ DanScavino Vote trump to save the west. Don't become like Europe - # WakeUpAmerica",3437,8882,#WakeUpAmerica,"@realDonaldTrump,@glozee1,@PaulManafort,@CNN,@DanScavino"
718516815782088704,2016-04-08 14:12:12,Jennifer is a terrific person.https://twitter.com/jbierm292/status/718494597064847360 …,2839,7463,,
718518072861192192,2016-04-08 14:17:12,Looks like I was right about NATO. I had no doubt.http://foreignpolicy.com/2016/04/06/senators-slam-nato-free-riders-in-closed-door-meeting-with-secretary-general/ …,4774,9886,,
718530443272970240,2016-04-08 15:06:21,Nobody beats me on National Security.http://www.newsmax.com/Newsfront/newsmax-fabrizio-pool-donald-trump/2016/03/23/id/720556/ …,3328,9163,,
718546390390071296,2016-04-08 16:09:44,“Donald Trump—The Disrupter” will air on @ FoxNews Saturday night and Sunday night at 8 PM ET. Anchored by @ BretBaier. @ johnrobertsFox,2584,6842,,"@FoxNews,@BretBaier,@johnrobertsFox"
718617242422939649,2016-04-08 20:51:16,""" @ Cam: Reports are RNC has received +1 million postcards so far! If I get more info on ##I'll post @ AnnCoulter https://twitter.com/Campaign_Trump/status/718572490981646336/photo/1pic.twitter.com/yhyWihDdMq """,3668,9963,,"@Cam,@AnnCoulter"
718618061683703808,2016-04-08 20:54:31,""" @ kirstiealley: HELLO BOYS! this is my formal endorsement of @ realDonaldTrump & I'm a woman! (last I checked) And Rudy, U R amazing!",3416,10585,,"@kirstiealley,@realDonaldTrump"
718626552704077824,2016-04-08 21:28:16,""" @ RepMartinDaniel: We support you # HaileyPuckett. You will go far in life. Smart and courageous!",1613,5291,#HaileyPuckett,@RepMartinDaniel
718627523417010178,2016-04-08 21:32:07,""" @ redneckgp: All you haters out there, STOP trashing the only candidate @ realDonaldTrump that will put ALL OF YOU & AMERICA FIRST # trump""",2942,9017,#trump,"@redneckgp,@realDonaldTrump"
718627776178360323,2016-04-08 21:33:07,"""@RepaloneLori: @ realDonaldTrump @ kirstiealley we love you and know you will do an awesome job! Saw you in bethpage !! "" Thank you.",1760,6504,,"@realDonaldTrump,@kirstiealley"
718628272188309505,2016-04-08 21:35:06,""" @ lilrachiepoo: @ realDonaldTrump Thank you, Mr. Trump, for your personal and financial sacrifices in this journey to # MAKEAMERICAGREATAGAIN""",2743,8969,#MAKEAMERICAGREATAGAIN,"@lilrachiepoo,@realDonaldTrump"
718632666057285632,2016-04-08 21:52:33,""" @ AlexNightrasor: @ realDonaldTrump @ lilrachiepoo Trump will be our best president since Reagan!",2290,7780,,"@AlexNightrasor,@realDonaldTrump,@lilrachiepoo"
718634255107166208,2016-04-08 21:58:52,""" @ DnGLax: Yes! Thank U 4 coming to LI! It was a thrill 2 B part of it! U will get the job done! # MakeAmericaGreatAgain # trump2016 """,1505,5954,"#MakeAmericaGreatAgain,#trump2016",@DnGLax
718636301587771392,2016-04-08 22:07:00,"Isn't it a shame that the person who will have by far the most delegates and many millions more votes than anyone else, me, still must fight",7472,23836,,
718761006068051968,2016-04-09 06:22:32,"Bernie Sanders says that Hillary Clinton is unqualified to be president. Based on her decision making ability, I can go along with that!",8599,25298,,
718766507199766528,2016-04-09 06:44:24,""" @ gene70: @ realDonaldTrump Fugedaboudit!!! The woman in New York love Donald Trump!!! https://twitter.com/gene70/status/718764775455473664/photo/1pic.twitter.com/ZcfT90hGEX """,4202,12981,,"@gene70,@realDonaldTrump"
718771185757077504,2016-04-09 07:02:59,""" @ gene70: @ realDonaldTrump The Real Person Of The Year! https://twitter.com/gene70/status/717687239334096896/photo/1pic.twitter.com/3yFUZALNVn "" Wow!",4679,12739,,"@gene70,@realDonaldTrump"
718913705111613440,2016-04-09 16:29:18,"A great honor to visit the 9/11 Memorial Museum with my wife, @ MELANIATRUMP, today. # NewYorkValuespic.twitter.com/eKCEWRD0Ro",5468,17718,#NewYorkValuespic,@MELANIATRUMP
718992948193570816,2016-04-09 21:44:11,""" @ vivhall3: @ realDonaldTrump here your delegate replaced at CO GOP convention. https://www.facebook.com/larry.lindseyphd/videos/10206020703413100/ …"" Very sad!",1816,4511,,"@vivhall3,@realDonaldTrump"
718993345197027328,2016-04-09 21:45:46,""" @ Theresa_Cali: Poll shows @ realDonaldTrump leads among registered Republican women with 44%. pic.twitter.com/yQmh3iSPBY"" Thank you!",5029,13687,,"@Theresa,@realDonaldTrump"
718993739348361216,2016-04-09 21:47:20,""" @ PennyHicks13: @ Carolde @ kisster1 @ FoxNews Your tax and economic plans are second to none! http://donaldjtrump.com Media shld report.",1738,5138,,"@PennyHicks13,@Carolde,@kisster1,@FoxNews"
718996943100375040,2016-04-09 22:00:04,""" @ Kids123Nicholas: @ gqforbes @RepTomMarino @ realDonaldTrump.Lets get it done Philadelphia Pa.Make Trump your pick for president now.",2154,6745,,"@Kids123Nicholas,@gqforbes,@RepTomMarino,@realDonaldTrump"
718997528923021312,2016-04-09 22:02:23,""" @ Mutual408Grace: @ realDonaldTrump @ gene70 California women love Mr Trump too. Will make it happen in New York on April 19. Go out & vote.""",2258,7147,,"@Mutual408Grace,@realDonaldTrump,@gene70"
718997676747067392,2016-04-09 22:02:59,""" @ governor_savage: @ realDonaldTrump is the only person who can save us from this corrupt political mess. # MakeAmericaGreatAgain""",2783,8521,#MakeAmericaGreatAgain,"@governor,@realDonaldTrump"
718998170315976708,2016-04-09 22:04:56,""" @ AnnCoulter: GOP is trying to steal nomination from the winner (Trump) not block an insurgent catching up 2 frontrunner (Sanders).",2954,8468,,@AnnCoulter
718998304810512385,2016-04-09 22:05:28,""" @ metalmom888: @ Theresa_Cali If the GOP screws Trump, his millions will walk from the GOP never to return! They better think long and hard""",3680,10165,,"@metalmom888,@Theresa"
718999512283484160,2016-04-09 22:10:16,""" @ becker_berta: @ vivhall3 @ Reince Millions more will burn their Republican registration if GOP continues to subvert the will of the people.""",4227,10746,,"@becker,@vivhall3,@Reince"
719001329759363072,2016-04-09 22:17:30,""" @ jlopez05391: @ realDonaldTrump Rochester loves you! See you tomorrow! # MakeAmericaGreatAgain # Trump2016 # TrumpTrain"" A big crowd!",2173,7127,"#MakeAmericaGreatAgain,#Trump2016,#TrumpTrain","@jlopez05391,@realDonaldTrump"
719124172903997441,2016-04-10 06:25:38,""" @ getreal1234: @ realDonaldTrump @ Kids123Nicholas @ gqforbes @RepTomMarino let's go Pa he has my vote Go Trump""",1738,5783,,"@getreal1234,@realDonaldTrump,@Kids123Nicholas,@gqforbes,@RepTomMarino"
719125225728827396,2016-04-10 06:29:49,"""@agentvf: New Jersey Man Joseph Hornick Willing to Go to Jail for Flying Trump Flag - Breitbart http://bit.ly/23iu6BT @ Q102Philly""",3003,7217,,@Q102Philly
719158083684069376,2016-04-10 08:40:23,The @ nytimes purposely covers me so inaccurately. I want other nations to pay the U.S. for our defense of them. We are the suckers-no more!,4339,12018,,@nytimes
719159990834081794,2016-04-10 08:47:57,I win a state in votes and then get non-representative delegates because they are offered all sorts of goodies by Cruz campaign. Bad system!,8251,22086,,
719244517929578496,2016-04-10 14:23:50,# MakeAmericaGreatAgain # Trump2016http://www.thegatewaypundit.com/2016/04/despite-media-smear-trump-unfavorable-rating-rivals-reagans-1980/ …,2875,7026,#Trump2016http,
719321288301486081,2016-04-10 19:28:54,How is it possible that the people of the great State of Colorado never got to vote in the Republican Primary? Great anger - totally unfair!,8563,23259,,
719326834538778625,2016-04-10 19:50:56,The people of Colorado had their vote taken away from them by the phony politicians. Biggest story in politics. This will not be allowed!,9287,22135,,
719476340576100353,2016-04-11 05:45:01,I will be interviewed on @ foxandfriends at 7:00 A.M. Enjoy!,1271,6045,,@foxandfriends
719484455556161538,2016-04-11 06:17:16,""" @ TimeHasCome1: @ WayneDupreeShow @ThePatriot143 Trump needs to hold a massive protest rally in Colorado. He'd get 100k & own the news cycle""",3296,8715,,"@TimeHasCome1,@WayneDupreeShow,@ThePatriot143"
719484713182838784,2016-04-11 06:18:17,""" @ autoprofessor17: @ realDonaldTrump Great job on Fox n Friends this morning. Very well spoken and presidential. # TrumpTrain""",2034,7414,#TrumpTrain,"@autoprofessor17,@realDonaldTrump"
719484822834581504,2016-04-11 06:18:43,""" @ WVTTS1017: @ realDonaldTrump just listened to you on fox. I love you so much."" Thank you!",1644,6611,,"@WVTTS1017,@realDonaldTrump"
719500540657459201,2016-04-11 07:21:11,""" @ AnnesLimo: @ realDonaldTrump @ WVTTS1017 Thanks for Rochester rally."" Great people, thank you!",1891,6796,,"@AnnesLimo,@realDonaldTrump,@WVTTS1017"
719548022871482370,2016-04-11 10:29:51,This is happening all over our country—great people being disenfranchised by politicians. Repub party is in trouble! https://www.youtube.com/watch?v=KrqLQK7ecNE …,5816,12274,,
719626295248863232,2016-04-11 15:40:53,Colorado Trump Delegates Scratched from Ballots at GOP Conventionhttp://www.thegatewaypundit.com/2016/04/disgusting-colorado-trump-delegate-scratched-list-gop-convention-cruzers-take-delegates/ …,4230,7152,,
719630780499128320,2016-04-11 15:58:42,Why does the liberal media think Bill O'Reilly ( @ oreillyfactor) is a complete and total vulgarian? I don't think so!,3537,9476,,@oreillyfactor
719630850716000257,2016-04-11 15:58:59,"Leaving for Albany, New York now, massive crowd expected. Very exciting!",2775,11134,,
719648132225699840,2016-04-11 17:07:39,"A very interesting piece, by a very good writer, @ KirstenPowers of @ USATODAY and @ FoxNews.http://www.usatoday.com/story/opinion/2016/04/11/donald-trump-interview-elections-2016-ayn-rand-vp-pick-politics-column/82899566/ …",3088,7208,,"@KirstenPowers,@USATODAY,@FoxNews"
719658640848723968,2016-04-11 17:49:25,"Tune in & join me live in Albany, New York! 7pmE start time! I love you New York! # Trump2016 # TrumpTrain http://rsbn.tv/live-stream-donald-trump-rally-in-albany-ny-4-11-16/ …",2004,6767,"#Trump2016,#TrumpTrain",
719662034573504517,2016-04-11 18:02:54,"Join me in Rome, NY- tomorrow! # Trump2016 # NYPrimary Tickets available: https://www.donaldjtrump.com/schedule/register/rome-ny/ …",2300,6548,"#Trump2016,#NYPrimary",
719699403435585537,2016-04-11 20:31:23,"Thank you Albany, New York! # MakeAmericaGreatAgain # Trump2016 http://bit.ly/1qLxcnmNewYorkValues …pic.twitter.com/WcItUuxej8",4384,11978,"#MakeAmericaGreatAgain,#Trump2016",
719830679765270528,2016-04-12 05:13:02,"WOW, great new poll- New York! Thank you for your support! # Trump2016 # NewYorkValues https://www.facebook.com/DonaldTrump/posts/10156919403295725:0 …pic.twitter.com/WSVmdI8vfZ",5070,13286,"#Trump2016,#NewYorkValues",
719918725936373761,2016-04-12 11:02:54,Missouri just confirmed # Trump2016 as the official winner- with an additional 12 delegates. # MakeAmericaGreatAgainpic.twitter.com/AVTkCAne5w,5075,15661,"#Trump2016,#MakeAmericaGreatAgainpic",
719920610210615296,2016-04-12 11:10:23,"THANK YOU California, Maryland, New York, and Pennsylvania! See you soon! # MakeAmericaGreatAgain # Trump2016pic.twitter.com/2lyqnMRIGq",6030,15806,"#MakeAmericaGreatAgain,#Trump2016pic",
720012484174811136,2016-04-12 17:15:28,I LOVE NEW YORK! # NewYorkValues http://www.donaldjtrump.com/media/new-york-values-radio-spot …,3211,10055,#NewYorkValues,
720097594207268864,2016-04-12 22:53:39,Great to be on @ andersoncooper tonight with my wonderful family. Will be rebroadcast at 12:00 A.M. (EASTERN).,2216,9925,,@andersoncooper
720116836617072641,2016-04-13 00:10:07,# MakeAmericaGreatAgain # Trump2016https://twitter.com/cnn/status/720070008450232320 …,2839,8627,#Trump2016https,
720117231821156352,2016-04-13 00:11:41,# MakeAmericaGreatAgain # Trump2016https://twitter.com/cnn/status/720065686815514624 …,3102,9047,#Trump2016https,
720247344197820416,2016-04-13 08:48:43,Join me in Pittsburgh- tonight at 7pmE! # Trump2016 # TrumpTrain Tickets: https://www.donaldjtrump.com/schedule/register/pittsburgh-pa/ …,3010,8459,"#Trump2016,#TrumpTrain",
720417893696040960,2016-04-13 20:06:25,Will be interviewed by @ SeanHannity on @ FoxNews tonight at 10pm from Pennsylvania. Enjoy! # Trump2016pic.twitter.com/8IJ40zKS90,2753,9610,#Trump2016pic,"@SeanHannity,@FoxNews"
720458178698338304,2016-04-13 22:46:29,Biggest story in politics is now happening in the great State of Colorado where over one million people have been precluded from voting!,5589,14309,,
720460065958989827,2016-04-13 22:53:59,The rules DID CHANGE in Colorado shortly after I entered the race in June because the pols and their bosses knew I would win with the voters,5580,16345,,
720464540375375873,2016-04-13 23:11:46,Big protest march in Colorado on Friday afternoon! Don't let the bosses take your vote!,5767,14069,,
720473496187498496,2016-04-13 23:47:21,"Thank you Pittsburgh, Pennsylvania! # MakeAmericaGreatAgain # Trump2016pic.twitter.com/7WHS3vbXSw",3898,11997,"#MakeAmericaGreatAgain,#Trump2016pic",
720671808861696003,2016-04-14 12:55:23,"Join me on Saturday- in Syracuse, New York! # NYPrimary # Trump2016 https://www.donaldjtrump.com/schedule/register/syracuse-ny/ …pic.twitter.com/yfJZUlDdCM",2977,7311,"#NYPrimary,#Trump2016",
720821603064524800,2016-04-14 22:50:37,MAKE AMERICA GREAT AGAIN!http://www.wsj.com/articles/let-me-ask-america-a-question-1460675882 …,4379,10265,,
721083678387003396,2016-04-15 16:12:00,Thank you America! # Trump2016pic.twitter.com/PTKkrLeuCB,4612,12714,#Trump2016pic,
721093904527925249,2016-04-15 16:52:38,"Thank you, @ NYPost! # Trump2016http://nypost.com/2016/04/14/the-post-endorses-donald-trump/?utm_source=twitter&utm_medium=site%20buttons&utm_campaign=site%20buttons …",3126,9158,#Trump2016http,@NYPost
721140843525050369,2016-04-15 19:59:09,Join me this weekend! # NYPrimary 4/16: SYRACUSE - NOON http://bit.ly/1SHXHcqSYRACUSE 4/16: WATERTOWN - 3pm http://bit.ly/23DgxgIWATERTOWN … # Trump2016,1860,5207,"#NYPrimary,#Trump2016",
721144689647316992,2016-04-15 20:14:26,""" @ Bubble709_: @ realDonaldTrump Praying for your family and your win in New York."" Thank you!",1811,6853,,"@Bubble709,@realDonaldTrump"
721144953192247296,2016-04-15 20:15:29,""" @ wdct8110: @ realDonaldTrump We love you Donald ! Finally someone who actually cares about us .. !! pic.twitter.com/BKoQu1mm4A""",4289,13473,,"@wdct8110,@realDonaldTrump"
721145563970936833,2016-04-15 20:17:55,""" @ herb_stamper: @ JackoffJosh711 @ SenFrankNiceley @ FoxNews @ WSJ we are becoming a third world country because of jerks like him"" Great!",1350,4721,,"@herb,@JackoffJosh711,@SenFrankNiceley,@FoxNews,@WSJ"
721306189867413504,2016-04-16 06:56:11,""" @ dmharvey89: @ realDonaldTrump @ wdct8110 I just voted for @ realDonaldTrump in Indiana. Everyone I talk to was following suit!"" Fantastic!",2218,7353,,"@dmharvey89,@realDonaldTrump,@wdct8110,@realDonaldTrump"
721307257472999424,2016-04-16 07:00:26,I will be interviewed on @ foxandfriends at 9:00 A.M. I will be talking about the rigged and boss controlled Republican primaries!,2109,8027,,@foxandfriends
721344559205244928,2016-04-16 09:28:39,# ICYMI: @ foxandfriends this morning.https://amp.twimg.com/v/cda4ea25-c76c-465c-b359-c9246d894857 …,2229,6150,,@foxandfriends
721371631118127104,2016-04-16 11:16:13,"Just arrived in Syracuse, NY. Big crowd, great place! We will bring back the desperately needed jobs. # NYPrimarypic.twitter.com/vOEQDsEAKC",3505,13729,#NYPrimarypic,
721401779276144640,2016-04-16 13:16:01,"THANK YOU, SYRACUSE! # NYPrimary http://bit.ly/1p7dR7xSYRACUSE https://twitter.com/wpjenna/status/721374353812795392 …",1907,5759,#NYPrimary,
721450040552722433,2016-04-16 16:27:48,""" @ Trump_Supporter: ""Trump Holds 66% Favorable Rating in New York – Leads Hillary Clinton by 19pts in Empire...http://ln.is/thegatewaypundit.com/67sZu …",2877,7266,,@Trump
721450217384579076,2016-04-16 16:28:30,""" @ Trumptbird: Dear I'm starting to believe that you're actually going to WIN! # Trump2016 # presidenttrump # primary pic.twitter.com/l7IcxN64gz""",4487,12105,"#Trump2016,#presidenttrump,#primary",@Trumptbird
721450634520584192,2016-04-16 16:30:09,""" @ AshleyEdam: New CBS Poll shows defections from Cruz's core supporters & increased support for @ realDonaldTrump ...Not surprising.""",3218,8573,,"@AshleyEdam,@realDonaldTrump"
721458878622363648,2016-04-16 17:02:55,""" @ Ollie_621: @ FoxNews @ realDonaldTrump I think it's more like 64%. # VoteTrumpNY # MakeAmericaGreatAgain!",1779,5836,"#VoteTrumpNY,#MakeAmericaGreatAgain","@Ollie,@FoxNews,@realDonaldTrump"
721485578278203397,2016-04-16 18:49:01,"Will be on Hannity tonight. Rebroadcast of town hall from Pittsburgh, PA. 8:00pm on FOX. Enjoy! # Trump2016pic.twitter.com/ZhaxXnAohm",2200,8394,#Trump2016pic,
721491758236962816,2016-04-16 19:13:34,"See you tomorrow Dutchess County, New York! # NYPrimary # TrumpTrain http://bit.ly/23DhgytDUTCHESS pic.twitter.com/caMLixZfda",2505,6843,"#NYPrimary,#TrumpTrain",
721495328097042432,2016-04-16 19:27:45,"Thank you California, Connecticut, Maryland, and Pennsylvania! # MakeAmericaGreatAgain # Trump2016pic.twitter.com/pwFFHyzSE6",4239,11126,"#MakeAmericaGreatAgain,#Trump2016pic",
721531225916223488,2016-04-16 21:50:24,# MakeAmericaGreatAgain # NYPrimaryhttp://bit.ly/1XCcKzwNewYorkValues …,4717,10746,#NYPrimaryhttp,
721691854849318912,2016-04-17 08:28:41,"I'll be in one of my favorite places this morning, Staten Island. Big crowd, will be fun!",3099,9987,,
721693297429901312,2016-04-17 08:34:25,"Lyin' Ted Cruz will never be able to beat Hillary. Despite a rigged delegate system, I am hundreds of delegates ahead of him.",3597,11653,,
721694330805755904,2016-04-17 08:38:31,Lyin' Ted Cruz can't get votes (I am millions ahead of him) so he has to get his delegates from the Republican bosses. It won't work!,5339,15973,,
721695114943442946,2016-04-17 08:41:38,Crooked Hillary Clinton is spending a fortune on ads against me. I am the one person she doesn't want to run against. Will be such fun!,7677,23320,,
721708342838747136,2016-04-17 09:34:12,I would have millions of votes more than Hillary except for the fact that I had 17 opponents and she just had a socialist named Bernie!,7829,23762,,
721805701325172736,2016-04-17 16:01:04,"Thank you, California! Will see you soon! # MakeAmericaGreatAgain http://bit.ly/1SM1rKdCALIFORNIA …pic.twitter.com/5rk1U4dQ7r",4723,11888,#MakeAmericaGreatAgain,
721836860356628482,2016-04-17 18:04:53,"Thank you for today's endorsement, New York Veteran Police Association! # NewYorkValues https://www.facebook.com/DonaldTrump/posts/10156940562995725:0 …pic.twitter.com/ZQHmkBDUnA",5534,15130,#NewYorkValues,
721987186732703744,2016-04-18 04:02:13,""" @ DiamondandSilk: . @ realDonaldTrump is who we need 2 fix this corrupted, rigged system. 4 no Profit, Under budget & ahead of schedule.",2961,8726,,"@DiamondandSilk,@realDonaldTrump"
722016321119121409,2016-04-18 05:58:00,Lyin' Ted Cruz can't win with the voters so he has to sell himself to the bosses-I am millions of VOTES ahead! Hillary would destroy him & K,4226,12858,,
722017428520243201,2016-04-18 06:02:24,Kasich only looks O.K. in polls against Hillary because nobody views him as a threat and therefore have placed ZERO negative ads against him,3930,12766,,
722120138057740288,2016-04-18 12:50:31,"New York, we will make America great again! https://www.instagram.com/p/BEWcFR7mhXE/",3233,9222,,
722181629528141824,2016-04-18 16:54:52,Lyin’ Ted Cruz even voted against Superstorm Sandy aid and September 11th help. So many New Yorkers devastated. Cruz hates New York!,5810,14323,,
722264735966748672,2016-04-18 22:25:06,# MakeAmericaGreatAgain # NYPrimary https://amp.twimg.com/v/5e7abd5b-a30e-4df9-a2b7-df838b315197 …,6997,14188,#NYPrimary,
722266479660556289,2016-04-18 22:32:02,Thank you Buffalo! # NYPrimary http://bit.ly/20SsGJwBUFFALO pic.twitter.com/4ujDuOvLPj,3009,8974,#NYPrimary,
722379509060788224,2016-04-19 06:01:10,I am on @ foxandfriends at 7:00 A.M. ENJOY!,1224,5755,,@foxandfriends
722397728475582465,2016-04-19 07:13:34,A big day for New York and for our COUNTRY! MAKE AMERICA GREAT AGAIN!,5316,14281,,
722443916742639617,2016-04-19 10:17:06,Thank you Eric!https://twitter.com/erictrump/status/722393378621636608 …,1720,5767,,
722455189911953409,2016-04-19 11:01:54,"Join me in Indianapolis, Indiana tomorrow at 3pm! # Trump2016 # MakeAmericaGreatAgain Tickets: https://www.donaldjtrump.com/schedule/register/indianapolis-in/ …pic.twitter.com/JBNYtk3FyE",2432,5919,"#Trump2016,#MakeAmericaGreatAgain",
722471042367778816,2016-04-19 12:04:54,"# ICYMI: # Trump2016 closing speech in Buffalo, New York! # VoteTrumpNY https://amp.twimg.com/v/3c7e0a20-7ce3-4959-a4f3-d8b40a036183 …",2375,6692,"#Trump2016,#VoteTrumpNY",
722483180826181633,2016-04-19 12:53:08,"LETS GO AMERICA! Time to take back our country, and # MakeAmericaGreatAgain Watch video & go # VoteTrump! https://amp.twimg.com/v/d523fbd9-3896-4c07-8043-eb51b2a92bab …",5778,11866,"#MakeAmericaGreatAgain,#VoteTrump",
722489659117420544,2016-04-19 13:18:52,# MakeAmericaGreatAgain # Trump2016 https://amp.twimg.com/v/5e7abd5b-a30e-4df9-a2b7-df838b315197 …,5630,11068,#Trump2016,
722501079297048576,2016-04-19 14:04:15,Who did the House Task Force on Urgent Fiscal Issues call- when America needed HELP?https://amp.twimg.com/v/6d5ebafa-67c0-48ea-b4e6-82928b5c5851 …,4245,8999,,
722511721257181184,2016-04-19 14:46:32,1988 with Oprah- discussing why I would never rule out a run for # POTUS. # Trump2016 # VoteTrumpNY # PrimaryDayhttps://amp.twimg.com/v/fb53268b-d720-4246-8b62-9d0961a0f38d …,5444,12374,"#POTUS,#Trump2016,#VoteTrumpNY,#PrimaryDayhttps",
722528613690654724,2016-04-19 15:53:40,Discussing # NewYorkValues in Buffalo last night- on the eve of the # NYPrimary. LETS GO NY! # VoteTrumphttps://amp.twimg.com/v/698f8136-27e5-47f9-b2b5-f31c96481a9d …,1788,5723,"#NewYorkValues,#NYPrimary,#VoteTrumphttps",
722545371809980417,2016-04-19 17:00:15,Polls close in 3 hours! Everyone get out and VOTE! # Trump2016 # MakeAmericaGreatAgainhttps://amp.twimg.com/v/55ee1aec-e880-4566-9731-afbd85a7e057 …,2825,7840,"#Trump2016,#MakeAmericaGreatAgainhttps",
722573028677304320,2016-04-19 18:50:09,"""@kdk144: @ realDonaldTrump Everybody is ""In A New York State of Mind"" now!""",2079,7273,,@realDonaldTrump
722573329400520704,2016-04-19 18:51:21,""" @ keksec__org: @ realDonaldTrump Your policies will make this state and country great again! # MakeAmericaGreatAgain https://twitter.com/keksec__org/status/722573037426581505/photo/1pic.twitter.com/SWxV3YCbqb """,3232,12160,#MakeAmericaGreatAgain,"@keksec,@realDonaldTrump"
722576418752892928,2016-04-19 19:03:37,""" @ GreenSkyDeb: Look everybody, DonaldTrump will win it on the first ballot so keep praying!!! # TrumpTrain # Trump2016 # MakeAmericaGreatAgain""",2469,8129,"#TrumpTrain,#Trump2016,#MakeAmericaGreatAgain",@GreenSkyDeb
722589315923054592,2016-04-19 19:54:52,". @ CNN is so negative it is impossible to watch. Terrible panel, angry haters. Bill O @ oreillyfactor said such an amazing thing about me!",3445,12609,,"@CNN,@oreillyfactor"
722592772096724997,2016-04-19 20:08:36,Thank you New York! I love you! # MakeAmericaGreatAgain # Trump2016pic.twitter.com/T1J0aUwMXl – bei Trump Tower,8193,20847,"#MakeAmericaGreatAgain,#Trump2016pic",
722626421231890432,2016-04-19 22:22:19,"Thank you New York, I will never forget!",5248,17793,,
722628702748688385,2016-04-19 22:31:23,""" @ bigop1: @ realDonaldTrump @ CNN @ oreillyfactor https://twitter.com/bigop1/status/722589372168695808/photo/1pic.twitter.com/vXiQru6HIE "" Wow, really nice!",4434,12088,,"@bigop1,@realDonaldTrump,@CNN,@oreillyfactor"
722635529708285952,2016-04-19 22:58:30,MAKE AMERICA GREAT AGAIN!https://youtu.be/-8hF1vh5k2Y,3185,9175,,
722767517349978112,2016-04-20 07:42:59,"Ted Cruz is mathematically out of winning the race. Now all he can do is be a spoiler, never a nice thing to do. I will beat Hillary!",8258,23077,,
722802795720634368,2016-04-20 10:03:10,Off to Indiana! # Trump2016pic.twitter.com/zqUdaaSaXD,3751,12236,#Trump2016pic,
722818508665454593,2016-04-20 11:05:36,# Trump360 Watch this 360 video of my speech last night at Trump Tower-https://youtu.be/jHiLFECJWXc,2306,6379,,
722920297393995776,2016-04-20 17:50:04,Thank you Indiana! Will be back soon! # Trump2016 # MakeAmericaGreatAgainpic.twitter.com/pxvSL8cs3B,4186,12068,"#Trump2016,#MakeAmericaGreatAgainpic",
722967660833722369,2016-04-20 20:58:17,Had a meeting with the terrific @ GovPenceIN of Indiana. So excited to campaign in his wonderful state!pic.twitter.com/73uCyV6ql4,4497,14932,,@GovPenceIN
722967703313612802,2016-04-20 20:58:27,We are going to bring steel and manufacturing back to Indiana!,4282,12970,,
722974716395425793,2016-04-20 21:26:19,Thank you Maryland- what a great way to conclude the day! Will be back soon. # Trump2016 https://www.facebook.com/DonaldTrump/posts/10156952559355725:0 …pic.twitter.com/JbJYYpEsmo,3355,10263,#Trump2016,
723092613457448960,2016-04-21 05:14:48,"I will be doing the @ TODAYshow with my wife, Melania, and the rest of my family in a major Town Hall. Hopefully, it will be fun! Enjoy.7A.M.",2161,9829,,@TODAYshow
723094439485399040,2016-04-21 05:22:03,Senator Ted Cruz has been MATHEMATICALLY ELIMINATED from race. He said Kasich should get out for same reason. I think both should get out!,7953,22036,,
723266899275091969,2016-04-21 16:47:21,Both Ted Cruz and John Kasich have no path to victory. They should both drop out of the race so that the Republican Party can unify!,7159,20989,,
723274222907301888,2016-04-21 17:16:27,Cruz said Kasich should leave because he couldn't get to 1237. Now he can't get to 1237. Drop out LYIN' Ted.,6874,18793,,
723526822424678400,2016-04-22 10:00:11,I met Prince on numerous occasions. He was an amazing talent and wonderful guy. He will be greatly missed!,5646,22181,,
723565939162275840,2016-04-22 12:35:37,"Thank you for the incredible support, Maryland! This is a movement! # MakeAmericaGreatAgain # Trump2016pic.twitter.com/Uyq4sTYb0l",4606,12857,"#MakeAmericaGreatAgain,#Trump2016pic",
723637770758033409,2016-04-22 17:21:03,"Thank you, @ DonaldJTrumpJr! # Trump2016 # MakeAmericaGreatAgain http://bit.ly/1VrcqzcDonaldTrumpJr …pic.twitter.com/0NQLzbwuFo",2880,9089,"#Trump2016,#MakeAmericaGreatAgain",@DonaldJTrumpJr
723655961999736833,2016-04-22 18:33:20,Thank you California! See you soon! # MakeAmericaGreatAgain # Trump2016 http://bit.ly/23P8PqaCALIFORNIA …pic.twitter.com/8rqI4mQ3Tw,3820,10051,"#MakeAmericaGreatAgain,#Trump2016",
723663455748763649,2016-04-22 19:03:07,Thank you Indiana! Was great seeing everyone on Wednesday! I will be back soon! # Trump2016 http://bit.ly/23PbVEnINDIANA pic.twitter.com/62DKEm5XVm,3609,10703,#Trump2016,
723682291843780608,2016-04-22 20:17:58,Thank you Pennsylvania! # Trump2016 http://bit.ly/1SC8ZWlPENNSYLVANIA …pic.twitter.com/ie23QdsVTe,3291,9395,#Trump2016,
723853244238278656,2016-04-23 07:37:16,"Will be spending the day campaigning in Connecticut, another state where jobs are being stolen by other countries. I will stop this fast!",3585,11143,,
723873688001589249,2016-04-23 08:58:30,Pennsylvania: Cast your vote for Trump for POTUS & ALSO vote for the TRUMP DELEGATES in your congressional district!pic.twitter.com/1utaLLMfUa,6543,13672,,
723885342743494659,2016-04-23 09:44:49,# MakeAmericaGreatAgain Video: https://www.facebook.com/DonaldTrump/videos/10156960039970725/ …pic.twitter.com/aGUHmO98Xm,2770,7435,,
723906843865698306,2016-04-23 11:10:15,"Thank you Waterbury, Connecticut! # MakeAmericaGreatAgain # Trump2016 http://bit.ly/1NpjgmdWATERBURY …pic.twitter.com/OoQAAKWUUq",2288,7621,"#MakeAmericaGreatAgain,#Trump2016",
723956432991850498,2016-04-23 14:27:18,"Thank you Bridgeport, Connecticut! # MakeAmericaGreatAgain # Trump2016 http://bit.ly/1SWXiDlBRIDGEPORT …pic.twitter.com/qcuDCyBzCN",2052,6670,"#MakeAmericaGreatAgain,#Trump2016",
723957355495473152,2016-04-23 14:30:58,Thank you Delaware! # Trump2016 # MakeAmericaGreatAgain # TrumpTrain http://bit.ly/23QSsDhDELAWARE pic.twitter.com/ofhbM9bcOI,2756,7700,"#Trump2016,#MakeAmericaGreatAgain,#TrumpTrain",
723972167893966848,2016-04-23 15:29:50,Lynne Ryan -- just read your great story in the NY Times -- I am proud of you. Thanks!pic.twitter.com/zVmhYsd4ir,3671,12768,,
724039081420808192,2016-04-23 19:55:43,Congratulations to @ seanhannity on his great ratings and ratings increase as reported by the @ AP today. Amazing job!,3484,11971,,"@seanhannity,@AP"
724050713953861632,2016-04-23 20:41:57,I had a great day campaigning in Connecticut. Looking for a big vote on Tuesday!,2493,9552,,
724052308661772288,2016-04-23 20:48:17,"As soon as John Kasich is hit with negative ads, he will drop like a rock in the polls against Crooked Hillary Clinton. I will win!",3883,13416,,
724055614498955265,2016-04-23 21:01:25,. @ Borisep was great on @ JudgeJeanine tonight. Very smart commentary that will prove to be correct!,2141,7357,,"@Borisep,@JudgeJeanine"
724236172181049344,2016-04-24 08:58:53,. @ AndreBauer Great job and advice on @ CNN @ jaketapper Thank you!,1373,5280,,"@AndreBauer,@CNN,@jaketapper"
724236857777762304,2016-04-24 09:01:37,I will be in Maryland this afternoon for a major rally. Things are looking good for Tuesday!,2968,10164,,
724237406837334016,2016-04-24 09:03:48,""" @ newtgingrich: # NYPrimary turned Trump from frontrunner into presumptive # GOP nominee http://bit.ly/1TlQDWw pic.twitter.com/iNolBfFFRF""",3825,9402,"#NYPrimary,#GOP",@newtgingrich
724237889886904320,2016-04-24 09:05:43,""" @ DiamondandSilk: . @ DonaldJTrumpJr awesome job on @ CNNSotu. DonaldTrump has integrity & he refuses 2 play the game call ""Delegate Bribery""",3125,8977,,"@DiamondandSilk,@DonaldJTrumpJr,@CNNSotu"
724409389570994176,2016-04-24 20:27:12,I am happy to hear how badly the @ nytimes is doing. It is a seriously failing paper with readership which is way down. Becoming irrelevant!,3762,12125,,@nytimes
724442801933565952,2016-04-24 22:39:58,"Wow, just announced that Lyin' Ted and Kasich are going to collude in order to keep me from getting the Republican nomination. DESPERATION!",9741,24240,,
724445148910915584,2016-04-24 22:49:17,Lyin' Ted and Kasich are mathematically dead and totally desperate. Their donors & special interest groups are not happy with them. Sad!,6638,19011,,
724567219062059008,2016-04-25 06:54:21,Lyin' Ted Cruz and 1 for 38 Kasich are unable to beat me on their own so they have to team up (collusion) in a two on one. Shows weakness!,6529,17690,,
724568416338759680,2016-04-25 06:59:06,Shows how weak and desperate Lyin' Ted is when he has to team up with a guy who openly can't stand him and is only 1 win and 38 losses.,5831,15534,,
724633058398375936,2016-04-25 11:15:58,Kasich just announced that he wants the people of Indiana to vote for him. Typical politician - can't make a deal work.,4111,11737,,
724633177692725254,2016-04-25 11:16:27,On the way to the great state of Rhode Island- big rally. Then to Pennsylvania for rest of day and night!,2891,10005,,
724718355102478336,2016-04-25 16:54:55,"Thank you Warwick, Rhode Island! # RIPrimary # VoteTrump http://bit.ly/1MU07JhWARWICK pic.twitter.com/GU3p28VMe0",2303,6997,"#RIPrimary,#VoteTrump",
724721256969441280,2016-04-25 17:06:26,"Thank you West Chester, Pennsylvania! # PAPrimary # VoteTrump http://bit.ly/1MU1XKnPENNSYLVANIA …pic.twitter.com/CF9SYBqka7",2677,7794,"#PAPrimary,#VoteTrump",
724722427297673217,2016-04-25 17:11:06,Passing what was once a vibrant manufacturing area in Pennsylvania. So sad! # MakeAmericaGreatAgainpic.twitter.com/RYWjgPh9Ja,6455,16742,#MakeAmericaGreatAgainpic,
724772013219405824,2016-04-25 20:28:08,Get out and VOTE tomorrow! We will MAKE AMERICA GREAT AGAIN! # CTPrimary # DEPrimary # MDPrimary # PAPrimary # RIPrimaryhttps://amp.twimg.com/v/0d2e05e9-788c-4590-a924-ff24a0ce57cf …,3977,9256,"#CTPrimary,#DEPrimary,#MDPrimary,#PAPrimary,#RIPrimaryhttps",
724778089830580224,2016-04-25 20:52:16,"Thank you Wilkes-Barre, Pennsylvania! # MakeAmericaGreatAgain # Trump2016https://amp.twimg.com/v/5df2d607-312a-4aa5-bb38-5b71708e135e …",4052,10963,"#MakeAmericaGreatAgain,#Trump2016https",
724911563405189121,2016-04-26 05:42:39,"The Cruz-Kasich pact is under great strain. This joke of a deal is falling apart, not being honored and almost dead. Very dumb!",4437,14232,,
724942956306771968,2016-04-26 07:47:24,MAKE AMERICA GREAT AGAIN! http://bit.ly/1VzIdekVOTETRUMP …pic.twitter.com/2XWN52IpH2,3404,8812,,
724954532522917888,2016-04-26 08:33:24,Thank you @ DonaldJTrumpJr & @ EricTrump. # Trump2016https://amp.twimg.com/v/516d6731-e8fd-4b0f-a3ac-6ca81569d8e6 …,3526,8707,#Trump2016https,"@DonaldJTrumpJr,@EricTrump"
724993336000532480,2016-04-26 11:07:35,"Bernie Sanders has been treated terribly by the Democrats—both with delegates & otherwise. He should show them, and run as an Independent!",9469,25134,,
724996031033806849,2016-04-26 11:18:18,"Thank you for the incredible support- Melania, Barron, Ivanka, Jared, Tiffany, Don, Vanessa, Eric, and Lara!https://amp.twimg.com/v/8cf855d0-3178-4cd9-be2b-ddf1c4263dfa …",3550,10828,,
725017409132855296,2016-04-26 12:43:15,How bad is the New York Times—the most inaccurate coverage constantly. Always trying to belittle. Paper has lost its way!,2297,8230,,
725022169806327808,2016-04-26 13:02:10,Lets go Pennsylvania! # VoteTrumppic.twitter.com/TWQM8AV9p4,2358,7054,#VoteTrumppic,
725022546328969216,2016-04-26 13:03:39,Six hours left to # VoteTrump Connecticut!pic.twitter.com/U1kbLMwhNI,1929,5982,#VoteTrump,
725022988026925058,2016-04-26 13:05:25,"Thank you for a great day yesterday, Rhode Island! # VoteTrumppic.twitter.com/nAlgNIIdyo",2012,6721,#VoteTrumppic,
725024671293423616,2016-04-26 13:12:06,"You have until 8pm to # VoteTrump, Delaware!pic.twitter.com/GYeV6m1qOn",1984,6137,#VoteTrump,
725024710086524929,2016-04-26 13:12:15,"Lets # MakeAmericaGreatAgain, Maryland! # VoteTrumppic.twitter.com/ZttNAmk1QS",2320,7228,"#MakeAmericaGreatAgain,#VoteTrumppic",
725050631250173952,2016-04-26 14:55:15,Thank you America! # Trump2016pic.twitter.com/KL7VZbM1jP,6313,17205,#Trump2016pic,
725114320993017858,2016-04-26 19:08:20,Thank you Maryland! # Trump2016pic.twitter.com/hH3h6bRMIs – bei Trump Tower,5587,15607,#Trump2016pic,
725115824206450688,2016-04-26 19:14:19,Thank you Pennsylvania! # Trump2016pic.twitter.com/mucxspuHnV – bei Trump Tower,6717,18168,#Trump2016pic,
725116992907259904,2016-04-26 19:18:57,Thank you Connecticut! # Trump2016pic.twitter.com/3GGoVXSZSf – bei Trump Tower,4897,15388,#Trump2016pic,
725119398881665026,2016-04-26 19:28:31,Thank you Rhode Island! # Trump2016pic.twitter.com/EzCvm7yc0Y – bei Trump Tower,4726,15401,#Trump2016pic,
725128021473132546,2016-04-26 20:02:47,Thank you Delaware! # Trump2016pic.twitter.com/FeXThmUWuo,4373,14392,#Trump2016pic,
725378591567941632,2016-04-27 12:38:27,Thank you! WE will MAKE AMERICA GREAT AGAIN!https://twitter.com/lindasuhler/status/725373124162670592 …,2931,9144,,
725380639269228544,2016-04-27 12:46:35,Thanks Dave! https://twitter.com/dave_els/status/725377702207852550 …,2089,7516,,
725392976525037570,2016-04-27 13:35:37,Thank you Newt!https://twitter.com/newtgingrich/status/725385832111214593 …,4053,11547,,
725396879723384832,2016-04-27 13:51:08,Agreed!pic.twitter.com/biyldP3CIw,7673,16376,,
725419855265026048,2016-04-27 15:22:25,"THANK YOU Connecticut, Delaware, Maryland, Pennsylvania, and Rhode Island! # MakeAmericaGreatAgainpic.twitter.com/MGKh77wQt8",3928,12740,#MakeAmericaGreatAgainpic,
725448150547349504,2016-04-27 17:14:51,"Join me on @ greta- from Indianapolis, Indiana at 7pmE! Enjoy! # Trump2016https://amp.twimg.com/v/50194f7e-73b8-478b-8b9c-a43897e773bf …",2098,6989,#Trump2016https,@greta
725501700933586946,2016-04-27 20:47:39,"Thank you for the endorsement, Coach Bobby Knight! I will never forget it! https://www.facebook.com/DonaldTrump/posts/10156977481470725:0 …pic.twitter.com/MpRtRwv51u",4648,13394,,
725502314736422918,2016-04-27 20:50:05,Thank you Laura!https://twitter.com/ingrahamangle/status/725393291785715712 …,2931,8987,,
725524257883697152,2016-04-27 22:17:17,"I am in Indiana where we just had a great rally. Fantastic people! Staying at a Holiday Inn Express - new and clean, not bad!",4645,18561,,
725532457756405760,2016-04-27 22:49:52,"Getting the strong endorsement of the great coach, Bobby Knight, has been a highlight of my stay in Indiana. Big speech tomorrow with Bobby!",3698,14135,,
725535327927042048,2016-04-27 23:01:16,"""@AnnetteJeanne: I cried when they said you made a clean sweep of all 5 states. I was SO HAPPY! I really adore you Mr. Trump, so much.""",2205,9300,,
725636069010579457,2016-04-28 05:41:35,Thank you to all for the wonderful reviews of my foreign policy speech. I will soon be speaking in great detail on numerous other topics!,3809,14151,,
725637460504510464,2016-04-28 05:47:06,I will be interviewed on the @ TODAYshow at 7:00 A.M. this morning. Enjoy!,1271,6256,,@TODAYshow
725648706385633280,2016-04-28 06:31:48,"Lyin' Ted Cruz, who can never beat Hillary Clinton and has NO path to victory, has chosen a V.P.candidate who failed badly in her own effort",4751,15679,,
725659482819297280,2016-04-28 07:14:37,"I will be in Evansville, Indiana, with the great Bobby Knight (who last night endorsed me) at 12:00 this afternoon. See you there!",3151,10470,,
725677423195512833,2016-04-28 08:25:54,So many false and phony T.V. commercials being broadcast in Indiana. Reminds me of Florida where thousands were put up-I won in a landslide!,4636,13816,,
725722027173249024,2016-04-28 11:23:09,Heading to rally with Bobby now! See you soon!pic.twitter.com/dWSSOEctZn,3899,11797,,
725796339255267328,2016-04-28 16:18:26,"Thank you Evansville, Indiana! # MakeAmericaGreatAgainpic.twitter.com/Fn8ClNjUtr",3770,10841,#MakeAmericaGreatAgainpic,
725817204743217152,2016-04-28 17:41:21,# MakeAmericaGreatAgainpic.twitter.com/53qHBKs7yA,3627,9978,,
725824909151199232,2016-04-28 18:11:58,# MakeAmericaGreatAgain # Trump2016pic.twitter.com/ZHM5w7jnss,3794,10231,#Trump2016pic,
725847301172776960,2016-04-28 19:40:56,I will be interviewed on @ foxandfriends with the legendary Coach Bobby Knight- tomorrow morning. Enjoy! # INDPrimarypic.twitter.com/c9WVhfyMzs,3306,11654,#INDPrimarypic,@foxandfriends
725899554273423360,2016-04-28 23:08:34,"New York Yankees President, Randy Levine: 'End of the Republican Party' If Donald Trump Not Nominated.http://www.newsmax.com/Newsmax-Tv/randy-levine-new-york-yankees-end-republican/2016/04/28/id/726336/ …",3609,9903,,
725903475133947904,2016-04-28 23:24:09,"Thank you Costa Mesa, California! 31,000 people tonight with thousands turned away. I will be back! # Trump2016pic.twitter.com/4P0tzvZn0e",8497,26293,#Trump2016pic,
726008645473824768,2016-04-29 06:22:04,"Wow, the ridiculous deal made between Lyin'Ted Cruz and 1 for 42 John Kasich has just blown up. What a dumb deal - dead on arrival!",4752,15641,,
726045073775828992,2016-04-29 08:46:49,"Crooked Hillary Clinton, perhaps the most dishonest person to have ever run for the presidency, is also one of the all time great enablers!",8322,21417,,
726079789182808065,2016-04-29 11:04:46,Thank you Indiana! # Trump2016pic.twitter.com/WAuI0nRNzX,6476,16885,#Trump2016pic,
726115856053211136,2016-04-29 13:28:05,We are now at 1001 delegates. We will win on the first ballot and are not wasting time and effort on other ballots because system is rigged!,10195,27540,,
726246693759496192,2016-04-29 22:07:59,". @ AC360 Anderson, so amazing. Your mother is, and always has been, an incredible woman!",2535,10717,,@AC360
726403534380478464,2016-04-30 08:31:13,"The ""protesters"" in California were thugs and criminals. Many are professionals. They should be dealt with strongly by law enforcement!",10242,29141,,
726439344072962049,2016-04-30 10:53:30,""" @ LexingtonBobby: @ FoxNews @ tedcruz @ realDonaldTrump https://twitter.com/LexingtonBobby/status/726403573555302400/photo/1pic.twitter.com/uhDlyi82Ua """,3195,7236,,"@LexingtonBobby,@FoxNews,@tedcruz,@realDonaldTrump"
726461507601612800,2016-04-30 12:21:35,The economy is bad and getting worse-almost ZERO growth this quarter. Nobody can beat me on the economy (and jobs). MAKE AMERICA GREAT AGAIN,6779,18867,,
726514136838975494,2016-04-30 15:50:42,Trump locks down Delaware GOP delegates. # Trump2016 # MAGAhttp://www.delawareonline.com/story/news/politics/2016/04/30/trump-locks-down-state-gop-convention/83712702/?from=global&sessionKey=&autologin= …,3688,10020,"#Trump2016,#MAGAhttp",
726555060306595841,2016-04-30 18:33:19,Thank you @ MikeOzanian for the nice comments on @ FoxNews today. Great job!,2133,8238,,"@MikeOzanian,@FoxNews"
726609734653104129,2016-04-30 22:10:35,I will be in Indiana on Sunday and Monday at four MAKE AMERICA GREAT AGAIN rallies. See you there!,4755,14814,,
726773001430163456,2016-05-01 08:59:20,Thank you Indiana! # Trump2016pic.twitter.com/shPWexfkVX,5358,14314,#Trump2016pic,
726800215718645760,2016-05-01 10:47:29,"I watched Sen. Graham @ FaceTheNation. Why don't they say that I ran him out of the race like a little boy, and in the end he had no support?",3515,11257,,@FaceTheNation
726806071210303488,2016-05-01 11:10:45,"Will be in Terre Haute, Indiana in a short while -- big rally! See you soon!",2368,8696,,
726810772555350016,2016-05-01 11:29:26,"I am on @ FoxNewsSunday with Chris Wallace- his 20th year anniversary with # FNS, throughout the day. Enjoy!pic.twitter.com/hDzdDpZiRx",2526,10056,#FNS,@FoxNewsSunday
726865339947073536,2016-05-01 15:06:16,". @ KarlRove is a failed Jeb Bushy. Never says anything good & never will, even after I beat Hillary. Shouldn't be on the air!",3079,10238,,@KarlRove
726886198027935745,2016-05-01 16:29:09,"Thank you Terre Haute, Indiana! # MakeAmericaGreatAgainpic.twitter.com/O6ELhlae3h",3247,11548,#MakeAmericaGreatAgainpic,
726886687276699648,2016-05-01 16:31:05,"Thank you Fort Wayne, Indiana! # Trump2016 # INPrimarypic.twitter.com/mDGrmMmk5T",5106,15229,"#Trump2016,#INPrimarypic",
726918444931776512,2016-05-01 18:37:17,"Join me in Carmel, Indiana- tomorrow at 4pm! # INPrimary https://www.donaldjtrump.com/schedule/register/carmel-in/ …pic.twitter.com/ZiofZ2D6ck",3293,9354,#INPrimary,
727085972278677504,2016-05-02 05:42:59,I will be interviewed on @ CNN @ NewDay at 7:30 A.M. Enjoy!,1400,5794,,"@CNN,@NewDay"
727093442325680128,2016-05-02 06:12:40,"Crooked Hillary Clinton said she is used to ""dealing with men who get off the reservation."" Actually, she has done poorly with such men!",4445,13248,,
727095549703364608,2016-05-02 06:21:02,"Gov Mike Pence has just stated that Donald Trump has taken a strong stance on Hoosier jobs, and he thanks me! I will bring back jobs to USA.",4126,13022,,
727137190967435265,2016-05-02 09:06:30,Everybody is talking about the protesters burning the American flags and proudly waving Mexican flags. I want America First - so do voters!,8817,24025,,
727142563010891776,2016-05-02 09:27:51,"I will be campaigning in Indiana all day. Things are looking great, and the support of Bobby Knight has been so amazing. Today will be fun!",3574,13643,,
727169840776118272,2016-05-02 11:16:14,I will defeat Crooked Hillary Clinton on 11/8/2016. # Trump2016 # MakeAmericaGreatAgainpic.twitter.com/HtwD1FGn9e,9294,23755,"#Trump2016,#MakeAmericaGreatAgainpic",
727225626575421440,2016-05-02 14:57:55,Honored to have received the endorsement of Lou Holtz - a great guy! # INPrimary # Trump2016pic.twitter.com/AeGyODb37O,8898,22404,"#INPrimary,#Trump2016pic",
727252046286450689,2016-05-02 16:42:54,"Thank you Carmel, Indiana! Get out & # VoteTrump tomorrow! # INPrimary # MakeAmericaGreatAgainpic.twitter.com/j07c4oYryG",2504,8050,"#VoteTrump,#INPrimary,#MakeAmericaGreatAgainpic",
727253907567726592,2016-05-02 16:50:17,THANK YOU AMERICA! # MakeAmericaGreatAgainpic.twitter.com/PvhGP2HmbN,3712,10645,#MakeAmericaGreatAgainpic,
727255495996788743,2016-05-02 16:56:36,Will be interviewed on @ seanhannity tonight at 10pmE. Enjoy! # INPrimary,2108,6995,#INPrimary,@seanhannity
727262413968519168,2016-05-02 17:24:06,"Will be in South Bend, Indiana in a short while -- big rally! See you soon!",2285,8769,,
727319608663875585,2016-05-02 21:11:22,"Thank you South Bend, Indiana! Everyone get out & # VoteTrump tomorrow! # INPrimary https://instagram.com/p/BE7YHv1mhRR/ pic.twitter.com/xEBlvGrny1",3503,10622,"#VoteTrump,#INPrimary",
727458676211113984,2016-05-03 06:23:58,MAKE AMERICA GREAT AGAIN! # INPrimary # VoteTrumphttps://amp.twimg.com/v/598fcd12-9666-4834-a9d6-f4549de038e8 …,3659,10180,"#INPrimary,#VoteTrumphttps",
727503555083558912,2016-05-03 09:22:18,MAKE AMERICA GREAT AGAIN! # INPrimary # VoteTrump https://instagram.com/p/BE8rv_amhc4/ pic.twitter.com/YPwDZ8Irch,2649,7452,"#INPrimary,#VoteTrump",
727518466891239424,2016-05-03 10:21:33,MAKE AMERICA GREAT AGAIN! # Trump2016 # VoteTrumppic.twitter.com/OKaL5UI4oJ,3377,10388,"#Trump2016,#VoteTrumppic",
727521055728885761,2016-05-03 10:31:51,Thank you America! # Trump2016 https://www.facebook.com/DonaldTrump/posts/10156999573740725:0 …pic.twitter.com/Hkt3YNccb0,3237,9348,#Trump2016,
727540765765828609,2016-05-03 11:50:10,Polls close at 6pm! # INPrimary # Trump2016 # VoteTrumphttps://amp.twimg.com/v/1f0e3470-f030-47fc-8066-5c73447e2858 …,4229,10181,"#INPrimary,#Trump2016,#VoteTrumphttps",
727565652253392897,2016-05-03 13:29:03,MAKE AMERICA GREAT AGAIN! # INPrimary # VoteTrumphttps://amp.twimg.com/v/041ccb32-8615-4305-a4e7-daa2b932ed7e …,4295,10954,"#INPrimary,#VoteTrumphttps",
727634574298255361,2016-05-03 18:02:55,"Wow, Lyin' Ted Cruz really went wacko today. Made all sorts of crazy charges. Can't function under pressure - not very presidential. Sad!",7385,22139,,
727636035149139968,2016-05-03 18:08:44,"Lyin' Ted Cruz consistently said that he will, and must, win Indiana. If he doesn't he should drop out of the race-stop wasting time & money",5642,21177,,
727637487871479808,2016-05-03 18:14:30,Thank you Indiana! # Trump2016 # MakeAmericaGreatAgainpic.twitter.com/G4JlShRA6I,9144,25057,"#Trump2016,#MakeAmericaGreatAgainpic",
727643544190636034,2016-05-03 18:38:34,"Thank you Indiana, we were just projected to be the winner. We have won in every category. You are very special people-I will never forget!",9596,32956,,
727709529358671873,2016-05-03 23:00:46,". @ oreillyfactor Please correct, I WON Virginia!",2896,11722,,@oreillyfactor
727791165341356032,2016-05-04 04:25:10,What a great evening we had. So interesting that Sanders beat Crooked Hillary. The dysfunctional system is totally rigged against him!,6504,21208,,
727796025247846400,2016-05-04 04:44:28,I would rather run against Crooked Hillary Clinton than Bernie Sanders and that will happen because the books are cooked against Bernie!,10628,25235,,
727801034551087104,2016-05-04 05:04:23,I will be interviewed on @ Morning_Joe at 6:15 A.M. Enjoy!,1194,6329,,@Morning
727802350061158400,2016-05-04 05:09:36,I will be interviewed on @ TODAYshow and Good Morning America at 7:00 A.M.,1336,7142,,@TODAYshow
727803179816062976,2016-05-04 05:12:54,I will be interviewed on @ foxandfriends at 7:30 A.M. Enjoy!,1619,8084,,@foxandfriends
727898352965259268,2016-05-04 11:31:05,"Join me in Charleston, WV - tomorrow! https://www.donaldjtrump.com/schedule",3753,11034,,
728230182981611520,2016-05-05 09:29:40,Many reports that I will be attending the Alvarez/Khan fight this weekend in Vegas. Totally untrue! Unfortunately I have other plans.,2822,10025,,
728292625850208256,2016-05-05 13:37:47,I will be interviewed by @ BretBaier @ SpecialReport at 6pm ET tonight @ FoxNews,1833,6473,,"@BretBaier,@SpecialReport,@FoxNews"
728297587418247168,2016-05-05 13:57:30,Happy # CincoDeMayo! The best taco bowls are made in Trump Tower Grill. I love Hispanics! https://www.facebook.com/DonaldTrump/posts/10157008375200725:0 …pic.twitter.com/k01Mc6CuDI,95698,146882,#CincoDeMayo,
728305900415533056,2016-05-05 14:30:32,"Bernie Sanders has been treated terribly by the Democrats—both with delegates & otherwise. He should show them, & run as an Independent.",9877,28741,,
728365792077742080,2016-05-05 18:28:31,"Join me tomorrow! # Trump2016 # MakeAmericaGreatAgain Omaha, Nebraska: https://www.donaldjtrump.com/schedule/register/omaha-nebraska/ … Eugene, Oregon: https://www.donaldjtrump.com/schedule/register/eugene-oregon/ …",2871,7381,"#Trump2016,#MakeAmericaGreatAgain",
728403179214376960,2016-05-05 20:57:05,"Can you believe Crooked Hillary said, ""We are going to put a whole lot of coal miners&coal companies out of business."" She then apologized.",8274,22471,,
728423832848044032,2016-05-05 22:19:09,Thank you West Virginia. Let's keep it going. Go out and vote on Tuesday - we will win big. # Trump2016,5389,14803,#Trump2016,
728528466765844480,2016-05-06 05:14:56,"Unlike crooked Hillary Clinton, who wants to destroy all miners, I want wages to go up in America. We will do so by bringing back jobs!",5882,17922,,
728529524468682754,2016-05-06 05:19:08,"Governor Rick Perry said ""Donald Trump is one of the most talented people running for the Presidency I've ever seen."" Thank you Rick!",5529,18720,,
728552471677775872,2016-05-06 06:50:19,""" @ Ausbiz: Many would say that you are the only talented person running for the top job this time! # MakeAmericaGreatAgain # TrumpTrain""",2133,7705,"#MakeAmericaGreatAgain,#TrumpTrain",@Ausbiz
728557074163060736,2016-05-06 07:08:37,"Paul Ryan said that I inherited something very special, the Republican Party. Wrong, I didn't inherit it, I won it with millions of voters!",11585,34871,,
728564631313190912,2016-05-06 07:38:38,"Crooked Hillary has ZERO leadership ability. As Bernie Sanders says, she has bad judgement. Constantly playing the women's card - it is sad!",8291,24137,,
728617415332999171,2016-05-06 11:08:23,Thank you to teachers across America! When I become POTUS we will make education a far more important component of our life than it is now.,6769,20081,,
728646402985869312,2016-05-06 13:03:34,"Joe Scarborough initially endorsed Jeb Bush and Jeb crashed, then John Kasich and that didn't work. Not much power or insight!",3206,10351,,
728651908563517440,2016-05-06 13:25:27,I hear @ JoeNBC of rapidly fading @ Morning_Joe is pushing hard for a third party candidate to run. This will guarantee a Crooked Hillary win.,3476,8831,,"@JoeNBC,@Morning"
728691238166220801,2016-05-06 16:01:44,Response to @ LindseyGrahamSC: http://bit.ly/1QUjCfyGrahamResponse …,2761,7302,,@LindseyGrahamSC
728725020109877248,2016-05-06 18:15:58,I hope corrupt Hillary Clinton chooses goofy Elizabeth Warren as her running mate. I will defeat them both.,6769,20724,,
728725098409164801,2016-05-06 18:16:17,Let’s properly check goofy Elizabeth Warren’s records to see if she is Native American. I say she’s a fraud!,5022,14648,,
728725179074023425,2016-05-06 18:16:36,"Goofy Elizabeth Warren, Hillary Clinton’s flunky, has a career that is totally based on a lie. She is not Native American.",5428,15708,,
728739851823153152,2016-05-06 19:14:54,"Just met with courageous family of Sarah Root in Nebraska. Sarah was horribly killed by illegal immigrant, but leaves behind amazing legacy.",6073,17039,,
728740257512992768,2016-05-06 19:16:31,Crooked Hillary Clinton wants completely open borders. Millions of Democrats will run from her over this and support me.,6960,18720,,
728777556804153346,2016-05-06 21:44:44,Goofy Elizabeth Warren and her phony Native American heritage are on a Twitter rant. She is too easy! I'm driving her nuts.,5756,17539,,
728777599560892416,2016-05-06 21:44:54,"Goofy Elizabeth Warren is weak and ineffective. Does nothing. All talk, no action -- maybe her Native American name?",5790,18066,,
728971726533578753,2016-05-07 10:36:17,Join me in Washington today! Spokane tickets: http://bit.ly/1QUVzx2SPOKANE Lynden tickets: http://bit.ly/272P0V4LYNDEN pic.twitter.com/C7HhNvO01T,2275,7073,,
728974420807581696,2016-05-07 10:47:00,"I am going to keep our jobs in the U.S., and totally rebuild our crumbling infrastructure. Crooked Hillary has no clue! @ Teamsters",5612,16446,,@Teamsters
728976091428233216,2016-05-07 10:53:38,I am honored that the great men and women of the @ Teamsters have created a movement from within called Teamsters for Trump! Thank you.,6187,18699,,@Teamsters
729004564075012096,2016-05-07 12:46:46,"Remember when the two failed presidential candidates, Lindsey Graham and Jeb Bush, signed a binding PLEDGE? They broke the deal, no honor!",8137,22113,,
729121112148353025,2016-05-07 20:29:54,.@EdGoeas thank you for your support tonight on @ JudgeJeanine.,2345,9008,,@JudgeJeanine
729188558200786944,2016-05-08 00:57:54,""" @ matandsher: I want a leader that will shoot straight with us. The politicians can't. @ realDonaldTrump will give his all for us!",3223,10621,,"@matandsher,@realDonaldTrump"
729291290848956416,2016-05-08 07:46:07,# HappyMothersDay! https://www.facebook.com/DonaldTrump/posts/10157017995990725:0 …pic.twitter.com/BVSHiG2iPA,4278,14083,,
729301192325668864,2016-05-08 08:25:28,I will be interviewed on This Week with George S this morning. Enjoy!,1398,6364,,
729301847031349250,2016-05-08 08:28:04,I will be interviewed on @ meetthepress this morning. Enjoy!,1388,6597,,@meetthepress
729332727665790976,2016-05-08 10:30:47,". @ KellyannePolls Kellyanne, you were fantastic on @ meetthepress today. Keep going - I will win for the people. MAKE AMERICA GREAT AGAIN!",2713,9454,,"@KellyannePolls,@meetthepress"
729404337164783617,2016-05-08 15:15:20,"Crooked Hillary just can't close the deal with Bernie. It will be the same way with ISIS, and China on trade, and Mexico at the border. Bad!",7375,21131,,
729492093522067456,2016-05-08 21:04:03,On @ seanhannity show @ FoxNews now. ENJOY!,1388,6099,,"@seanhannity,@FoxNews"
729604845716516864,2016-05-09 04:32:05,I will win the election against Crooked Hillary despite the people in the Republican Party that are currently and selfishly opposed to me!,6462,18522,,
729605529417465856,2016-05-09 04:34:48,I will be interviewed on @ NewDay @ CNN at 7:00 A.M.,975,4307,,"@NewDay,@CNN"
729609208853897216,2016-05-09 04:49:25,""" @ mathewjmari: On @ FaceTheNation # MattSchlapp was on the ball & # jenniferrubin is in a time warped stupor. @ realDonaldTrump will EXPAND # GOP",1185,4225,"#MattSchlapp,#jenniferrubin,#GOP","@mathewjmari,@FaceTheNation,@realDonaldTrump"
729613336191586304,2016-05-09 05:05:49,. @ drmoore Russell Moore is truly a terrible representative of Evangelicals and all of the good they stand for. A nasty guy with no heart!,1909,6043,,@drmoore
729618676748570625,2016-05-09 05:27:02,I will be interviewed on @ CNN at 7:00 A.M.,1034,4645,,@CNN
729621735717351424,2016-05-09 05:39:12,"Wow, I hear @ Morning_Joe has gone really hostile ever since I said I won't do or watch the show anymore.They misrepresent my positions!",2924,8709,,@Morning
729633186913882113,2016-05-09 06:24:42,""" @ RichBooth6: @ realDonaldTrump @ CNN good interview Mr. Trump. You set the facts straight."" Thank you.",1399,5505,,"@RichBooth6,@realDonaldTrump,@CNN"
729635334116544512,2016-05-09 06:33:14,Will be interviewed by @ MariaBartiromo on @ FoxBizAlert at 7:30 A.M. Enjoy!,991,4556,,"@MariaBartiromo,@FoxBizAlert"
729643519846055936,2016-05-09 07:05:45,"""@NathanDWilsonFL: @ MariaBartiromo you had a great interview with Donald today! I started watching your show due to Donald Trump.",1622,5893,,@MariaBartiromo
729645861089775616,2016-05-09 07:15:04,""" @ daybastrop @ foxandfriends @ BretBaier The liars that signed the pledge and now won't support @ realDonaldTrump IS the reason they are losers",2946,8285,,"@daybastrop,@foxandfriends,@BretBaier,@realDonaldTrump"
729646520568524802,2016-05-09 07:17:41,""" @ Valdosta_Monkey: @ ChrisCuomo @ realDonaldTrump Is Chris serious, lying or misinformed? Bill Clinton signed NAFTA pic.twitter.com/dFDvYQrN1v""",3578,7666,,"@Valdosta,@ChrisCuomo,@realDonaldTrump"
729690751781748736,2016-05-09 10:13:26,# WVPrimary # VoteTrump # Trump2016 http://www.donaldjtrump.com/west-virginia https://amp.twimg.com/v/31bd47b6-f72b-4e3d-9954-6e0633adbfcf …,2482,5815,"#VoteTrump,#Trump2016",
729691263092543488,2016-05-09 10:15:28,# NEPrimary # VoteTrump # Trump2016 http://www.donaldjtrump.com/nebraska https://amp.twimg.com/v/263a6b94-daa4-45fb-a257-0f785d7dccd3 …,2602,6111,"#VoteTrump,#Trump2016",
729716712124362754,2016-05-09 11:56:36,Crooked Hillary Clinton says that she got more primary votes than Donald Trump. But I had 17 people to beat—she had one!,4863,15012,,
729717006749052928,2016-05-09 11:57:46,"If I only had 1 person running against me in the primaries like Hillary Clinton, I would have gotten 10 million more votes than she did!",4038,13869,,
729717317467246592,2016-05-09 11:59:00,I will have set the all time record in primary votes in the Republican party --despite having to compete against 17 other people!,4516,14580,,
729722941521469442,2016-05-09 12:21:21,I am lowering taxes far more than any other candidate. Any negotiated increase by Congress to my proposal would still be lower than current!,5544,16551,,
729775453704179713,2016-05-09 15:50:01,"Thank you Jason Greenblatt @JasonDovEsq ""For Our Children: Let's Elect Donald Trump""https://medium.com/@jgreenblatt/for-our-children-lets-elect-donald-trump-b6f0d089377e#.b3fxz3gur …",3215,8371,,@JasonDovEsq
729857410446336000,2016-05-09 21:15:41,""" @ RedRising11: I am a woman & I JUST VOTED FOR @ realDonaldTrump # NebraskaPrimary # Trump2016 # TrumpForPresident pic.twitter.com/zgzwxQ92wZ""",4354,12788,"#NebraskaPrimary,#Trump2016,#TrumpForPresident","@RedRising11,@realDonaldTrump"
729979461404340224,2016-05-10 05:20:40,"Get out and vote West Virginia, we will MAKE AMERICA GREAT AGAIN!",3945,10730,,
729981270328000512,2016-05-10 05:27:51,"Get out and vote Nebraska, we will MAKE AMERICA GREAT AGAIN!",3814,11050,,
729997397884047360,2016-05-10 06:31:57,. # RepMikeKelly Great job on @ foxandfriends this morning. Thank you for the nice words!,1915,7125,#RepMikeKelly,@foxandfriends
730018836808933376,2016-05-10 07:57:08,"Why does the media, with a strong push from Crooked Hillary, keep pushing the false narrative that I want to raise taxes. Exactly opposite!",6474,16635,,
730034041760690176,2016-05-10 08:57:33,"It was Rosie O'Donnell who ate the cake in the vicious Hillary commercial about me, not Crooked Hillary! @ marthamaccallum",2527,7911,,@marthamaccallum
730035627945775104,2016-05-10 09:03:51,It is only the people that were never asked to be VP that tell the press that they will not take the position.,5111,16515,,
730054583700078592,2016-05-10 10:19:11,NEBRASKA # VoteTrump TODAY! # MakeAmericaGreatAgain # Trump2016https://amp.twimg.com/v/ad8daeae-d04b-4c6f-a6c5-c84db749480a …,2785,7315,"#VoteTrump,#MakeAmericaGreatAgain,#Trump2016https",
730054891897536514,2016-05-10 10:20:24,WEST VIRGINIA # VoteTrump TODAY! # MakeAmericaGreatAgain # Trump2016pic.twitter.com/pndaZjsruy,3510,8818,"#VoteTrump,#MakeAmericaGreatAgain,#Trump2016pic",
730059920280793088,2016-05-10 10:40:23,"Via @ JTAnews and Jason Greenblatt ""Donald Trump is a Visionary With Talents Our Country Needs"" @JasonDovEsqhttp://www.jta.org/2016/04/18/news-opinion/politics/donald-trump-is-a-visionary-with-talents-our-country-needs …",2334,6425,,"@JTAnews,@JasonDovEsqhttp"
730069558132932609,2016-05-10 11:18:41,"I look very much forward to meeting w/Paul Ryan & the GOP Party Leadership on Thurs in DC. Together, we will beat the Dems at all levels!",4340,16019,,
730083435147055104,2016-05-10 12:13:49,It was so great being in Nebraska last week. Today is the big day--get out and vote!,2689,9183,,
730089913778065408,2016-05-10 12:39:34,Hillary has bad judgment! https://www.instagram.com/p/BFPCtFfmhWB/,3909,9674,,
730118084040724482,2016-05-10 14:31:30,The Clintons spend millions on negative ads on me & I can’t tell the truth about her husband? Don’t feel sorry for crooked Hillary!,8807,24251,,
730187041825120257,2016-05-10 19:05:31,Thank you West Virginia! # MakeAmericaGreatAgain # Trump2016pic.twitter.com/iCGcF21fWY,5836,17469,"#MakeAmericaGreatAgain,#Trump2016pic",
730201866416607233,2016-05-10 20:04:26,Thank you Nebraska! # MakeAmericaGreatAgain # Trump2016pic.twitter.com/RRma61oisz,5396,15868,"#MakeAmericaGreatAgain,#Trump2016pic",
730342411835195393,2016-05-11 05:22:54,"Big wins in West Virginia and Nebraska. Get ready for November - Crooked Hillary, who is looking very bad against Crazy Bernie, will lose!",4636,15482,,
730343346204508160,2016-05-11 05:26:37,I don't want to hit Crazy Bernie Sanders too hard yet because I love watching what he is doing to Crooked Hillary. His time will come!,8405,26437,,
730401662574182405,2016-05-11 09:18:21,Goofy Elizabeth Warren has been one of the least effective Senators in the entire U.S. Senate. She has done nothing!,4344,13816,,
730445388856098817,2016-05-11 12:12:06,Goofy Elizabeth Warren didn’t have the guts to run for POTUS. Her phony Native American heritage stops that and VP cold.,3714,11915,,
730453302287142913,2016-05-11 12:43:33,# MakeAmericaGreatAgain # Trump2016pic.twitter.com/CLhqgybbYR,3183,9754,#Trump2016pic,
730474838012366849,2016-05-11 14:09:07,Thanks Piers.https://twitter.com/piersmorgan/status/730465526993039360 …,4023,11781,,
730477118786801669,2016-05-11 14:18:11,"If the people of Massachusetts found out what an ineffective Senator goofy Elizabeth Warren has been, she would lose!",3411,10749,,
730482068753424385,2016-05-11 14:37:51,Goofy Elizabeth Warren is now using the woman’s card like her friend crooked Hillary. See her dumb tweet “when a woman stands up to you…”,4543,14333,,
730488544700010496,2016-05-11 15:03:35,"Our Native American Senator, goofy Elizabeth Warren, couldn’t care less about the American worker…does nothing to help!",3722,11118,,
730493295550468096,2016-05-11 15:22:28,Goofy Elizabeth Warren lied when she says I want to abolish the Federal Minimum Wage. See media—asking for increase!,3046,9752,,
730498173492445184,2016-05-11 15:41:51,Isn’t it funny when a failed Senator like goofy Elizabeth Warren can spend a whole day tweeting about Trump & gets nothing done in Senate?,7908,22481,,
730500562022760448,2016-05-11 15:51:20,"In interview I told @ AP that my taxes are under routine audit and I would release my tax returns when audit is complete, not after election!",4339,13156,,@AP
730504511291265024,2016-05-11 16:07:02,"If it were up to goofy Elizabeth Warren, we’d have no jobs in America—she doesn’t have a clue.",4573,14093,,
730823012463742976,2016-05-12 13:12:38,Great day in D.C. with @ SpeakerRyan and Republican leadership. Things working out really well! # Trump2016pic.twitter.com/hfHY9MdAc7,6979,24759,#Trump2016pic,@SpeakerRyan
730840541248819203,2016-05-12 14:22:18,Great meeting with @ SenateMajLdr Mitch McConnell and Republican leaders in D.C. # Trump2016pic.twitter.com/R0NuOrZISX,3867,13045,#Trump2016pic,@SenateMajLdr
730948897435176961,2016-05-12 21:32:52,"Senator Lindsey Graham called me yesterday, very much to my surprise, and we had a very interesting talk about national security, and more!",4902,19978,,
731192363809394688,2016-05-13 13:40:19,. @ thehill Your story about me & the carbon tax is absolutely incorrect—it is just the opposite. I will not support or endorse a carbon tax!,6146,14134,,@thehill
731220438530052096,2016-05-13 15:31:52,"An incredible honor to receive the endorsement of a person I have such tremendous respect for. Thank you, Sheldon!https://www.washingtonpost.com/opinions/sheldon-adelson-i-endorse-donald-trump-for-president/2016/05/12/ea89d7f0-17a0-11e6-aa55-670cabef46e0_story.html …",5867,14325,,
731288678451019776,2016-05-13 20:03:02,"If Crooked Hillary Clinton can't close the deal on Crazy Bernie, how is she going to take on China, Russia, ISIS and all of the others?",9516,27313,,
731501778873749505,2016-05-14 10:09:49,Great new poll- thank you!pic.twitter.com/ytzesbCZas,10465,27280,,
731503361774768129,2016-05-14 10:16:06,"Wow, @ CNN is really working hard to make me look as bad as possible. Very unprofessional. Hurting in ratings - bad television!",6837,21086,,@CNN
731666958979112960,2016-05-14 21:06:11,""" @ stranahan: Sheldon Adelson Pledges $100 Million to Elect Trump President - Breitbart http://www.breitbart.com/2016-presidential-race/2016/05/14/sheldon-adelson-poised-give-donald-trump-donation-boost/ …""",3508,9478,,@stranahan
731798661580111872,2016-05-15 05:49:31,Thank you for the nice words this morning @ KellyRiddell. Well delivered and totally logical! @ CNN @ FoxNews,1842,6343,,"@KellyRiddell,@CNN,@FoxNews"
731800205188796419,2016-05-15 05:55:39,"The failing @ nytimes wrote yet another hit piece on me. All are impressed with how nicely I have treated women, they found nothing. A joke!",3173,10678,,@nytimes
731801374325776384,2016-05-15 06:00:18,""" @ QueenCharlotteO: @ realDonaldTrump @ nytimes I'm a women & I 100% support @ realDonaldTrump & I have since the beginning. Thank you!",2025,7083,,"@QueenCharlotteO,@realDonaldTrump,@nytimes,@realDonaldTrump"
731801917379219456,2016-05-15 06:02:27,""" @ MrTohNey: Leicester & DonaldTrump seem to have the same trajectory, both were written off, but they keep scaling the heights. History?",1942,6435,,@MrTohNey
731802331923263488,2016-05-15 06:04:06,""" @ DistlerJoyce: @ realDonaldTrump @ nytimes OHIO WOMEN FOR TRUMP https://twitter.com/DistlerJoyce/status/731800493345939456/photo/1pic.twitter.com/wpxojJnjbb """,3982,11431,,"@DistlerJoyce,@realDonaldTrump,@nytimes"
731804642368212992,2016-05-15 06:13:17,Everyone is laughing at the @ nytimes for the lame hit piece they did on me and women.I gave them many names of women I helped-refused to use,4170,13467,,@nytimes
731805070669557761,2016-05-15 06:14:59,"""@tzard000: @ realDonaldTrump @ nytimes Everyone continues to pile onto Donald, but they can NEVER take away our votes!"" Thank you!",2810,9414,,"@realDonaldTrump,@nytimes"
731805331425218560,2016-05-15 06:16:01,""" @ TakingIt_Back: @ nytimes keep shining....the ppl will not let the media dim your light...we no longer believe them! # Trump2016"" Thanks.",2898,9092,#Trump2016,"@TakingIt,@nytimes"
731809410578808832,2016-05-15 06:32:14,Why doesn't the failing @ nytimes write the real story on the Clintons and women? The media is TOTALLY dishonest!,6872,17881,,@nytimes
731923681522397184,2016-05-15 14:06:18,"Wow, I have had so many calls from high ranking people laughing at the stupidity of the failing @ nytimes piece. Massive front page for that!",4151,13563,,@nytimes
731924988060651520,2016-05-15 14:11:30,Why did the failing @ nytimes refuse to use any of the names given to them that I was so proud to have helped with their careers. DISHONEST!,3768,11272,,@nytimes
731928825500717057,2016-05-15 14:26:45,"The media is really on a witch-hunt against me. False reporting, and plenty of it - but we will prevail!",7165,19869,,
731959001143988229,2016-05-15 16:26:39,Thank you Georgia! See you soon! # Trump2016pic.twitter.com/8yFd6qA4rD,4075,13503,#Trump2016pic,
732019210185003009,2016-05-15 20:25:54,The @ washingtonpost report on potential VP candidates is wrong. Marco Rubio and most others mentioned are NOT under consideration.,4980,12980,,@washingtonpost
732033604709191680,2016-05-15 21:23:06,Great new poll- thank you! # MakeAmericaGreatAgain # Trump2016pic.twitter.com/SZyZ8GkF23,7831,19814,"#MakeAmericaGreatAgain,#Trump2016pic",
732148805118885889,2016-05-16 05:00:52,"Bernie Sanders is being treated very badly by the Dems. The system is rigged against him. He should run as an independent! Run Bernie, run.",7895,21909,,
732163930236260352,2016-05-16 06:00:58,That was an amazing interview on @ foxandfriends - I hope the rest of the media picks it up to show how totally dishonest the @ nytimes is!,3563,10518,,"@foxandfriends,@nytimes"
732196260636151808,2016-05-16 08:09:26,"The @ nytimes is so dishonest. Their hit piece cover story on me yesterday was just blown up by Rowanne Brewer, who said it was a lie!",3678,10897,,@nytimes
732197065820913668,2016-05-16 08:12:38,"Wow, Rowanne Brewer, the most prominently depicted woman in the failing @ nytimes story yesterday, was on @ foxandfriends saying Times lied",3883,11475,,"@nytimes,@foxandfriends"
732200012457906176,2016-05-16 08:24:21,"A political commentator for @ cnn, which I no longer watch, said ""Trump showed some weakness in the Repub Primaries."" I set all-time record!",3397,10800,,@cnn
732230384071680001,2016-05-16 10:25:02,"With the coming forward today of the woman central to the failing @ nytimes hit piece on me, we have exposed the article as a fraud!",4699,13641,,@nytimes
732274340188852224,2016-05-16 13:19:42,"Thank you, Anthony @ Scaramucci @ WSJ ""The Entrepreneur's Case for Trump""http://www.wsj.com/articles/the-entrepreneurs-case-for-trump-1463344997?mod=trending_now_ …",2618,6701,,"@Scaramucci,@WSJ"
732327433957953537,2016-05-16 16:50:40,"Rowanne Brewer, the most prominently depicted woman in the failing @ nytimes story yesterday joined @ foxandfriends.https://amp.twimg.com/v/ebf3185d-9258-407b-a53a-a92289f9e7fb …",3265,7832,,"@nytimes,@foxandfriends"
732333025325928448,2016-05-16 17:12:53,The failing @ nytimes is greatly embarrassed by the totally dishonest story they did on my relationship with women.,2913,9580,,@nytimes
732333137326444544,2016-05-16 17:13:20,"No wonder the @ nytimes is failing—who can believe what they write after the false, malicious & libelous story they did on me.",3214,9916,,@nytimes
732333383024582661,2016-05-16 17:14:19,Over 50 women were interviewed by the @ nytimes yet they only wrote about 6. That’s because there were so many positive statements.,4054,11558,,@nytimes
732333772587302912,2016-05-16 17:15:52,"The writer of the now proven false story in the @ nytimes, Michael Barbaro, who was interviewed on CBS this morning, was unable to respond.",3785,11014,,@nytimes
732377163505225728,2016-05-16 20:08:17,"""In politics, and in life, ignorance is not a virtue."" This is a primary reason that President Obama is the worst president in U.S. history!",8021,20301,,
732417001965137920,2016-05-16 22:46:35,"I gave a woman named Barbara Res a top N.Y. construction job, when that was unheard of, and now she is nasty. So much for a nice thank you!",3306,10599,,
732421072037892101,2016-05-16 23:02:45,"What Barbara Res does not say is that she would call my company endlessly, and for years, trying to come back. I said no.",2590,8143,,
732430605548437504,2016-05-16 23:40:38,""" @ AprilLaJune: OREGON votes today! Go vote for @ realDonaldTrump and kick it BIG TIME! https://twitter.com/AprilLaJune/status/732427411103457282/photo/1pic.twitter.com/SLYwyM8w1D """,3101,8310,,"@AprilLaJune,@realDonaldTrump"
732533409285865473,2016-05-17 06:29:09,"Wow, 30,000 e-mails were deleted by Crooked Hillary Clinton. She said they had to do with a wedding reception. Liar! How can she run?",6912,17744,,
732535400498143232,2016-05-17 06:37:03,"The pathetic new hit ad against me misrepresents the final line. ""You can tell them to go BLANK themselves"" - was about China, NOT WOMEN!",4053,11421,,
732537744195522560,2016-05-17 06:46:22,Crooked Hillary Clinton put out an ad where I am misquoted on women. Can't believe she would misrepresent the facts! My hit was on China,3045,9614,,
732539159659859968,2016-05-17 06:52:00,Oregon is voting today. Keep the big numbers going - VOTE TRUMP! MAKE AMERICA GREAT AGAIN!,3406,9762,,
732540713678819328,2016-05-17 06:58:10,Amazing that Crooked Hillary can do a hit ad on me concerning women when her husband was the WORST abuser of woman in U.S. political history,12027,30962,,
732549197539446784,2016-05-17 07:31:53,Crooked Hillary can't close the deal with Bernie Sanders. Will be another bad day for her!,3070,9998,,
732570904094347265,2016-05-17 08:58:08,# VoteTrump at clerk's offices & 185 ballot drop boxes in # ORPrimary! Closes at 8pm! http://bit.ly/1TXfrExVoteTRUMP …https://amp.twimg.com/v/b53a4f3e-1861-4ad8-9542-46fa22e9a0fb …,2392,5933,#ORPrimary,
732575682367258624,2016-05-17 09:17:07,"Crooked Hillary said her husband is going to be in charge of the economy.If so, he should run,not her.Will he bring the ""energizer"" to D.C.?",4355,12009,,
732576889538260992,2016-05-17 09:21:55,"How can Crooked Hillary put her husband in charge of the economy when he was responsible for NAFTA, the worst economic deal in U.S. history?",7015,18724,,
732592935980695558,2016-05-17 10:25:41,"I look forward to watching @ megynkelly tonight, 8 PM ET. It will be interesting to see how she treats me—I think she will be very fair.",2725,10592,,@megynkelly
732681922644725760,2016-05-17 16:19:17,I will be live tweeting my interview with @ megynkelly on the Fox Network tonight at 8! Enjoy!pic.twitter.com/nlJssZeIWm,4436,18114,,@megynkelly
732716604027502592,2016-05-17 18:37:06,"Do you think Crooked Hillary will finally close the deal? If she can't win Kentucky, she should drop out of race. System rigged!",3006,10024,,
732717975090909185,2016-05-17 18:42:33,"Wall Street paid for ad is a fraud, just like Crooked Hillary! Their main line had nothing to do with women, and they knew it. Apologize?",2134,6852,,
732719796077383680,2016-05-17 18:49:47,I will be live tweeting @ megynkelly Show in 10 minutes. Should be interesting. Will be on Fox Network! ENJOY!,1340,5553,,@megynkelly
732724066122104832,2016-05-17 19:06:45,""" @ TrumpTrainRider: . @ realDonaldTrump Watching you on Fox with @ megynkelly now. Can't wait to hear what you two talked about.""",880,4036,,"@TrumpTrainRider,@realDonaldTrump,@megynkelly"
732726105837277184,2016-05-17 19:14:51,""" @ xGodfatherxzx: @ realDonaldTrump amazing on Megan Kelly"" Thanks.",826,3995,,"@xGodfatherxzx,@realDonaldTrump"
732726338147258370,2016-05-17 19:15:47,""" @ ragdollive: @ megynkelly @ realDonaldTrump what's with the soft wimpy questions?!? It's not a therapy session ..!!"" Not really soft at all!",837,3887,,"@ragdollive,@megynkelly,@realDonaldTrump"
732729090696957954,2016-05-17 19:26:43,""" @ manakoa:DonaldTrump, you are fearless! This interview shows you are the Leader we need. @ megynkelly is a tough interview! Respect to both""",1280,5917,,"@manakoa,@megynkelly"
732729332917997568,2016-05-17 19:27:41,""" @ wesleyfelixpsi: @ realDonaldTrump speaks from the heart 4 all of America.His intention is for a positive future 4 all. @ FoxNews @ megynkelly",1223,4591,,"@wesleyfelixpsi,@realDonaldTrump,@FoxNews,@megynkelly"
732729619061821440,2016-05-17 19:28:49,""" @ HFFoundation4: @ realDonaldTrump One thing we know for sure @ BernieSanders supporters will turn to # Trump - absolutely not @ HillaryClinton""",1372,4966,#Trump,"@HFFoundation4,@realDonaldTrump,@BernieSanders,@HillaryClinton"
732729747336269824,2016-05-17 19:29:19,""" @ longbyfive: @ realDonaldTrump great interview with @ megynkelly !"" Thanks.",854,4408,,"@longbyfive,@realDonaldTrump,@megynkelly"
732730463735943169,2016-05-17 19:32:10,""" @ SandraR67758219: @ realDonaldTrump You are a fighter and we LOVE that about you! Don't listen to these people who want you to change!""",1226,4823,,"@SandraR67758219,@realDonaldTrump"
732730584695463936,2016-05-17 19:32:39,""" @ gerriweth: @ megynkelly @ realDonaldTrump Made me feel good to hear you both so gracious. Great job""",892,4326,,"@gerriweth,@megynkelly,@realDonaldTrump"
732730840162144256,2016-05-17 19:33:40,""" @ curtandkaren: Kudos to @ megynkelly and @ realDonaldTrump for rising above the drama and coming together. Very respectful and classy """,1357,5698,,"@curtandkaren,@megynkelly,@realDonaldTrump"
732731153556312064,2016-05-17 19:34:55,""" @ LADYJOANNE: @ megynkelly @ realDonaldTrump we need Trump more then ever Megan Please don't lose it for America for us!""",862,3988,,"@LADYJOANNE,@megynkelly,@realDonaldTrump"
732731343503790080,2016-05-17 19:35:40,""" @ LADYJOANNE: @ megynkelly @ realDonaldTrump we need Trump more then ever Megyn. Thanks.",963,4332,,"@LADYJOANNE,@megynkelly,@realDonaldTrump"
732731735897702400,2016-05-17 19:37:13,""" @ FrankDallasAgg: @ megynkelly @ realDonaldTrump Trump is a great man and is FIGHTING for We The People!""",1395,5060,,"@FrankDallasAgg,@megynkelly,@realDonaldTrump"
732732606765240321,2016-05-17 19:40:41,""" @ jlund04: @ megynkelly @ realDonaldTrump it was refreshing to see you both in a different light. Well done.""",829,4225,,"@jlund04,@megynkelly,@realDonaldTrump"
732732712268746753,2016-05-17 19:41:06,""" @ johnkirtley: @ megynkelly @ realDonaldTrump # MakeAmericaGreatAgain Thank you for this discourse. Wounds have been healed. Great job!""",939,4284,#MakeAmericaGreatAgain,"@johnkirtley,@megynkelly,@realDonaldTrump"
732732783605469184,2016-05-17 19:41:23,""" @ KaceyIlliot1669: @ realDonaldTrump We actually really do love you!"" Great!",850,4044,,"@KaceyIlliot1669,@realDonaldTrump"
732733059955601408,2016-05-17 19:42:29,""" @ Janik1968: @ realDonaldTrump @ SpeakerRyan Watched the Megan Kelly special and I must say..it was very well done on both their parts""",1004,4524,,"@Janik1968,@realDonaldTrump,@SpeakerRyan"
732733300763037696,2016-05-17 19:43:27,""" @ ladytsbrug: Lovely interview, Mr. Trump! @ realDonaldTrump"" Thanks.",828,3985,,"@ladytsbrug,@realDonaldTrump"
732733386041647104,2016-05-17 19:43:47,""" @ markgruber1960: @ megynkelly @ realDonaldTrump That's why he is so successful. He is driven to succeed"" True!",1047,4594,,"@markgruber1960,@megynkelly,@realDonaldTrump"
732733747586469888,2016-05-17 19:45:13,""" @ johnjohnlacca: Donald u have done a terrific job so far on the interview. Cannot wait until u r president # MegynKellyPresents",1185,5255,#MegynKellyPresents,@johnjohnlacca
732734199678050304,2016-05-17 19:47:01,""" @ svhlevi: @ DiamondandSilk @ realJeffreyLord @ realDonaldTrump @ CNN and we love you Diamond and Silk"" I do also!",1162,4672,,"@svhlevi,@DiamondandSilk,@realJeffreyLord,@realDonaldTrump,@CNN"
732734411398119424,2016-05-17 19:47:51,""" @ CostaKenneth: @ megynkelly @ realDonaldTrump Great interview Megyn""",854,4280,,"@CostaKenneth,@megynkelly,@realDonaldTrump"
732734623285927936,2016-05-17 19:48:42,"""@thydanielflores: . @ megynkelly @ realDonaldTrump Best interview that I have ever seen.",972,4629,,"@megynkelly,@realDonaldTrump"
732735764585406465,2016-05-17 19:53:14,I like Michael Douglas!,2066,7469,,
732736485661769732,2016-05-17 19:56:06,""" @ mai_Ttag: Great interview! Happy you had a chance to show the other side of you. Never change, never forget you are our messenger!""",1491,6100,,@mai
732736605954428933,2016-05-17 19:56:35,""" @ jrector34: @ realDonaldTrump Amazing job""",756,4134,,"@jrector34,@realDonaldTrump"
732736781351849989,2016-05-17 19:57:16,Will go back on for a final question now!,925,5251,,
732738568725094402,2016-05-17 20:04:23,"Well, that is it. Well done Megyn --- and they all lived happily ever after! Now let us all see how ""THE MOVEMENT"" does in Oregon tonight!",3302,13227,,
732746916337975296,2016-05-17 20:37:33,""" @ COWBOYSFORTRUMP: @ ChristiChat @ Rockprincess818 @ realDonaldTrump That man is a pillar of strength and will be perfect as our next president",1727,6033,,"@COWBOYSFORTRUMP,@ChristiChat,@Rockprincess818,@realDonaldTrump"
732749934903087104,2016-05-17 20:49:32,I can't believe that @ CNN would allow the very nice Jeffrey Lord to be savaged by a panel of seven Trump haters. 7 to 1 - Don't watch CNN!,3608,10647,,@CNN
732751047022628865,2016-05-17 20:53:58,"I look so forward to debating Crooked Hillary Clinton! Democrat Primaries are rigged, e-mail investigation is rigged - so time to get it on!",6501,18137,,
732756302447968257,2016-05-17 21:14:51,""" @ michael_favreau: @JIS3 @ realDonaldTrump He will destroy Hillary but why give CNN record breaking ratings CNN can go to hell. Trump 2016""",1807,6252,,"@michael,@JIS3,@realDonaldTrump"
732762160842039296,2016-05-17 21:38:07,"Michael Barbaro, the author of the now discredited @ nytimes hit piece on me with women, has in past tweeted badly about me. He should resign",2542,8185,,@nytimes
732762774745559041,2016-05-17 21:40:34,""" @ sandrajeanne48: No way I believe Trump at 70% disapproval with women. Went to 3 rallies. At least 1/2 women. MSM LIES @ TheFive""",2970,8600,,"@sandrajeanne48,@TheFive"
732762977825349632,2016-05-17 21:41:22,""" @ LouDobbs: Hillary Just Handed @ realDonaldTrump a Huge Gift: Promising to Put Bubba in Charge of the Economy! # MakeAmericaGreatAgain!",3032,8402,#MakeAmericaGreatAgain,"@LouDobbs,@realDonaldTrump"
732771469281927169,2016-05-17 22:15:07,Thank you Oregon! # Trump2016 # MakeAmericaGreatAgainpic.twitter.com/hK1yqlp9ca,4103,12863,"#Trump2016,#MakeAmericaGreatAgainpic",
732773906889736192,2016-05-17 22:24:48,"Congratulations to THE MOVEMENT, we have just won THE GREAT STATE OF OREGON. The vote percentage is even higher than anticipated! Thank you.",5341,18463,,
732779353566760960,2016-05-17 22:46:26,""" @ MagicMetalNinja: The Trump movement will not be stopped. We support Trump because he is a true American looking out for # AmericaFIRST.""",3441,9950,#AmericaFIRST,@MagicMetalNinja
732783552513880064,2016-05-17 23:03:08,""" @ ShoneeP: @ realDonaldTrump Trump for President! Bernie is a joke, knows nothing - and Hillary is yesterday's and today's nightmare""",2530,8136,,"@ShoneeP,@realDonaldTrump"
732788306237345794,2016-05-17 23:22:01,"Paul Begala, the dopey @ CNN flunky and head of the Pro-Hillary Clinton Super PAC, has knowingly committed fraud in his first ad against me.",3976,10807,,@CNN
732893573365010432,2016-05-18 06:20:19,Bernie Sanders is being treated very badly by the Democrats - the system is rigged against him. Many of his disenfranchised fans are for me!,6991,19621,,
732973805354819586,2016-05-18 11:39:07,Why did Clinton supporter @ AlisonForKY declare Crooked Hillary winner in KY when AP hasn't even called the race?,2873,9072,,@AlisonForKY
732988705531650048,2016-05-18 12:38:20,Thank you Arizona! See you soon! # MakeAmericaGreatAgainpic.twitter.com/IC3pe5lRAS,3502,11568,#MakeAmericaGreatAgainpic,
732990965426888705,2016-05-18 12:47:19,Thank you Louisiana! # Trump2016pic.twitter.com/u8hhrRRFMp,4055,12445,#Trump2016pic,
733073344661061632,2016-05-18 18:14:39,# MakeAmericaGreatAgain # Trump2016 http://bit.ly/1R9vMkzFoxNewsPoll …pic.twitter.com/YZAdAndKXv,4012,10459,#Trump2016,
733113480207798272,2016-05-18 20:54:08,"Some low-life journalist claims that I ""made a pass"" at her 29 years ago. Never happened! Like the @ nytimes story which has become a joke!",3831,13324,,@nytimes
733128160603168768,2016-05-18 21:52:29,My list of potential U.S. Supreme Court Justices was very well recieved. During the next number of weeks I may be adding to the list!,3845,13798,,
733242745385537536,2016-05-19 05:27:48,"Looks like yet another terrorist attack. Airplane departed from Paris. When will we get tough, smart and vigilant? Great hate and sickness!",10328,29949,,
733348895615528960,2016-05-19 12:29:36,How quality a woman is Rowanne Brewer Lane to have exposed the @ nytimes as a disgusting fraud? Thank you Rowanne.,4241,14691,,@nytimes
733380950059581440,2016-05-19 14:36:58,Thank you @ LtStevenLRogers. We will respond to terrorism with strength in 2017!https://amp.twimg.com/v/55610e7e-e370-4f5e-a031-0098a264184d …,4166,10667,,@LtStevenLRogers
733593259423862785,2016-05-20 04:40:37,"I said that Crooked Hillary Clinton is ""not qualified"" to be president because she has ""very bad judgement"" - Bernie said the same thing!",4523,14157,,
733594906447372292,2016-05-20 04:47:09,"Crooked Hillary has zero imagination and even less stamina. ISIS, China, Russia and all would love for her to be president. 4 more years!",3921,12072,,
733597831261499392,2016-05-20 04:58:47,"Look where the world is today, a total mess, and ISIS is still running around wild. I can fix it fast, Hillary has no chance!",4914,14365,,
733600358501625857,2016-05-20 05:08:49,Crooked Hillary Clinton looks presidential? I don't think so! Four more years of Obama and our country will never come back. ISIS LAUGHS!,5044,15412,,
733604767612710912,2016-05-20 05:26:20,Crooked Hillary can't even close the deal with Bernie - and the Dems have it rigged in favor of Hillary. Four more years of this? No way!,5228,16903,,
733666112563519489,2016-05-20 09:30:06,"""A Call for Unity"" by Jason Greenblatt @JasonDovEsqhttps://medium.com/@jgreenblatt/a-call-for-unity-2e7a33eceef3#.k45jbtw9t …",1752,5190,,@JasonDovEsqhttps
733677446235623425,2016-05-20 10:15:08,I am on my way! See you all soon!https://twitter.com/nra/status/733656029322457088 …,2277,6576,,
733682878278696960,2016-05-20 10:36:44,Crooked Hillary Clinton- discussing the # SecondAmendment at a private event. # 2A cc: @ NRApic.twitter.com/vV31Pbpkmn,5413,9730,"#SecondAmendment,#2A",@NRApic
733691067829215232,2016-05-20 11:09:16,"Thanks @ piersmorgan! ""Trump is the most unpredictable, extraordinary, entertaining&massively popular candidate this country has ever seen.""",4012,13019,,@piersmorgan
733691591198703616,2016-05-20 11:11:21,Failing @ NYTimes will always take a good story about me and make it bad. Every article is unfair and biased. Very sad!,3077,10056,,@NYTimes
733750845280522242,2016-05-20 15:06:48,Thank you! An honor to be the first candidate ever endorsed by the @ NRA- prior to @ GOPconvention! # Trump2016 # 2Ahttps://twitter.com/nra/status/733731153719525377 …,6427,14832,"#Trump2016,#2Ahttps","@NRA,@GOPconvention"
733778244076507136,2016-05-20 16:55:40,"Great day in Kentucky with Wayne LaPierre, Chris Cox & the @ NRA! # MakeAmericaGreatAgain # Trump2016pic.twitter.com/aJ7s0aqqj0",4037,13003,"#MakeAmericaGreatAgain,#Trump2016pic",@NRA
733791992564617216,2016-05-20 17:50:18,Thank you for your wonderful endorsement today @ TGowdySC. It means a great deal to me. We will not disappoint! # Trump2016,4049,11493,#Trump2016,@TGowdySC
733801387952340992,2016-05-20 18:27:38,""" @ montgomeriefdn: @ TrumpTurnberry Best Links Course in Britain. Ailsa Course opens June '16 Can't wait to play it pic.twitter.com/HnQbj3ipuS""",1628,6944,,"@montgomeriefdn,@TrumpTurnberry"
733803565060345856,2016-05-20 18:36:17,"@ montgomeriefdn Colin, great to have you at Trump Turnberry. So proud of you and your GREAT playing! You made winning MAJORS look easy!",966,2692,,
733820785157132288,2016-05-20 19:44:43,"Thank you @ TheTodaysGolfer for the wonderful statement that ""the new par 3 9th hole @ Trump Turnberry could be the most dramatic in Britain.""",1616,6629,,"@TheTodaysGolfer,@Trump"
733837704312410112,2016-05-20 20:51:57,Crooked Hillary Clinton wants to essentially abolish the 2nd Amendment. No gun owner can ever vote for Clinton!,6871,17450,,
733838909805887488,2016-05-20 20:56:44,Crooked Hillary is spending tremendous amounts of Wall Street money on false ads against me. She is a very dishonest person!,5722,17649,,
733974704445358080,2016-05-21 05:56:20,"While our wonderful president was out playing golf all day, the TSA is falling apart, just like our government! Airports a total disaster!",10294,22334,,
734003305819570176,2016-05-21 07:49:59,Crooked Hillary wants to get rid of all guns and yet she is surrounded by bodyguards who are fully armed. No more guns to protect Hillary!,12985,34041,,
734014390731673600,2016-05-21 08:34:02,""" @ RBacliff: Hillary wants to rip the guns out of America's hands. No guns = no protection. Get on # TrumpTrain & join @ NRA to stop her.""",4191,11686,#TrumpTrain,"@RBacliff,@NRA"
734053246734499840,2016-05-21 11:08:26,". @ CNN is so negative, getting even worse as I get closer. Just had two anti-Trump losers with zero rebuttal from my team. Turning off!",3751,12583,,@CNN
734066397425307648,2016-05-21 12:00:42,MAKE AMERICA GREAT AGAIN!pic.twitter.com/MAZK5bdZuD,8359,22956,,
734066896794963968,2016-05-21 12:02:41,"Crooked Hillary Clintons foreign interventions unleashed ISIS in Syria, Iraq and Libya. She is reckless and dangerous!",6377,14842,,
734114828529307648,2016-05-21 15:13:08,Thank you to all of the men and women who have served our country. You are our true heroes! # ArmedForcesDaypic.twitter.com/A3Wus0cRIO,8448,24410,#ArmedForcesDaypic,
734228313695236100,2016-05-21 22:44:05,"""@dubilujane: I trust @ realDonaldTrump more anyone ever to protect America.He WILL do the right thing for the U.S.A, without a doubt.",2503,8936,,@realDonaldTrump
734231223002894337,2016-05-21 22:55:39,Crooked Hillary said that I want guns brought into the school classroom. Wrong!,34123,44434,,
734365143635759104,2016-05-22 07:47:48,Hillary Clinton is not qualified to be president because her judgement has been proven to be so bad! Would be four more years of stupidity!,8876,26546,,
734395329588670465,2016-05-22 09:47:45,Why do the networks continue to put dopey @ BillKristol on panels when he has called every single shot about me wrong for 2 yrs?,4156,12324,,@BillKristol
734468142303305728,2016-05-22 14:37:05,"How can Crooked Hillary say she cares about women when she is silent on radical Islam, which horribly oppresses women?",10331,23629,,
734468447829004288,2016-05-22 14:38:18,Crooked Hillary wants a radical 500% increase in Syrian refugees. We can’t allow this. Time to get smart and protect America!,7946,19747,,
734470625767620609,2016-05-22 14:46:57,"Join me on Wednesday, May 25th at the Anaheim Convention Center! # Trump2016 # MAGA Tickets: http://bit.ly/20nwDoeANAHEIM pic.twitter.com/xGkVbxTamz",3056,7907,"#Trump2016,#MAGA",
734482099793711104,2016-05-22 15:32:33,Bernie Sanders is continuing his quest because he believes that Crooked Hillary Clinton will be forced out of the race - e-mail scandal!,4997,17489,,
734485185148944384,2016-05-22 15:44:48,The American people are sick and tired of not being able to lead normal lives and to constantly be on the lookout for terror and terrorists!,7385,21367,,
734517899960934400,2016-05-22 17:54:48,Thank you America! # Trump2016pic.twitter.com/xfINxdRNiQ,9755,25890,#Trump2016pic,
734742416494845952,2016-05-23 08:46:57,"In trade, military and EVERYTHING else, it will be AMERICA FIRST! This will quickly lead to our ultimate goal: MAKE AMERICA GREAT AGAIN!",6773,18257,,
734768900282454016,2016-05-23 10:32:11,Is Hillary really protecting women? https://www.instagram.com/p/BFwTioiGhQj/,3623,8771,,
734794856564936705,2016-05-23 12:15:20,Obama’s VA Secretary just said we shouldn't measure wait times. Hillary says VA problems are not ‘widespread.’ I will take care of our vets!,6207,18215,,
734892328637325312,2016-05-23 18:42:39,I will be interviewed on @ oreillyfactor at 8:00 P.M. Enjoy!,1762,7425,,@oreillyfactor
734903156589645824,2016-05-23 19:25:41,"Join me in California or Montana! 5/25/16: Anaheim, California http://bit.ly/20nwDoeANAHEIM 5/26/16: Billings, Montana http://bit.ly/22mHf8nMONTANA",2577,6804,,
734936659851128832,2016-05-23 21:38:48,"While under no obligation to do so, I have raised between 5 & 6 million dollars, including 1million dollars from me, for our VETERANS. Nice!",5795,20830,,
734938503541325825,2016-05-23 21:46:08,"Much of the money I have raised for our veterans has already been distributed, with the rest to go shortly to various other veteran groups.",4229,14472,,
734939680278519809,2016-05-23 21:50:48,"Amazingly, with all of the money I have raised for the vets, I have got nothing but bad publicity from the dishonest and disgusting media.",6572,20343,,
735058192862969856,2016-05-24 05:41:44,"I just released my financial disclosure forms, the largest numbers in the history of the F.E.C. Even the dishonest media thinks great!",4365,14076,,
735073508124983298,2016-05-24 06:42:35,"Crooked Hillary Clinton overregulates, overtaxes and doesn't care about jobs. Most importantly, she suffers from plain old bad judgement!",5681,16468,,
735117032060899328,2016-05-24 09:35:32,A great new book has been written about Crooked Hillary. Read it & you will never be able to vote for her. @ Ed_Kleinhttp://www.amazon.com/Unlikeable-Problem-Hillary-Edward-Klein/dp/1621573788 …,5347,10527,,@Ed
735124106476195841,2016-05-24 10:03:39,A wonderfully written article concerning Israel by @JasonDovEsqhttp://blogs.timesofisrael.com/a-trump-presidency-means-a-safer-israel/ …,2949,7122,,@JasonDovEsqhttp
735125552064024577,2016-05-24 10:09:24,A suggestion for the dishonest media- https://www.instagram.com/p/BFy12zpmhc9/,3043,7683,,
735213812484345857,2016-05-24 16:00:07,Thank you @ DailyMail- for setting the failing @ NYTimes story straight. This is what the NYT's should have written!http://www.dailymail.co.uk/news/article-3607052/The-sexist-boss-Trump-critic-Barbara-Res-REALLY-thought-turned-Donald-got-rid-refused-hire-back.html …,4456,10035,,"@DailyMail,@NYTimes"
735267332927279107,2016-05-24 19:32:47,"After raising, w/ no obligation, almost $6M for Vets, I couldn't believe protesters formed @Trump Tower. JUST OUT- SENT BY CROOKED HILLARY!",4153,12736,,@Trump
735267499269226496,2016-05-24 19:33:27,Great honor to receive today's endorsement of @ RickSantorum. Really nice! # Trump2016,4009,13225,#Trump2016,@RickSantorum
735311006826700800,2016-05-24 22:26:20,Thank you Washington! # Trump2016 # MakeAmericaGreatAgainpic.twitter.com/v9glTwj6gy,3964,12354,"#Trump2016,#MakeAmericaGreatAgainpic",
735337786757238785,2016-05-25 00:12:44,"Great rally in New Mexico, amazing crowd! Now in L.A. Big rally in Anaheim.",2603,9518,,
735344013499326465,2016-05-25 00:37:29,"@elizabethforma Goofy Elizabeth Warren, sometimes referred to as Pocahontas because she faked the fact she is native American, is a lowlife!",1776,3951,,
735345023563247617,2016-05-25 00:41:30,""" @ tcloer11: @ realDonaldTrump Great job! Make America Great Again!""",1188,5064,,"@tcloer11,@realDonaldTrump"
735345057587417089,2016-05-25 00:41:38,""" @ jknatter: @ realDonaldTrump # TrumpTrain""",957,4168,#TrumpTrain,"@jknatter,@realDonaldTrump"
735345354992975873,2016-05-25 00:42:49,""" @ oasisupernova: @ realDonaldTrump UP TO 8.4 MILLION FOLLOWERS. CAN'T STOP THE # TrumpTrain # MakeAmericaGreatAgain""",2229,7916,"#TrumpTrain,#MakeAmericaGreatAgain","@oasisupernova,@realDonaldTrump"
735345398437556225,2016-05-25 00:42:59,""" @ DeepakS76435750: @ realDonaldTrump congratulations from India""",1398,5569,,"@DeepakS76435750,@realDonaldTrump"
735345952756801536,2016-05-25 00:45:11,"""@PiperSul: Great speech tonight Mr.Trump! Good Luck in California! Thank you.",1532,6510,,
735345985455554560,2016-05-25 00:45:19,""" @ buiIdthewall: @ realDonaldTrump high energy!""",1626,6585,,"@buiIdthewall,@realDonaldTrump"
735346597303816192,2016-05-25 00:47:45,""" @ gordonsr1052: Washington, BIG Thank You for supporting Trump! We are all going to help Trump Make America Great Again! Trump2016!""",2364,9014,,@gordonsr1052
735444721716199424,2016-05-25 07:17:40,"@elizabethforma Goofy Elizabeth Warren, sometimes known as Pocahontas, bought foreclosed housing and made a quick killing. Total hypocrite!",3333,6287,,
735448311914602496,2016-05-25 07:31:56,"Goofy Senator Elizabeth Warren @elizabethforma has done less in the U.S. Senate than practically any other senator. All talk, no action!",4041,12991,,@elizabethforma
735459144287719425,2016-05-25 08:14:58,Crooked Hillary Clinton just can't close the deal with Bernie. I had to knock out 16 very good and smart candidates. Hillary doesn't have it,6280,19984,,
735465352436408320,2016-05-25 08:39:38,"The protesters in New Mexico were thugs who were flying the Mexican flag. The rally inside was big and beautiful, but outside, criminals!",10183,28738,,
735541674793783297,2016-05-25 13:42:55,"Thank you Washington! Honored to say, on behalf of our great movement, we have broken the all time record for votes in GOP primary history.",6603,21469,,
735611127531347969,2016-05-25 18:18:54,"Thank you Anaheim, California! # Trump2016pic.twitter.com/AEShamhNVS",4623,16059,#Trump2016pic,
735822406514675712,2016-05-26 08:18:27,The Inspector General's report on Crooked Hillary Clinton is a disaster. Such bad judgement and temperament cannot be allowed in the W.H.,6435,18450,,
735871869581205504,2016-05-26 11:35:00,. @ kimguilfoyle- just watched you on @ OutnumberedFNC- thank you!,1842,7728,,"@kimguilfoyle,@OutnumberedFNC"
735908158330130432,2016-05-26 13:59:12,Thank you Mr. & Mrs. @ TomBarrackJr for the wonderful and magical evening last night. It will not be forgotten. # Trump2016,1822,7373,#Trump2016,@TomBarrackJr
735942401165033477,2016-05-26 16:15:16,"I find it offensive that Goofy Elizabeth Warren, sometimes referred to as Pocahontas, pretended to be Native American to get in Harvard.",8814,24668,,
735945699834007552,2016-05-26 16:28:22,Thank you! # Trump2016 http://bigstory.ap.org/article/a382673514394788b45cfc109d0febe4/mister-1237-north-dakota-delegate-puts-trump-over-top …,3349,9776,#Trump2016,
735946241322799105,2016-05-26 16:30:31,Celebrating 1237! # Trump2016 https://instagram.com/p/BF4raEHmhag/,3603,11401,#Trump2016,
735959405565378560,2016-05-26 17:22:50,"My wife @ MELANIATRUMP, and my children will be featured on @ FoxNews with @ Greta- 7pmE. Enjoy! # MeetTheTrumps # Trump2016",2522,11074,"#MeetTheTrumps,#Trump2016","@MELANIATRUMP,@FoxNews,@Greta"
735968169001684992,2016-05-26 17:57:39,"Today we, together, won the Republican Nomination for President! https://www.instagram.com/p/BF41LOUmhRp/",7254,21353,,
736016335197458434,2016-05-26 21:09:03,Poll data shows that @ marcorubio does by far the best in holding onto his Senate seat in Florida. Important to keep the MAJORITY. Run Marco!,5166,18444,,@marcorubio
736197797314101248,2016-05-27 09:10:07,AN AMERICA FIRST ENERGY PLAN # MakeAmericaGreatAgain # Trump2016 https://www.donaldjtrump.com/press-releases/an-america-first-energy-plan …pic.twitter.com/WjI8Rx11no,4092,10815,"#MakeAmericaGreatAgain,#Trump2016",
736249593352966144,2016-05-27 12:35:56,"Bill O'Reilly doing a major special on @ OreillyFactor tonight- @ FoxNews at 8pmE. Watch it, should be good! # Trump2016",2501,8758,#Trump2016,"@OreillyFactor,@FoxNews"
736336010808688640,2016-05-27 18:19:20,"I am on @ oreillyfactor tonight, a big special. @ FoxNews at 8:00 P.M. ENJOY!",1615,7009,,"@oreillyfactor,@FoxNews"
736336185086222336,2016-05-27 18:20:01,"Wow- 25,000 in San Diego, California! Thank you!! # Trump2016pic.twitter.com/1NRj3zCuui",6044,18210,#Trump2016pic,
736381305785581568,2016-05-27 21:19:19,Thank you @ BillyJoel- many friends just told me you gave a very kind shoutout at MSG. Appreciate it- love your music!,3858,14195,,@BillyJoel
736388616214220801,2016-05-27 21:48:22,. @ SanDiegoPD- Fantastic job on handling the thugs who tried to disrupt our very peaceful and well attended rally. Greatly appreciated!,6137,21544,,@SanDiegoPD
736410143378792448,2016-05-27 23:13:54,Obama administration fails to screen Syrian refugees' social media accounts:http://m.washingtontimes.com/news/2016/apr/26/obama-administration-fails-to-screen-syrian-refuge/ …,4186,8626,,
736441853097218048,2016-05-28 01:19:54,"Great rally in Fresno, California- great crowd! Thank you! # Trump2016pic.twitter.com/TVSPvxOmve",3908,14787,#Trump2016pic,
736554410361409536,2016-05-28 08:47:10,"The U.S. has 69 treaties with other countries where we would have to defend them and their borders. How nice, but what do we get? NOT ENOUGH",5594,15389,,
736569533738156036,2016-05-28 09:47:16,I (we) broke the all-time record for most votes gotten in a Republican Primary - by a lot - and with many states left to go! Thank you.,6374,22920,,
736655375911530498,2016-05-28 15:28:22,"The failing @ nytimes wrote a story about my management style & that I don't have many people. I have 73, Hillary has 800- & I'm beating her.",4292,13683,,@nytimes
736655448993107968,2016-05-28 15:28:40,The media is on a new phony kick about my management style. I spend much less money & get much better results! What we need as Prez!,4823,16536,,
736655485814857728,2016-05-28 15:28:48,"I am always on the front page of the failing @ nytimes, but when I won the GOP nomination, I'm in the back of the paper. Very dishonest!",4344,14233,,@nytimes
736671884247478272,2016-05-28 16:33:58,Don't believe the biased and phony media quoting people who work for my campaign. The only quote that matters is a quote from me!,6047,16531,,
736672123012427776,2016-05-28 16:34:55,Does President Obama ever discuss the sneak attack on Pearl Harbor while he's in Japan? Thousands of American lives lost. # MDW,9982,23369,#MDW,
736875933999697920,2016-05-29 06:04:47,Honor Memorial Day by thinking of and respecting all of the great men and women that gave their lives for us and our country! We love them.,12294,33980,,
736961734167146496,2016-05-29 11:45:44,Heading to D.C. to see and hear ROLLING THUNDER. Amazing people that LOVE OUR COUNTRY. Great spirit!,3985,14916,,
737036608915034112,2016-05-29 16:43:15,Good news is that my campaign has perhaps more cash than any campaign in the history of politics- b/c I stand 100% behind everything we do.,5045,16640,,
737054226833149952,2016-05-29 17:53:16,"Bill Kristol has been wrong for 2yrs-an embarrassed loser, but if the GOP can't control their own, then they are not a party. Be tough, R's!",4348,13773,,
737055532960223233,2016-05-29 17:58:27,The Republican Party has to be smart & strong if it wants to win in November. Can't allow lightweights to set up a spoiler Indie candidate!,5062,17515,,
737056428452630528,2016-05-29 18:02:01,"If dummy Bill Kristol actually does get a spoiler to run as an Independent, say good bye to the Supreme Court!",4940,13218,,
737232540436664320,2016-05-30 05:41:49,Obama says a WALL at our southern border won't enhance our security (wrong) and yet he now wants to build a much bigger wall (fence) at W.H.,5265,14822,,
737237313034563585,2016-05-30 06:00:47,"In getting the endorsement of the 16,500 Border Patrol Agents (thank you), the statement was made that the WALL was very necessary!",3458,12171,,
737238518775320576,2016-05-30 06:05:34,"The endorsement of me by the 16,500 Border Patrol Agents was the first time that they ever endorsed a presidential candidate. Nice!",4568,17722,,
737239685295181824,2016-05-30 06:10:12,"""@TeaPartyNevada: # Trump2016 ""Illegals are taken care of better than our veterans."" http://dailym.ai/27YaPWn pic.twitter.com/1cEZ8wG7Cy""",2896,7919,#Trump2016,
737241411465170944,2016-05-30 06:17:04,""" @ ScottWRasmussen: Donald Trump and Bikers Share Affection at Rolling Thunder Rally http://nyti.ms/1NXyK1v "" A great day in D.C.!",1756,5811,,@ScottWRasmussen
737242018687164416,2016-05-30 06:19:29,""" @ MariaErnandez3b: Trump Supports Rolling Thunder Rally # TRUMP STRONG pic.twitter.com/pfVXQ8NdZu"" So true, and remember the M.I.A.'s!",3493,12789,#TRUMP,@MariaErnandez3b
737242189055594496,2016-05-30 06:20:09,""" @ FrankyLamouche: how many of donald's rolling thunder brigade will sign up and go to war for him in the middle east.""",1320,5390,,@FrankyLamouche
737242308261842945,2016-05-30 06:20:38,""" @ NBCDFW: Trump rallies veterans at annual Rolling Thunder Gathering http://on.nbcdfw.com/ktSIwa2 pic.twitter.com/RCDeLvHQqD""",2225,7460,,@NBCDFW
737243856144629760,2016-05-30 06:26:47,Have a great Memorial Day and remember that we will soon MAKE AMERICA GREAT AGAIN!,7376,21286,,
737376356795875330,2016-05-30 15:13:17,"I would have had millions of votes more in the primaries (than Crooked Hillary) if I only had one opponent, instead of sixteen. Broke record",4097,15436,,
737376803514286081,2016-05-30 15:15:04,I hope everyone had a great Memorial Day!,4159,17694,,
737399475509985280,2016-05-30 16:45:09,"I have a judge in the Trump University civil case, Gonzalo Curiel (San Diego), who is very unfair. An Obama pick. Totally biased-hates Trump",3176,11030,,
737402123453878272,2016-05-30 16:55:41,"I should have easily won the Trump University case on summary judgement but have a judge, Gonzalo Curiel, who is totally biased against me.",3385,12187,,
737596690257969152,2016-05-31 05:48:49,"So many great things happening - new poll numbers looking good! News conference at 11:00 A.M. today, Trump Tower!",3290,12408,,
737610159459991552,2016-05-31 06:42:20,"I have raised/given a tremendous amount of money to our great VETERANS, and have got nothing but bad publicity for doing so. Watch!",4550,16531,,
737688582849171456,2016-05-31 11:53:58,"Just finished a press conference in Trump Tower wherein I gave information on which VETERANS groups got the $5,600,000 that I raised/gave!",4479,15362,,
737689416811073536,2016-05-31 11:57:17,So many veterans groups are beyond happy with all of the money I raised/gave! It was my great honor - they do an amazing job.,4590,16458,,
737753549564694528,2016-05-31 16:12:07,"Join me in Sacramento, California-tomorrow evening @7pm! # Trump2016 http://bit.ly/22wd27rSACRAMENTO …pic.twitter.com/km0rRYSDnO",2630,7345,#Trump2016,@7pm
737778668785766404,2016-05-31 17:51:56,I will be interviewed on @ seanhannity tonight at 10pmE on @ FoxNews. Enjoy!,1967,7637,,"@seanhannity,@FoxNews"
737784398515441664,2016-05-31 18:14:42,"Katie Couric, the third rate reporter, who has been largely forgotten, should be ashamed of herself for the fraudulent editing of her doc.",5683,17449,,
737785114239864832,2016-05-31 18:17:33,I am getting great credit for my press conference today. Crooked Hillary should be admonished for not having a press conference in 179 days.,5957,17936,,
737785345459113985,2016-05-31 18:18:28,Congratulations to @ seanhannity on his tremendous increase in television ratings. Speaking of ratings- I will be on his show tonight @10pE.,4200,15441,,"@seanhannity,@10pE"
737996614573260800,2016-06-01 08:17:58,"So I raised/gave $5,600,000 for the veterans and the media makes me look bad! They do anything to belittle - totally biased.",7644,24562,,
738109521952833536,2016-06-01 15:46:38,"Join me in San Jose, California- tomorrow evening at 7pm! # MakeAmericaGreatAgain # Trump2016 http://bit.ly/1ZdWSh0SANJOSE pic.twitter.com/Uds8OdH3A4",2677,7712,"#MakeAmericaGreatAgain,#Trump2016",
738132164399636480,2016-06-01 17:16:36,Crooked Hillary Clinton is a fraud who has put the public and country at risk by her illegal and very stupid use of e-mails. Many missing!,7983,22612,,
738163472865759232,2016-06-01 19:21:01,"Same failing @ nytimes ""reporter"" who wrote discredited women's story last week wrote another terrible story on me today- will never learn!",3295,10751,,@nytimes
738233323344920576,2016-06-01 23:58:34,"Thank you Sacramento, California! # MakeAmericaGreatAgainpic.twitter.com/t75Zxn9L6f",4245,13771,#MakeAmericaGreatAgainpic,
738236517949181952,2016-06-02 00:11:16,""" @ SCPioneer: @ stockdaleism @ JamesRosenFNC @ FoxNews @ realDonaldTrump Not for slackers! Happy w/courses I took."" Thanks.",1634,5705,,"@SCPioneer,@stockdaleism,@JamesRosenFNC,@FoxNews,@realDonaldTrump"
738236891091238913,2016-06-02 00:12:45,""" @ HaloDad22: @ realDonaldTrump I already voted for you! My wife did as well! I represent # Teachers4Trump! We represent # CA4Trump! # NeverDems",2127,7599,"#Teachers4Trump,#CA4Trump,#NeverDems","@HaloDad22,@realDonaldTrump"
738385522301624323,2016-06-02 10:03:21,Crooked Hillary Clinton has zero natural talent - she should not be president. Her temperament is bad and her decision making ability-zilch!,4344,13252,,
738387288372051969,2016-06-02 10:10:22,Bernie Sanders was right when he said that Crooked Hillary Clinton was not qualified to be president because she suffers from BAD judgement!,4403,14618,,
738399082813620224,2016-06-02 10:57:14,Do you ever notice that @ CNN gives me very little proper representation on my policies. Just watched-nobody knew anything about my foreign P,3026,9572,,@CNN
738407796606013444,2016-06-02 11:31:52,"Wow, USA Today did todays cover story on my record in lawsuits. Verdict: 450 wins, 38 losses. Isn't that what you want for your president?",4411,13799,,
738409191526662144,2016-06-02 11:37:24,"Join me in San Jose, California- tonight! # MakeAmericaGreatAgain # Trump2016 Tickets: http://bit.ly/1ZdWSh0SANJOSE pic.twitter.com/OrEhKJZ5Rd",1980,5937,"#MakeAmericaGreatAgain,#Trump2016",
738412068181676032,2016-06-02 11:48:50,"With all of the Crooked Hillary Clinton's foreign policy experience, she has made so many mistakes - and I mean real monsters! No more HRC.",3313,9846,,
738413456118841345,2016-06-02 11:54:21,"Even though I have a very biased and unfair judge in the Trump U civil case in San Diego, I have thousands of great reviews & will win case!",2512,9143,,
738415541203832832,2016-06-02 12:02:38,"After the litigation is disposed of and the case won, I have instructed my execs to open Trump U(?), so much interest in it! I will be pres.",2454,8402,,
738416510092357632,2016-06-02 12:06:29,"Crooked Hillary Clinton, who I would love to call Lyin' Hillary, is getting ready to totally misrepresent my foreign policy positions.",4318,12940,,
738448988517453824,2016-06-02 14:15:33,Crooked Hillary no longer has credibility - too much failure in office. People will not allow another four years of incompetence!,5612,17422,,
738449664752553984,2016-06-02 14:18:14,Bad performance by Crooked Hillary Clinton! Reading poorly from the telepromter! She doesn't even look presidential!,6440,20052,,
738478522813972480,2016-06-02 16:12:54,So great to have the endorsement and support of Paul Ryan. We will both be working very hard to Make America Great Again!,5677,19076,,
738494609597157376,2016-06-02 17:16:50,"A 60% increase in Texas Blue Cross/Blue Shield through ObamaCare. I told you so, there is panic and anger as healthcare costs explode!",4538,11375,,
738495114532638720,2016-06-02 17:18:50,"""@free_SA_BD: @ realDonaldTrump A vote for Trump is a vote to restore our great country.""",2328,7479,,@realDonaldTrump
738495529005420544,2016-06-02 17:20:29,""" @ TaylorEdwards99: THIS IS @ POTUS'S LEGACY! AN ABSOLUTE DISASTER!!! WE NEED @ realDonaldTrump NOW!! # MAGA # TRUMP2016pic.twitter.com/lBgZJg0zd1",5640,11216,"#MAGA,#TRUMP2016pic","@TaylorEdwards99,@POTUS,@realDonaldTrump"
738495995583987712,2016-06-02 17:22:20,""" @ Valenti317: @ realDonaldTrump she's a criminal and you're the only person that can stop her.""",2090,7075,,"@Valenti317,@realDonaldTrump"
738496464448430080,2016-06-02 17:24:12,""" @ RobertMordica: @ realDonaldTrump Only Trump can save America. Right leader at the right time."" THANK YOU!",2211,7664,,"@RobertMordica,@realDonaldTrump"
738539023669465094,2016-06-02 20:13:19,. @ Natalie_Gulbis- Thank you for the nice piece in @ SInow / @ Golf_com. Keep up the great work!http://www.golf.com/tour-and-news/natalie-gulbis-donald-trump-i-know …,1535,5368,,"@Natalie,@SInow,@Golf"
738575670771486721,2016-06-02 22:38:56,"Join me in Redding, California- tomorrow at 1:00pm. # Trump2016 Tickets: http://bit.ly/1UjPRxlREDDING",1568,4883,#Trump2016,
738575853261574144,2016-06-02 22:39:40,"On June 22- I will be going to Scotland to celebrate the opening of the newly renovated @ TrumpTurnberry Resort, the worlds best.",1867,7303,,@TrumpTurnberry
738576209726955524,2016-06-02 22:41:05,"After @ TrumpTurnberry I will be visiting Aberdeen, the oil capital of Europe, to see my great club, @ TrumpScotland.",1499,5836,,"@TrumpTurnberry,@TrumpScotland"
738576553508929536,2016-06-02 22:42:27,"After @ TrumpScotland, I will visit @ TrumpDoonbeg in Ireland, the magnificent resort fronting on the Atlantic Ocean.",1683,6361,,"@TrumpScotland,@TrumpDoonbeg"
738576654176387072,2016-06-02 22:42:51,"Then, on June 25th- back to the USA to MAKE AMERICA GREAT AGAIN!",2019,7711,,
738598954468659200,2016-06-03 00:11:27,"""@Crz4basball: @ JudgeJeanine @ realDonaldTrump Looks like several legal Hispanics supporting Trump! They know he will be good for them too.""",2058,6793,,"@JudgeJeanine,@realDonaldTrump"
738599744759431168,2016-06-03 00:14:36,""" @ angeloftruth11: Clinton says Trump is dangerous. Who's the one who killed 4 Americans in Benghazi? http://reut.rs/22z6Sn4 """,4742,10046,,@angeloftruth11
738601935771570180,2016-06-03 00:23:18,""" @ LiliannyLeebou: I think the first female president of the USA will be @ IvankaTrump a beautiful intelligent young genuine successful lady!""",2552,9235,,"@LiliannyLeebou,@IvankaTrump"
738602229100224513,2016-06-03 00:24:28,""" @ fivestarr6028: Yes! Hubby and I voted 4 @ realDonaldTrump already! https://twitter.com/elianabenador/status/738521418548281344 …"" Thank you.",1526,4902,,"@fivestarr6028,@realDonaldTrump"
738711092252155904,2016-06-03 07:37:03,"Terrible jobs report just reported. Only 38,000 jobs added. Bombshell!",3855,9815,,
738712803775631361,2016-06-03 07:43:51,"Rally last night in San Jose was great. Tremendous love and enthusiasm in the hall. Big crowd. Outside, small group of thugs burned Am flag!",4313,13071,,
738718346045063168,2016-06-03 08:05:53,"I don't watch or do @ Morning_Joe anymore. Small audience, low ratings! I hear Mika has gone wild with hate. Joe is Joe. They lost their way!",3403,9911,,@Morning
738720347239809024,2016-06-03 08:13:50,"In Crooked Hillary's telepromter speech yesterday, she made up things that I said or believe but have no basis in fact. Not honest!",4475,14316,,
738762615334174720,2016-06-03 11:01:47,"""I'm a former chief of police in a border town. I'm Hispanic, I'm proud to be Hispanic and I'm 100% behind Trump.""http://www.cbsnews.com/news/donald-trump-nuestro-amigo-latino-voters/ …",6591,14151,,
738808292550397953,2016-06-03 14:03:17,So much interest in my visit to Scotland! I greatly look forward to attending the opening event @ TrumpTurnberry- taking place on June 24th.,2237,8502,,@TrumpTurnberry
738809335841595392,2016-06-03 14:07:26,"Great evening in San Jose other than the thugs. My supporters are far tougher if they want to be, but fortunately they are not hostile.",6163,18968,,
738858013419835392,2016-06-03 17:20:52,"Thank you Redding, California! # MakeAmericaGreatAgain # CAPrimarypic.twitter.com/nFiydpTpPn",4154,13860,"#MakeAmericaGreatAgain,#CAPrimarypic",
738950669927886848,2016-06-03 23:29:03,Muhammad Ali is dead at 74! A truly great champion and a wonderful guy. He will be missed by all!,16492,39431,,
739076181484576768,2016-06-04 07:47:47,""" @ rapidcraft: Here’s The HILLARY UNIVERSITY Scandal No One In The Media Is Talking About https://shar.es/1J0NyV @ realDonaldTrump""",5219,8562,,"@rapidcraft,@realDonaldTrump"
739076562876829696,2016-06-04 07:49:18,""" @ Don_Vito_08: Thank You Mr. Trump for Standing up for Our Country! # VoteTrump2016 JOIN ME ON THE # TrumpTrain https://twitter.com/Don_Vito_08/status/739075864793653248/photo/1pic.twitter.com/zgopGvSEen """,3767,12072,"#VoteTrump2016,#TrumpTrain",@Don
739080401747120128,2016-06-04 08:04:33,Many of the thugs that attacked the peaceful Trump supporters in San Jose were illegals. They burned the American flag and laughed at police,10298,23440,,
739082059348619264,2016-06-04 08:11:09,The Mayor of San Jose did a terrible job of ordering the protection of innocent people. The thugs were lucky supporters remained peaceful!,6214,17868,,
739082885857173505,2016-06-04 08:14:26,We just had the worst jobs report since 2010.,4567,12070,,
739206145072594944,2016-06-04 16:24:13,"Thank you Attorney General Gonzales, so many people feel this way.http://thehill.com/blogs/ballot-box/presidential-races/282222-former-bush-ag-trump-right-to-challenge-judges-fairness …",5026,11198,,
739242726181462016,2016-06-04 18:49:35,""" @ sareed59: Our ineffective # POTUS has to make a speech in # Elkhart to make everything look great. Mr. Trump # MakeAmericaGreatAgain""",2562,8344,"#POTUS,#Elkhart,#MakeAmericaGreatAgain",@sareed59
739571700392722432,2016-06-05 16:36:48,"The Clinton News Network, sometimes referred to as @ CNN, is getting more and more biased.They act so indignant-hear them behind closed doors",6796,18051,,@CNN
739576535561162752,2016-06-05 16:56:01,I am watching @ CNN very little lately because they are so biased against me. Shows are predictable garbage! CNN and MSM is one big lie!,5367,17213,,@CNN
739581318699352066,2016-06-05 17:15:01,"Hillary Clinton is unfit to be president. She has bad judgement, poor leadership skills and a very bad and destructive track record. Change!",8975,24402,,
739779845572448256,2016-06-06 06:23:54,"People like @ KatyTurNBC report on my campaign, but have zero access. They say what they want without any knowledge.True of so much of media!",3170,9820,,@KatyTurNBC
739803054476775424,2016-06-06 07:56:07,"Just like I have been able to spend far less money than others on the campaign and finish #1, so too should our country. We can be great!",4452,14366,#1,
739807883521630208,2016-06-06 08:15:19,Crooked Hillary Clinton has not held a news conference in more than 7 months. Her record is so bad she is unable to answer tough questions!,6456,18100,,
739810044150190080,2016-06-06 08:23:54,Crooked Hillary is being badly criticized (for a Wall Street paid for ad) by PolitiFact for a false ad on me on women. She is a total fraud!,3911,11823,,
739814823689605120,2016-06-06 08:42:53,"A massive blow to Obama's message - only 38,000 new jobs for month in just issued jobs report. That's REALLY bad!",3883,10654,,
739816997345755136,2016-06-06 08:51:31,"I am getting bad marks from certain pundits because I have a small campaign staff. But small is good, flexible, save money and number one!",4311,16954,,
739826625546752000,2016-06-06 09:29:47,"Remembering the fallen heroes on # DDay - June 6, 1944.pic.twitter.com/od7vsDMlHY",12133,30817,#DDay,
739857123329335298,2016-06-06 11:30:58,Thank you Diamond and Silk!https://twitter.com/DiamondandSilk/status/739837584038301696 …,3852,9718,,
739934090690998272,2016-06-06 16:36:49,"See, when I said NATO was obsolete because of no terrorism protection, they made the change without giving me credit.http://www.wsj.com/articles/nato-considers-new-intelligence-chief-post-1464968453 …",4877,10935,,
739998110915678208,2016-06-06 20:51:12,A former Secret Service Agent for President Clinton excoriates Crooked Hillary describing her as ERRATIC & VIOLENT. Bad temperament for pres,7213,18510,,
740005642228862981,2016-06-06 21:21:08,"In just out book, Secret Service Agent Gary Byrne doesn't believe that Crooked Hillary has the temperament or integrity to be the president!",6613,18111,,
740313748825505792,2016-06-07 17:45:26,Thank you! Together we will # MakeAmericaGreatAgain!pic.twitter.com/7Jk6voyzue,4192,11495,#MakeAmericaGreatAgain,
740330660372619265,2016-06-07 18:52:38,I will be interviewed tonight on @ seanhannity - Enjoy! 10:00 P.M.,2147,7617,,@seanhannity
740343009074634752,2016-06-07 19:41:42,I will be speaking about our great journey to the Republican nomination at 9:00 P.M. The movement toward a country that WINS again continues,3729,14128,,
740380953722421249,2016-06-07 22:12:29,Thank you Montana! # Trump2016 https://www.facebook.com/DonaldTrump/posts/10157139281305725:0 …pic.twitter.com/PyHiy7vjO6,2564,8706,#Trump2016,
740383281603039232,2016-06-07 22:21:44,Thank you New Jersey! # Trump2016 https://instagram.com/p/BGYMp4uGhWd/ pic.twitter.com/MyJMOKdpJ9,2986,9743,#Trump2016,
740385872089120768,2016-06-07 22:32:02,Thank you South Dakota! # Trump2016 https://www.facebook.com/DonaldTrump/posts/10157139363145725:0 …pic.twitter.com/pNqwOrY0ZB,2548,8628,#Trump2016,
740387780719747072,2016-06-07 22:39:37,Thank you New Mexico! # Trump2016 https://www.facebook.com/DonaldTrump/posts/10157139384175725:0 …pic.twitter.com/osWzVxNkJx,2477,8230,#Trump2016,
740392765662629888,2016-06-07 22:59:25,Thank you California! # Trump2016 https://www.facebook.com/DonaldTrump/posts/10157139440985725:0 …pic.twitter.com/H6D25S1TR5,3192,10145,#Trump2016,
740509507814600704,2016-06-08 06:43:19,""" @ DjD_Thunder: Standing by @ realDonaldTrump all the way to the White House! pic.twitter.com/z4X1o5xHBh""",3754,11783,,"@DjD,@realDonaldTrump"
740510072678326273,2016-06-08 06:45:33,""" @ WolfStopper: Gee ... Does this make @ realDonaldTrump right one more time? https://twitter.com/BreitbartLondon/status/740507193103912961 …""",2454,6041,,"@WolfStopper,@realDonaldTrump"
740511746503364608,2016-06-08 06:52:13,Thank you to all for your wonderful comments on my speech. I could feel the electricity in thr air. Great reviews - most votes ever recieved,4118,15900,,
740513939574951936,2016-06-08 07:00:55,""" @ southpaw816: @ SenSanders fans, greatest way to get even with her Highness - vote for @ realDonaldTrump, at least you'll have a job.",2770,8410,,"@southpaw816,@SenSanders,@realDonaldTrump"
740515952454959104,2016-06-08 07:08:55,Nobody is watching @ Morning_Joe anymore. Gone off the deep end - bad ratings. You won't believe what I am watching now!,2628,8533,,@Morning
740516296291459072,2016-06-08 07:10:17,""" @ JoeDeFranco: Top RINO hack for MSNBC Joey Scarborough on the air and calling the next President Trump a racist and bigot. Shame on you""",2275,7589,,@JoeDeFranco
740516693030637568,2016-06-08 07:11:52,"""@jimhewitt: . @ FrankCaliendo doing @ realDonaldTrump on @ MikeAndMike is awesome. ""Number one presidency of all time""",1382,5768,,"@FrankCaliendo,@realDonaldTrump,@MikeAndMike"
740517144115478528,2016-06-08 07:13:39,""" @ sara_wejesa: @ realDonaldTrump Great speach!!!!!!!"" Thanks!",1291,5880,,"@sara,@realDonaldTrump"
740517366551969792,2016-06-08 07:14:32,""" @ mariadaq: HISTORIC!! what's historic is OUR national debt, record unemployment, &pocketbook crisis!THE PEOPLE NEED TRUMP2 make USA RICH!""",3795,10812,,@mariadaq
740524891108200448,2016-06-08 07:44:26,"""@lovusa4: @ RichardWeaving Why @ foxandfriends @ NewDay WHERE IS THE REPORTING @ realDonaldTrump <MOST VOTES FOR PRESIDENT IN HISTORY OF USA""",3180,8889,,"@RichardWeaving,@foxandfriends,@NewDay,@realDonaldTrump"
740641413335908352,2016-06-08 15:27:28,MAKE AMERICA GREAT AGAIN! # AmericaFirst # Trump2016https://amp.twimg.com/v/8e763c35-d35d-4c6b-bf41-a527ab4cfb64 …,6121,15367,"#AmericaFirst,#Trump2016https",
740707234968113152,2016-06-08 19:49:01,""" @ setfire2flames: Senator Sanders spent more than @ realDonaldTrump yet lost.""",1645,6098,,"@setfire2flames,@realDonaldTrump"
740707325590274049,2016-06-08 19:49:22,""" @ nauthizjane: @ realDonaldTrump Congratulations Mr. Trump."" Thank you!",1443,6682,,"@nauthizjane,@realDonaldTrump"
740708673694076928,2016-06-08 19:54:44,"I would have had many millions of votes more than Crooked Hillary Clinton except for the fact that I had 16 opponents, she had one!",4808,17846,,
740709235927977989,2016-06-08 19:56:58,"""@Dale_Dangler: @ realDonaldTrump You will be the greatest president the world has ever seen"" Thanks.",2430,9155,,@realDonaldTrump
740710011136028672,2016-06-08 20:00:03,""" @ mabynshingleton: JohnKasich, the VOTERS have spoken.We want @ realDonaldTrump. You AGREED to support NOMINEE. Get on board or leave @ GOP""",3396,10643,,"@mabynshingleton,@realDonaldTrump,@GOP"
740721589709328385,2016-06-08 20:46:03,"Bernie Sanders must really dislike Crooked Hillary after the way she played him. Many of his supporters, because of trade, will come to me.",5856,19880,,
740722436065353728,2016-06-08 20:49:25,""" @ KathyCeurter: @ realDonaldTrump please Mr.Trump make @SenatorJeffSessions your VP. He is a perfect running mate."" He is a great guy!",2485,8309,,"@KathyCeurter,@realDonaldTrump,@SenatorJeffSessions"
740879092141182976,2016-06-09 07:11:55,"As expected, the media is very much against me. Their dishonesty is amazing but, just like our big wins in the primaries, we will win!",7849,27648,,
740883494117728256,2016-06-09 07:29:24,"Crooked Hillary Clinton will be a disaster on jobs, the economy, trade, healthcare, the military, guns and just about all else. Obama plus!",9848,28205,,
740972317191352320,2016-06-09 13:22:21,Obama just endorsed Crooked Hillary. He wants four more years of Obama—but nobody else does!,29276,70595,,
740988538464948224,2016-06-09 14:26:49,A message of condolences and support regarding the terrorist attacks in Tel Aviv: http://bit.ly/1YgDnwmTelAvivMessage …,4060,12606,,
741007091947556864,2016-06-09 15:40:32,"How long did it take your staff of 823 people to think that up--and where are your 33,000 emails that you deleted?https://twitter.com/hillaryclinton/status/740973710593654784 …",134826,252502,,
741015811960229893,2016-06-09 16:15:11,"Thank you Roseanne, very much appreciated.http://thehill.com/blogs/blog-briefing-room/news/282864-roseanne-barr-we-would-be-so-lucky-if-trump-won …",6288,18351,,
741094899664093184,2016-06-09 21:29:27,Join me! # Trump2016 6/10: Richmond http://bit.ly/24CqaabVIRGINIA 6/11: Tampa http://bit.ly/218EcgcFLORIDA 6/11: Pittsburgh http://bit.ly/1tlGuksPENNSYLVANIA …,2740,7232,#Trump2016,
741095312601812992,2016-06-09 21:31:06,""" @ FreemarketSara: Trump's Historic 13 Million Primary Votes - A Record ... Congratulations @ realDonaldTrump pic.twitter.com/zdOEle8wOL""",5882,16335,,"@FreemarketSara,@realDonaldTrump"
741240449906663424,2016-06-10 07:07:49,"Pocahontas is at it again! Goofy Elizabeth Warren, one of the least productive U.S. Senators, has a nasty mouth. Hope she is V.P. choice.",7785,24348,,
741243519822626816,2016-06-10 07:20:01,""" @ FoxNews: . @ JamesRosenFNC: ""Never before has a president endorsed someone under investigation by @ TheJusticeDept.""pic.twitter.com/fX5bs8fzac",11550,23835,,"@FoxNews,@JamesRosenFNC,@TheJusticeDept"
741244493127618560,2016-06-10 07:23:53,""" @ Ausbiz: RECORD 14 million primary votes/beat 16 opponents/financed own campaign. You will be a great POTUS & # MakeAmericaGreatAgain""",2836,9282,#MakeAmericaGreatAgain,@Ausbiz
741257031722622976,2016-06-10 08:13:42,"Join me! 6/10: Richmond, VA - 8pm 6/11: Tampa, FL - 11am 6/11: Pittsburgh, PA - 3pm 6/13: Portsmouth, NH - 2:30pm https://www.donaldjtrump.com/schedule",2645,7233,,
741286391200505857,2016-06-10 10:10:22,"The great boxing promoter, Don King, just endorsed me. Nice!",4289,15604,,
741292912894431232,2016-06-10 10:36:17,"""Donald Trump Plans To Continue GOP Legacy Of Leading On Women’s, Civil Rights Against Racist, Sexist Democrats""http://www.breitbart.com/2016-presidential-race/2016/06/10/exclusive-donald-trump-plans-continue-gop-legacy-leading-womens-civil-rights-racist-sexist-democrats/ …",3319,8484,,
741297855168716801,2016-06-10 10:55:55,Heading to D.C. to speak at Faith and Freedom Coalition and visit OPO.,2120,9021,,
741301954324910080,2016-06-10 11:12:13,2004 VIDEO: Pocahontas describing Crooked Hillary Clinton as a Corporate Donor Puppet. Time for change! # Trump2016 http://truthfeed.com/shock-video-2004-elizabeth-warren-describes-hillary-as-a-corporate-donor-puppet/6677/ …,7811,15078,#Trump2016,
741311272818475008,2016-06-10 11:49:14,I rarely agree with President Obama- however he is 100% correct about Crooked Hillary Clinton. Great ad!https://amp.twimg.com/v/00d3ec5a-8ed2-4ad1-b5bb-df95de668bae …,20879,37167,,
741351028273086464,2016-06-10 14:27:13,# FlashbackFriday # CrookedHillarypic.twitter.com/pvrBb7v4NG,8910,17751,#CrookedHillarypic,
741369263525662721,2016-06-10 15:39:41,"Heading to Richmond, Virginia now. Join me tonight! # Trump2016 Tickets: http://bit.ly/24CqaabVIRGINIA",1972,7406,#Trump2016,
741380579313098752,2016-06-10 16:24:38,Thank you @ FaithandFreedom Coalition! An honor joining you today- to discuss our shared values. # RTM2016 # Trump2016pic.twitter.com/Ye6IhOW6ZM,3577,12335,"#RTM2016,#Trump2016pic",@FaithandFreedom
741487809576439811,2016-06-10 23:30:44,"Thank you Richmond, Virginia! # Trump2016pic.twitter.com/SxU4yzCLQf",3486,11843,#Trump2016pic,
741590381503086592,2016-06-11 06:18:19,Mitt Romney had his chance to beat a failed president but he choked like a dog. Now he calls me racist-but I am least racist person there is,9124,28433,,
741600981251657728,2016-06-11 07:00:26,"Don King, and so many other African Americans who know me well and endorsed me, would not have done so if they thought I was a racist!",7894,23687,,
741645740884303872,2016-06-11 09:58:18,"In Tampa, Florida- thank you to all of our outstanding volunteers who want to # MakeAmericaGreatAgain!pic.twitter.com/04qqpGylT7",4337,17001,#MakeAmericaGreatAgain,
741696814194274304,2016-06-11 13:21:15,"Sad case- @ USATODAY did article saying I don't pay bills- false, only don't pay when work is shoddy, bad, or not done! They should do same!",4292,14264,,@USATODAY
741744258655387648,2016-06-11 16:29:46,"Thank you Tampa, Florida! # AmericaFirst # TrumpTrainpic.twitter.com/fY4QVoSSfj",2871,9446,"#AmericaFirst,#TrumpTrainpic",
741744918205501441,2016-06-11 16:32:24,Thank you to our amazing law enforcement officers! # AmericaFirstpic.twitter.com/qWaTT9jsQD,5242,15360,#AmericaFirstpic,
741754548004458496,2016-06-11 17:10:40,"Thank you Pittsburgh, Pennsylvania! Will be back soon! # AmericaFirstpic.twitter.com/ttLMgInkdA",3355,12105,#AmericaFirstpic,
741760896775663616,2016-06-11 17:35:53,"Join me on Tuesday- in Greensboro, North Carolina! # Trump2016 # AmericaFirst http://bit.ly/1Xg2j0YNC",2126,6726,"#Trump2016,#AmericaFirst",
741760911044685824,2016-06-11 17:35:57,Riley Rone was a great young man. We will miss him dearly.pic.twitter.com/R0tm44nMao,7582,19969,,
741774067368402945,2016-06-11 18:28:13,"Goofy Elizabeth Warren, sometimes referred to as Pocahontas, pretended to be a Native American in order to advance her career. Very racist!",10002,30573,,
741965111968075776,2016-06-12 07:07:22,Really bad shooting in Orlando. Police investigating possible terrorism. Many people dead and wounded.,7358,21795,,
741988371174699009,2016-06-12 08:39:47,Clinton made a false ad about me where I was imitating a reporter GROVELING after he changed his story. I would NEVER mock disabled. Shame!,6165,22937,,
742019961946791939,2016-06-12 10:45:19,"Horrific incident in FL. Praying for all the victims & their families. When will this stop? When will we get tough, smart & vigilant?",24019,66487,,
742034549232766976,2016-06-12 11:43:17,"Appreciate the congrats for being right on radical Islamic terrorism, I don't want congrats, I want toughness & vigilance. We must be smart!",21941,61206,,
742053354189299712,2016-06-12 12:58:00,Is President Obama going to finally mention the words radical Islamic terrorism? If he doesn't he should immediately resign in disgrace!,31642,76775,,
742066996767031296,2016-06-12 13:52:13,"Reporting that Orlando killer shouted ""Allah hu Akbar!"" as he slaughtered clubgoers. 2nd man arrested in LA with rifles near Gay parade.",13153,28260,,
742069634652835841,2016-06-12 14:02:42,""" @ WandaWalls20: @ realDonaldTrump Please make us safe. We cannot have Hillary as president. We will be in so much trouble.",7630,25632,,"@WandaWalls20,@realDonaldTrump"
742096033207844864,2016-06-12 15:47:36,What has happened in Orlando is just the beginning. Our leadership is weak and ineffective. I called it and asked for the ban. Must be tough,22384,60265,,
742370798850199552,2016-06-13 09:59:25,I have been hitting Obama and Crooked Hillary hard on not using the term Radical Islamic Terror. Hillary just broke-said she would now use!,7806,26612,,
742371820867878913,2016-06-13 10:03:29,"I will be going to New Hampshire today, home of my first primary victory, to discuss terror and the horrible events of yesterday. 2:30 P.M.",3689,14223,,
742373042140123137,2016-06-13 10:08:20,"I am watching @ FoxNews and how fairly they are treating me and my words, and @ CNN, and the total distortion of my words and what I am saying",6522,22177,,"@FoxNews,@CNN"
742418415047090176,2016-06-13 13:08:38,"Congratulations to the 2016 # StanleyCup Champions, Pittsburgh @ Penguins!",6095,18643,#StanleyCup,@Penguins
742437914731286530,2016-06-13 14:26:07,"TERRORISM, IMMIGRATION, AND NATIONAL SECURITY SPEECH- TRANSCRIPT: http://bit.ly/1OlXbfwNHSpeech pic.twitter.com/T7yHSdCeU8 – bei Saint Anselm College",6294,14047,,
742455297059475456,2016-06-13 15:35:11,"I am no fan of President Obama, but to show you how dishonest the phony Washington Post is: https://www.facebook.com/DonaldTrump/posts/10157164046265725 …",3243,9488,,
742456254837215232,2016-06-13 15:38:59,"Based on the incredibly inaccurate coverage and reporting of the record setting Trump campaign, we are hereby: https://www.facebook.com/DonaldTrump/posts/10157164117925725 …",3655,10651,,
742464168482201602,2016-06-13 16:10:26,"In my speech on protecting America I spoke about a temporary ban, which includes suspending immigration from nations tied to Islamic terror.",10548,31617,,
742464647878561794,2016-06-13 16:12:21,"I thought people weren’t celebrating? They were cheering all over, even this savage from Orlando. I was right.http://nypost.com/2016/06/13/orlando-killer-cheered-911-attacks-former-classmates-say/ …",7691,16002,,
742469778560929793,2016-06-13 16:32:44,Saudi Arabia and many of the countries that gave vast amounts of money to the Clinton Foundation- cont'd: https://www.facebook.com/DonaldTrump/posts/10157164318560725 …,5781,12038,,
742470476824477696,2016-06-13 16:35:30,Crooked Hillary says we must call on Saudi Arabia and other countries to stop funding hate. I am calling on- cont'd: https://www.facebook.com/DonaldTrump/posts/10157164335365725 …,4979,12571,,
742512112614944768,2016-06-13 19:20:57,Join me in Atlanta on Wednesday- at noon! # Trump2016 Tickets: http://bit.ly/1UMAzxeATLANTA pic.twitter.com/cyARlHSEFU,3429,10195,#Trump2016,
742694780933656576,2016-06-14 07:26:49,"American must now get very tough, very smart and very vigilant. We cannot admit people into our country without extraordinary screening.",12146,35810,,
742695148241313792,2016-06-14 07:28:16,AMERICA FIRST!,16430,39203,,
742771576039460864,2016-06-14 12:31:58,Thank you to the LGBT community! I will fight for you while Hillary brings in more people that will threaten your freedoms and beliefs.,30072,54565,,
742781133197299712,2016-06-14 13:09:57,HAPPY 241st BIRTHDAY to the @ USArmy! THANK YOU!pic.twitter.com/mXsxkfcstC,8407,30037,,@USArmy
742785878679007232,2016-06-14 13:28:48,TONIGHT! NORTH CAROLINA: http://bit.ly/1Xg2j0yGREENSBORO … WEDNESDAY! GEORGIA: http://bit.ly/1UMAzxeATLANTA SATURDAY! NEVADA: http://bit.ly/1UiavupVEGAS,2726,7830,,
742909628338601985,2016-06-14 21:40:32,"Thank you Greensboro, North Carolina! Will be back soon! # AmericaFirstpic.twitter.com/R29WMGNLGG",4102,15039,#AmericaFirstpic,
743075154507489280,2016-06-15 08:38:17,"An: Media fell all over themselves criticizing what DonaldTrump ""may have insinuated about @ POTUS."" But he's right:http://bit.ly/1tpAFlM",6543,11695,,@POTUS
743076652662431744,2016-06-15 08:44:14,The press is so totally biased that we have no choice but to take our tough but fair and smart message directly to the people!,7248,22470,,
743078235408195584,2016-06-15 08:50:31,"I will be meeting with the NRA, who has endorsed me, about not allowing people on the terrorist watch list, or the no fly list, to buy guns.",11394,39927,,
743172421654568960,2016-06-15 15:04:47,"Thank you Atlanta, Georgia! Will be back soon! # AmericaFirstpic.twitter.com/cVJvfcoGOt",3042,11835,#AmericaFirstpic,
743184492907610112,2016-06-15 15:52:45,"Join me in Dallas, Texas on Thursday! # AmericaFirst # Trump2016 http://bit.ly/1S5DugkDALLAS pic.twitter.com/c7sCbHDAQh",3652,10283,"#AmericaFirst,#Trump2016",
743192668017205249,2016-06-15 16:25:14,Finally an accurate story from the Washington Post!https://www.washingtonpost.com/blogs/erik-wemple/wp/2016/06/15/the-trump-effect-cable-news-viewership-and-profits-surge-in-2015/?wpisrc=nl_popns&wpmm=1 …,2932,8707,,
743213971122044928,2016-06-15 17:49:53,I will be interviewed on @ greta at 7:00 P.M. @ FoxNews,1668,7509,,"@greta,@FoxNews"
743271067238674432,2016-06-15 21:36:46,""" @ realericjallen: @ realDonaldTrump is a Common Sense Conservative! President Trump=Competence, Safety, Unity, & US JOBS, JOBS, JOB.",3945,12481,,"@realericjallen,@realDonaldTrump"
743485792585146368,2016-06-16 11:50:00,"McAllen, Texas- 8 miles from U.S. - Mexico border. # Trump2016 Video: http://bit.ly/1tyCnlcTrumpSupporters …pic.twitter.com/dKBTP1QjH3",3047,7727,#Trump2016,
743486962670141440,2016-06-16 11:54:39,The trade deficit rose to a 7yr high thanks to horrible trade policies Clinton supports. I will fix it fast- JOBS! http://apne.ws/28HjJYz,4188,10705,,
743488055240196096,2016-06-16 11:59:00,"""Donald Trumps Speech Is a Game Changer."" https://www.facebook.com/DonaldTrump/posts/10157169523180725 …pic.twitter.com/J777QHdYa3",3899,11318,,
743522630230228993,2016-06-16 14:16:23,"Join me in Houston, Texas tomorrow night at 7pm! Tickets: https://www.donaldjtrump.com/schedule/register/houston-tx/ …pic.twitter.com/Yd3f8xLpPl",2841,8277,,
743543327467810817,2016-06-16 15:38:38,"Houston, TX: https://www.donaldjtrump.com/schedule/register/houston-tx/ … Las Vegas, NV https://www.donaldjtrump.com/schedule/register/las-vegas-nv2/ … Phoenix, AZ: https://www.donaldjtrump.com/schedule/register/phoenix-az/ …pic.twitter.com/2ToWwthEeF",2896,7936,,
743628318402961408,2016-06-16 21:16:21,"Thank you Dallas, Texas! https://www.facebook.com/DonaldTrump/posts/10157177470730725:0 …pic.twitter.com/2iYArmM7oN",3477,12320,,
743747439954264065,2016-06-17 05:09:42,""" @ VoteTrumpMAGA: The media attack on @ realDonaldTrump is relentless. They are desperate. But, they keep # Trump in the news - a good thing.",3599,11905,#Trump,"@VoteTrumpMAGA,@realDonaldTrump"
743761349910487043,2016-06-17 06:04:58,"Amazing crowd last night in Dallas - more spirit and passion than ever before. Today, all over the great State of Texas!",3923,16109,,
743765281898536960,2016-06-17 06:20:36,People very unhappy with Crooked Hillary and Obama on JOBS and SAFETY! Biggest trade deficit in many years! More attacks will follow Orlando,5965,18819,,
743766155093934080,2016-06-17 06:24:04,MAKE AMERICA GREAT AGAIN! MAKE AMERICA SAFE AGAIN!,12809,31714,,
743852552257626112,2016-06-17 12:07:23,THANK YOU! # AmericaFirstpic.twitter.com/qp07UfnnjM,3653,11396,#AmericaFirstpic,
743914866063212544,2016-06-17 16:14:59,"Join me in Phoenix, Arizona tomorrow at 4pm! # Trump2016 # AmericaFirst https://www.donaldjtrump.com/schedule/register/phoenix-az/ …pic.twitter.com/B51r30Mazd",3079,9901,"#Trump2016,#AmericaFirst",
743947386720923648,2016-06-17 18:24:13,Thank you @ DallasPD!https://twitter.com/dallaspd/status/743897962858741762 …,2195,7636,,@DallasPD
743954307351908354,2016-06-17 18:51:43,Thank you- on my way!https://twitter.com/jimdalrympleii/status/743940933410914304 …,2197,7591,,
743955253226135552,2016-06-17 18:55:29,The convention in Cleveland will be amazing!https://twitter.com/seanspicer/status/743936610371256320 …,2772,8397,,
743955609851068417,2016-06-17 18:56:54,Thank you! # AmericaFirst https://twitter.com/tracyabc13/status/743924338701676544 …,2611,8572,#AmericaFirst,
743997751734657024,2016-06-17 21:44:21,"Thank you Houston, Texas! # AmericaFirst # Trump2016 https://instagram.com/p/BGx4m15mhUu/",2805,10360,"#AmericaFirst,#Trump2016",
744218749822083072,2016-06-18 12:22:31,"Join me in Phoenix, Arizona today at 4pm! # Trump2016 # AmericaFirst https://www.donaldjtrump.com/schedule/register/phoenix-az/ …pic.twitter.com/hSaIurAfvD",2269,7941,"#Trump2016,#AmericaFirst",
744225952465489920,2016-06-18 12:51:08,"In Las Vegas, getting ready to speak!",2116,10418,,
744253170218524672,2016-06-18 14:39:17,"Thank you Las Vegas, Nevada! # Trump2016 # AmericaFirst https://www.facebook.com/DonaldTrump/posts/10157185637660725:0 …pic.twitter.com/m1EIra7YMU",2948,9695,"#Trump2016,#AmericaFirst",
744260469431513088,2016-06-18 15:08:18,MAKE AMERICA GREAT AGAIN! MAKE AMERICA SAFE AGAIN! # Trump2016 # AmericaFirstpic.twitter.com/vN4K8FvQNT – bei Cirque du Soleil - Mystere At Treasure Island,5822,15915,"#Trump2016,#AmericaFirstpic",
744336626411700227,2016-06-18 20:10:55,I love you Arizona! Thank you! # Trump2016 # AmericaFirstpic.twitter.com/QuTsSmeVdO,4139,13239,"#Trump2016,#AmericaFirstpic",
744341058109247488,2016-06-18 20:28:32,See you soon Arizona! # Trump2016pic.twitter.com/W4z2eW5ay4,2991,10521,#Trump2016pic,
744355251365511169,2016-06-18 21:24:56,Donald Trump's Speech Is a Game Changer. # Trump2016 https://www.facebook.com/DonaldTrump/posts/10157169523180725 …pic.twitter.com/dIK3IyrYGC,4005,11494,#Trump2016,
744363535635996672,2016-06-18 21:57:51,How can the NY Times show an empty room hours before my speech even started when they knew it was going to be packed? So totally dishonest!,6284,21095,,
744364393962569728,2016-06-18 22:01:15,"Yesterday's failing @ NYTimes fraudulently shows an empty room prior to my speech, when in fact, it was packed!pic.twitter.com/iFuf8MdTEH",8564,22236,,@NYTimes
744519497764184064,2016-06-19 08:17:35,""" @ bfraser747: Watch out HillaryClinton Support @ realDonaldTrump # MakeAmericaGreatAgain pic.twitter.com/UTYOLo7wGF""",8804,24208,#MakeAmericaGreatAgain,"@bfraser747,@realDonaldTrump"
744701872456536064,2016-06-19 20:22:16,. @ DJohnsonPGA We are so proud of you Dustin. Your reaction under pressure was amazing. First of many Majors. You are a true CHAMPION!,4659,17760,,@DJohnsonPGA
744838252369043456,2016-06-20 05:24:12,"When I said that if, within the Orlando club, you had some people with guns, I was obviously talking about additional guards or employees",6399,24928,,
745204320593940480,2016-06-21 05:38:49,"Crooked Hillary Clinton is totally unfit to be our president-really bad judgement and a temperament, according to new book, which is a mess!",6823,20706,,
745260520282951681,2016-06-21 09:22:08,I will be making a big speech tomorrow to discuss the failed policies and bad judgment of Crooked Hillary Clinton.,7380,22588,,
745294375584956416,2016-06-21 11:36:40,"Hillary says this election is about judgment. She's right. Her judgement has killed thousands, unleashed ISIS and wrecked the economy.",13823,32905,,
745294739092684800,2016-06-21 11:38:07,"Hillary Clinton surged the trade deficit with China 40% as Secretary of State, costing Americans millions of jobs.",5768,14716,,
745295914076672001,2016-06-21 11:42:47,How can Hillary run the economy when she can't even send emails without putting entire nation at risk?,15328,33028,,
745296338758270976,2016-06-21 11:44:28,Hillary Clinton's open borders immigration policies will drive down wages for all Americans - and make everyone less safe.,7287,18744,,
745298514096308225,2016-06-21 11:53:07,Obama-Clinton inherited $10T in debt and turned it into nearly $20T. They have bankrupted… https://www.instagram.com/p/BG7IYzumhZw/,5303,12320,,
745299161130635264,2016-06-21 11:55:41,"I am ""the king of debt.""That has been great for me as a businessman, but is bad for the country. I made a fortune off of debt, will fix U.S.",5273,16592,,
745304333483393024,2016-06-21 12:16:14,Hillary took money and did favors for regimes that enslave women and murder gays.,11169,23337,,
745304731346702336,2016-06-21 12:17:49,"If you want to know about Hillary Clinton's honesty & judgment, ask the family of Ambassador Stevens.",9660,20987,,
745305119256875008,2016-06-21 12:19:22,"Hillary defrauded America as Secy of State. She used it as a personal hedge fund to get herself rich! Corrupt, dangerous, dishonest.",11126,27195,,
745356618125152256,2016-06-21 15:44:00,I will be interviewed by @ LouDobbs tonight on @ FoxBusiness 7pm ET,2592,9063,,"@LouDobbs,@FoxBusiness"
745455382882033664,2016-06-21 22:16:27,Crooked Hillary refuses to say that she will be raising taxes beyond belief! She will be a disaster for jobs and the economy!,8023,23428,,
745463436188934145,2016-06-21 22:48:27,""" @ chrisboydbrew: @ LouDobbs @ realDonaldTrump @ FoxBusiness.. Saw your interview.You are the best! Great questions, great answers"" Lou is great",2910,10268,,"@chrisboydbrew,@LouDobbs,@realDonaldTrump,@FoxBusiness"
745693029089034240,2016-06-22 14:00:47,Hillary says things can't change. I say they have to change. It's a choice between Americanism and her corrupt globalism. # Imwithyou,12078,29419,#Imwithyou,
745693121095303168,2016-06-22 14:01:09,# Imwithyoupic.twitter.com/iY4K7Wcw3C,10144,22463,,
745733029289615361,2016-06-22 16:39:43,# Imwithyou http://bit.ly/28QBVdh pic.twitter.com/5EZ7X1ZZKh,5227,12206,,
745804574699692032,2016-06-22 21:24:01,""" @ justininglv: @ realDonaldTrump great speech today!! It's all about America and that's why you will become president!!!!"" Thank you.",2818,10224,,"@justininglv,@realDonaldTrump"
745805112732430337,2016-06-22 21:26:09,""" @ 1lion: brilliant 3 word response to Hillary's 'I'm With You' slogan http://bit.ly/28PIJre @ realDonaldTrump https://twitter.com/seanhannity/status/745651421874393088 …""",2593,7565,,"@1lion,@realDonaldTrump"
745821138773774341,2016-06-22 22:29:50,"""@AllegrettiVicki: You have great children, future presidents...and we all see were raised right and out there for their father."" Thank you.",2433,9738,,
745967990236143616,2016-06-23 08:13:22,"Thank you to Donald Rumsfeld for the endorsement. Very much appreciated. Clinton's conduct has been ""disqualifying.""",4926,16631,,
745969049943875585,2016-06-23 08:17:35,"""Hillary Clinton may be the most corrupt person ever to seek the presidency."" -- Donald J. Trump",7963,21208,,
745969778267926532,2016-06-23 08:20:29,"ISIS threatens us today because of the decisions Hillary Clinton has made along with President Obama."" -- Donald J. Trump",7579,20639,,
746026900502487040,2016-06-23 12:07:28,Hillary Lies to Benghazi Families # CrookedHillaryhttps://www.lyingcrookedhillary.com/lie/hillary-lies-to-benghazi-families/ …,4285,9980,#CrookedHillaryhttps,
746042076211593216,2016-06-23 13:07:46,"SC has kept us safe from exec amnesty--for now. But Hillary has pledged to expand it, taking jobs from Hispanic & African-American workers.",4101,10491,,
746044729343741956,2016-06-23 13:18:18,Hillary Clinton’s open borders are tearing American families apart. I am going to make our country Safe Again for all Americans. # Imwithyou,5372,16607,#Imwithyou,
746047705709961216,2016-06-23 13:30:08,"Obama & Clinton should stop meeting with special interests, & start meeting with the victims of illegal immigration.",5906,15389,,
746052286640689157,2016-06-23 13:48:20,"On immigration, I’m consulting with our immigration officers & our wage-earners. Hillary Clinton is consulting with Wall Street.",5413,15083,,
746057926800977920,2016-06-23 14:10:45,Our inner cities have been left behind. We will never have the resources to support our people if we have an open border.,4760,13029,,
746063926597672960,2016-06-23 14:34:35,"CNN, which is totally biased in favor of Clinton, should apologize. They knew they were wrong.http://www.breitbart.com/2016-presidential-race/2016/06/23/cnns-tom-foreman-caught-lying-in-trump-refugees-fact-check/ …",5004,10496,,
746064216373731328,2016-06-23 14:35:45,Here is another CNN lie. The Clinton News Network is losing all credibility. I’m not watching it much anymore.http://www.breitbart.com/big-journalism/2016/06/23/cnns-clinton-cash-fact-check-ends-embarrassment-cristina-alesci-laurie-frankel/ …,5567,11739,,
746072493950107650,2016-06-23 15:08:38,Read my full statement here on the Supreme Court's executive amnesty decision # imwithyou https://www.donaldjtrump.com/press-releases/donald-j.-trump-statement-on-executive-amnesty-ruling …,3812,8796,#imwithyou,
746094507201077248,2016-06-23 16:36:06,Meet the amazing mother whose letter I read during my speech. She lost her son to policies supported by Clinton.http://www.breitbart.com/2016-presidential-race/2016/06/22/momsaysclintonscampaignspewshate/ …,5720,11956,,
746144027616120833,2016-06-23 19:52:53,Leaving now for a one night trip to Scotland in order to be at the Grand Opening of my great Turnberry Resort. Will be back on Sat. night!,3311,15152,,
746145338608713728,2016-06-23 19:58:06,"Congratulations to my son, Eric, on the fantastic job he has done in rebuilding Turnberry, and its great Ailsa Course. Always support kids!",4335,20022,,
746272130992644096,2016-06-24 04:21:55,"Just arrived in Scotland. Place is going wild over the vote. They took their country back, just like we will take America back. No games!",14364,39863,,
746273866322829312,2016-06-24 04:28:49,Statement Regarding British Referendum on E.U. Membership https://www.facebook.com/DonaldTrump/posts/10157213077740725 …,3382,8352,,
746273889160957952,2016-06-24 04:28:54,"Getting ready to open the magnificent Turnberry in Scotland. What a great day, especially when added to the brave & brilliant vote.",3685,14020,,
746289394231828480,2016-06-24 05:30:31,"Self-determination is the sacred right of all free people's, and the people of the UK have exercised that right for all the world to see.",13610,27861,,
746289768707698688,2016-06-24 05:32:00,"America is proud to stand shoulder-to-shoulder w/a free & ind UK. We stand together as friends, as allies, & as a people w/a shared history.",12378,32028,,
746414797416243200,2016-06-24 13:48:50,New Government data by the Center for Immigration Studies shows more than 3M new legal & illegal immigrants settled..https://www.facebook.com/DonaldTrump/posts/10157214830260725 …,3347,7918,,
746415333741756418,2016-06-24 13:50:57,I want all Americans to succeed together. President Obama's illegal executive amnesty undermines job prospects for...https://www.facebook.com/DonaldTrump/posts/10157210293405725 …,4467,12012,,
746453765935366144,2016-06-24 16:23:40,Crooked Hillary called it totally wrong on BREXIT - she went with Obama - and now she is saying we need her to lead. She would be a disaster,8431,24289,,
746456564337344512,2016-06-24 16:34:48,"The opening of Trump Turnberry in Scotland was a big success. Good timing, I was here for BREXIT. Very exciting news conference today!",3364,13437,,
746458701565988864,2016-06-24 16:43:17,"Many people are equating BREXIT, and what is going on in Great Britain, with what is happening in the U.S. People want their country back!",8688,24458,,
746465982026289152,2016-06-24 17:12:13,""" @ DarrenWaggener: @ realDonaldTrump What has happened in the UK in the last 12 hours is exactly what will happen in November..vote TRUMP 2016",4950,14779,,"@DarrenWaggener,@realDonaldTrump"
746470769862017024,2016-06-24 17:31:14,""" @ Jolena3: @ realDonaldTrump And we will get it back once we have President Trump! Can't wait!""",2308,9105,,"@Jolena3,@realDonaldTrump"
746560976921706500,2016-06-24 23:29:41,Thoughts and prayers are with everyone in West Virginia- dealing with the devastating floods. # ImWithYou,7553,22777,#ImWithYou,
746674420605980672,2016-06-25 07:00:29,"So funny, Crooked Hillary called BREXIT so incorrectly, and now she says that she is the one to deal with the U.K. All talk, no action!",6916,21529,,
746718385828859904,2016-06-25 09:55:11,Arriving @ TrumpScotland with @ DonaldJTrumpJr & @ EricTrump. Back to New York tonight. Video:https://www.facebook.com/DonaldTrump/videos/10157219372685725/ …,1642,6872,,"@TrumpScotland,@DonaldJTrumpJr,@EricTrump"
746721493061632000,2016-06-25 10:07:32,"On the 13th tee box @ TrumpScotland with my grand daughter, Kai! @ DonaldJTrumpJr https://instagram.com/p/BHFO7q0Dg6m/",1826,8090,,"@TrumpScotland,@DonaldJTrumpJr"
746734772928528384,2016-06-25 11:00:18,Thank you to everyone who came out & joined us @ TrumpTurnberry yesterday! @ EricTrump @ IvankaTrump @ DonaldJTrumpJrpic.twitter.com/hQ1JTMrUtG,3305,12158,,"@TrumpTurnberry,@EricTrump,@IvankaTrump,@DonaldJTrumpJrpic"
746895065591783424,2016-06-25 21:37:14,We must suspend immigration from regions linked with terrorism until a proven vetting method is in place.,9498,28359,,
746895252884164608,2016-06-25 21:37:59,We only want to admit those who love our people and support our values. # AmericaFirst,6719,19273,#AmericaFirst,
746895602798178304,2016-06-25 21:39:23,I have never liked the media term 'mass deportation' -- but we must enforce the laws of the land!,5477,18099,,
746895785338544128,2016-06-25 21:40:06,Obama has blocked ICE officers and BP from doing their jobs. That ends when I am President!,6682,19278,,
746908869134262272,2016-06-25 22:32:05,"Just landed in New York - a one night stay in Scotland. Turnberry came out magnificently. My son, Eric, did a great job - under budget!",3892,17855,,
747027629652443136,2016-06-26 06:24:00,"George Will, one of the most overrated political pundits (who lost his way long ago), has left the Republican Party.He's made many bad calls",4583,15602,,
747029963702996992,2016-06-26 06:33:17,"Crooked Hillary Clinton, who called BREXIT 100% wrong (along with Obama), is now spending Wall Street money on an ad on my correct call.",6100,17626,,
747030708678430720,2016-06-26 06:36:14,Clinton is trying to wash away her bad judgement call on BREXIT with big dollar ads. Disgraceful!,5180,14893,,
747098691492786176,2016-06-26 11:06:23,"Crooked Hillary just took a major ad of me playing golf at Turnberry. Shows me hitting shot, but I never did = lie! Was there to support son",5990,17267,,
747102432862273536,2016-06-26 11:21:15,The @ ABC poll sample is heavy on Democrats. Very dishonest - why would they do that? Other polls good!,3784,11470,,@ABC
747105049352888320,2016-06-26 11:31:38,Top 50 Facts About Crooked Hillary Clinton From Trump 'Stakes Of The Election' Address: https://assets.donaldjtrump.com/ClintonFacts.pdf …,5131,10237,,
747178078682644480,2016-06-26 16:21:50,"People in our country want borders, and without them the old line pols like Crooked Hillary will not win. It is time for CHANGE -- and JOBS!",5483,17170,,
747190075344162817,2016-06-26 17:09:30,"Hillary Clinton is not a change agent, just the same old status quo! She is spending a fortune, I am spending very little. Close in polls!",4811,15382,,
747191624535511040,2016-06-26 17:15:40,Crooked Hillary Clinton got Brexit wrong. I said LEAVE will win. She has no sense of markets and such bad judgement. Only a question of time,4480,14220,,
747194865633595392,2016-06-26 17:28:32,Crooked Hillary Attacks Foreign Government Donations - While Ignoring Her Own: https://www.facebook.com/DonaldTrump/posts/10157225458500725:0 …,3579,9037,,
747206160806219776,2016-06-26 18:13:25,"The ""dirty"" poll done by @ ABC @ washingtonpost is a disgrace. Even they admit that many more Democrats were polled. Other polls were good.",4208,12395,,"@ABC,@washingtonpost"
747208970201333760,2016-06-26 18:24:35,""" @ JimVitari: @ ABC @ washingtonpost we know they're fake just like poles during primary. I'm sure u will crush # CrookedHillary in general""",2742,9497,#CrookedHillary,"@JimVitari,@ABC,@washingtonpost"
747227503329173505,2016-06-26 19:38:14,"""@brazosboys: Hillary read ""sigh"" off the Teleprompter, She's so fake she has to be told how to feel: https://youtu.be/iYUQtxXZPsk @ FoxNews",7469,17438,,@FoxNews
747240949370261504,2016-06-26 20:31:40,""" @ w4djt: ""Under a Trump presidency, America will make brilliant new trade deals!"" —Donald Trump # dtmag https://twitter.com/w4djt/status/747237431129346048/photo/1pic.twitter.com/NpYI9i4iSG """,5011,16776,#dtmag,@w4djt
747241330552737793,2016-06-26 20:33:10,""" @ LindaSuhler: Trump voters don't scare or back down. Our numbers are growing & we're taking our country BACK. # Trump2016 # MAGA",7287,19763,"#Trump2016,#MAGA",@LindaSuhler
747415955400196096,2016-06-27 08:07:04,"Crooked Hillary is wheeling out one of the least productive senators in the U.S. Senate, goofy Elizabeth Warren, who lied on heritage.",6614,21160,,
747418754255052802,2016-06-27 08:18:12,"The media is unrelenting. They will only go with and report a story in a negative light. I called Brexit (Hillary was wrong), watch November",5551,17898,,
747424042181791744,2016-06-27 08:39:12,. @ CNN is all negative when it comes to me. I don't watch it anymore.,5766,19214,,@CNN
747872257872125952,2016-06-28 14:20:15,""" @ GovBrewer: I'll be a guest today on Making Money with @ cvpayne on @Fox Business 6 PM ET / 3 PM PT Discussing @ realDonaldTrump. Tune in!""",1607,5905,,"@GovBrewer,@cvpayne,@Fox,@realDonaldTrump"
747873024515407872,2016-06-28 14:23:18,""" @ vegas_sports: Good for @ realDonaldTrump he's smart on business. Maybe If corporations weren't overtaxed they would stay. Voting for # Trump",2094,7265,#Trump,"@vegas,@realDonaldTrump"
747873311531614208,2016-06-28 14:24:26,""" @ Patricia_Graf: @ GovBrewer @ cvpayne let's get Trump supporters out in massive numbers and make America Great Again - create jobs""",2513,8200,,"@Patricia,@GovBrewer,@cvpayne"
747873381077356545,2016-06-28 14:24:43,""" @ arnold_ziffel: @ AnnCoulter also can't help but notice the stock market's reaction as @ realDonaldTrump was speaking. # UPUPUP""",2304,7247,#UPUPUP,"@arnold,@AnnCoulter,@realDonaldTrump"
747873880103059457,2016-06-28 14:26:42,""" @ bluedogdemky: @ CWAUnion @ iowa_trump @ RichardTrumka @ AFLCIO This is why I would think the unions would support @ realDonaldTrump for # POTUS""",1731,5987,#POTUS,"@bluedogdemky,@CWAUnion,@iowa,@RichardTrumka,@AFLCIO,@realDonaldTrump"
747874261583470592,2016-06-28 14:28:13,""" @ kridan1: Canceled cable - sick of their bad coverage of you and the fawning over Clinton ... Listened to your great speech on YouTube""",2625,10175,,@kridan1
747874856130183168,2016-06-28 14:30:35,Check it out - 2nd video on Lying Crooked Hillary is now online! Watch it here: https://www.lyingcrookedhillary.com/lie/clinton-lies-about-classified-material-on-her-secret-server … # CrookedHillary # Trump2016,4151,8878,"#CrookedHillary,#Trump2016",
747888354126069761,2016-06-28 15:24:13,Benghazi is just another Hillary Clinton failure. It just never seems to work the way it's supposed to with Clinton.,6504,19588,,
747888895581372416,2016-06-28 15:26:22,Hillary Clinton’s Presidency would be catastrophic for the future of our country. She is ill-fit with bad judgment.,7540,21442,,
747899586593890309,2016-06-28 16:08:51,"Yet another terrorist attack, this time in Turkey. Will the world ever realize what is going on? So sad.",9834,26349,,
747900114363092992,2016-06-28 16:10:57,We must do everything possible to keep this horrible terrorism outside the United States.,11412,31532,,
747950659111006208,2016-06-28 19:31:48,""" @ jtsbk: @ AllenWest thanks for sharing Eric we need @ realDonaldTrump now as this administration is incapable of keeping our country safe""",3149,9858,,"@jtsbk,@AllenWest,@realDonaldTrump"
747986907162877952,2016-06-28 21:55:50,Iron Mike Tyson was not asked to speak at the Convention though I'm sure he would do a good job if he was. The media makes everything up!,4492,15854,,
748141420528140288,2016-06-29 08:09:49,"The @ USCHAMBER must fight harder for the American worker. China, and many others, are taking advantage of U.S. with our terrible trade pacts",3564,11069,,@USCHAMBER
748142709932756992,2016-06-29 08:14:56,Why would the USChamber be upset by the fact that I want to negotiate better and stronger trade deals or that I want penalties for cheaters?,5325,15720,,
748163517455413248,2016-06-29 09:37:37,Just watched Senator John Barrasso on @ FoxNews - He was great! Thank you John.,2212,8136,,@FoxNews
748163921383723008,2016-06-29 09:39:13,New Q poll out- we are going to win the whole deal- and MAKE AMERICA GREAT AGAIN! # Trump2016pic.twitter.com/dL5ahNcwZb,5558,17734,#Trump2016pic,
748166232298381312,2016-06-29 09:48:24,"Will be in Bangor, Maine today! Join me- 4pmE at the Cross Insurance Center! https://www.donaldjtrump.com/schedule/register/bangor-me/ …pic.twitter.com/7LAPewxE05",2240,7871,,
748219891577131010,2016-06-29 13:21:38,ISIS exploded on Hillary Clinton's watch- she's done nothing about it and never will. Not capable!,8147,21783,,
748289375801323520,2016-06-29 17:57:44,I will be on @ oreillyfactor at 8:00 P.M. Enjoy!,1953,8421,,@oreillyfactor
748331931616579585,2016-06-29 20:46:50,""" @ Gengm7: @ jakeda @ realDonaldTrump As of April this year, Hillary had spent $264,000,000 on her campaign Mr.Trump $55,000,000. self funding""",4890,13514,,"@Gengm7,@jakeda,@realDonaldTrump"
748343042994733056,2016-06-29 21:30:59,Tremendous day in Massachusetts and Maine. Thank you to everyone for making it so special!,2750,11498,,
748345210372038656,2016-06-29 21:39:36,"For reasons only they can explain, the @ USChamber wants to continue our bad trade deals rather than renegotiating and making them better.",4458,12475,,@USChamber
748528593634992128,2016-06-30 09:48:18,The story with Hillary will never change.https://www.washingtonpost.com/news/the-fix/wp/2016/06/28/hillary-clintons-email-story-continues-to-get-harder-and-harder-to-believe/ …,4836,10468,,
748569874042064900,2016-06-30 12:32:20,New book by @ ericbolling is absolutely terrific and a must read! # WakeUpAmerica,3653,9754,#WakeUpAmerica,@ericbolling
748590222988947457,2016-06-30 13:53:11,Why would college graduates want Crooked Hillary as their President? She will destroy them!http://www.breitbart.com/2016-presidential-race/2016/06/28/graduates-staple-green-cards-hillary-clinton/ …,4042,9770,,
748599094252273664,2016-06-30 14:28:27,One of the reasons Hillary hid her emails was so the public wouldn't see how she got rich- selling out America. http://hosted.ap.org/dynamic/stories/U/US_CLINTON_EMAILS?SITE=AP&SECTION=HOME&TEMPLATE=DEFAULT&CTIME=2016-06-29-17-38-07 …,6554,14176,,
748599438034206720,2016-06-30 14:29:48,The very dishonest @ NBCNews refuses to accept the fact that I have forgiven my $50 million loan to my campaign. Done deal!,4361,13451,,@NBCNews
748599572230975492,2016-06-30 14:30:20,I have self funded my winning primary campaign with an approx. $50 million loan. I have totally terminated the loan!,4129,15243,,
748599711792234496,2016-06-30 14:30:54,"The reason I put up approximately $50 million for my successful primary campaign is very simple, I want to MAKE AMERICA GREAT AGAIN!",6988,22452,,
748647669707350016,2016-06-30 17:41:28,I will be interviewed by @ SeanHannity tonight at 10pm on FOX! Enjoy!,2478,9148,,@SeanHannity
748712661764804608,2016-06-30 21:59:43,# ThrowbackThursday # Trump2016https://amp.twimg.com/v/85615957-7a37-4b85-b74b-bef9cef779f1 …,4155,11123,#Trump2016https,
748851569190318080,2016-07-01 07:11:41,"As Bernie Sanders said, Hillary Clinton has bad judgement. Bill's meeting was probably initiated and demanded by Hillary!",4850,14914,,
748851673313873920,2016-07-01 07:12:06,Bill Clinton's meeting was a total secret. Nobody was to know about it but he was caught by a local reporter.,6445,16547,,
748851849185243136,2016-07-01 07:12:48,Take a look at what happened w/ Bill Clinton. The system is totally rigged. Does anybody really believe that meeting was just a coincidence?,8803,22609,,
748869825208913921,2016-07-01 08:24:14,. @ TraceAdkins great job on FOX this morning. Keep up the good work!,2086,8506,,@TraceAdkins
748871858553024512,2016-07-01 08:32:19,Horrible killing of a 13 year old American girl at her home in Israel by a Palestinian terrorist. We must get tough. http://bit.ly/299PfhoStatement …,4520,11210,,
748906952713875456,2016-07-01 10:51:46,"Yet another terrorist attack today in Israel -- a father, shot at by a Palestinian terrorist, was killed while: http://bit.ly/29xZpgbIsrael",3391,7668,,
748920081942327296,2016-07-01 11:43:56,These crimes won't be happening if I'm elected POTUS. Killer should have never been here. # AmericaFirsthttp://www.thegatewaypundit.com/2016/07/oregon-killer-shot-dead-3-people-deported-6-times/#st_refDomain=t.co&st_refQuery=/h7m3WSKGlO …,5613,11789,#AmericaFirsthttp,
748926103931150336,2016-07-01 12:07:52,Thank you for your support! We will MAKE AMERICA SAFE AND GREAT AGAIN! # ImWithYou # AmericaFirstpic.twitter.com/ravfFT5UBE,6622,21780,"#ImWithYou,#AmericaFirstpic",
748966167549603840,2016-07-01 14:47:04,Thank you for inviting me to the Western Conservative Summit in Colorado! # ImWithYou # WCS16 https://www.facebook.com/DonaldTrump/posts/10157246984980725:0 …pic.twitter.com/QDQhRRuBbG,3365,11133,"#ImWithYou,#WCS16",
749049896431415296,2016-07-01 20:19:46,Just returned from Colorado. Amazing crowd!,2578,12377,,
749052325130534912,2016-07-01 20:29:25,When you can't say it - or see it -- you can't fix it. We will MAKE AMERICA SAFE AGAIN! # ImWithYou # AmericaFirst https://www.facebook.com/DonaldTrump/posts/10157247675605725:0 …,4156,11581,"#ImWithYou,#AmericaFirst",
749208070505586688,2016-07-02 06:48:18,"Just read in the failing @ nytimes that I was not aware ""the event had to be held in Cleveland"" - a total lie. These people are sick!",3330,10559,,@nytimes
749209816732672000,2016-07-02 06:55:14,"The speakers slots at the Republican Convention are totally filled, with a long waiting list of those that want to speak - Wednesday release",3825,12090,,
749237508916056064,2016-07-02 08:45:16,# AmericaFirst # ImWithYoupic.twitter.com/iEcnnlJ728,4809,13494,#ImWithYoupic,
749240145442922496,2016-07-02 08:55:45,The # 2A to our Constitution is clear. The right of the people to keep & bear Arms shall not be infringed upon.pic.twitter.com/sqe12D0MBJ,8492,21545,#2A,
749261175968436224,2016-07-02 10:19:19,Crooked Hillary -- Makes History! # ImWithYou # AmericaFirstpic.twitter.com/PKQhYhMmIX,9002,21116,"#ImWithYou,#AmericaFirstpic",
749261242137710592,2016-07-02 10:19:35,If I become the next POTUS- they will not be ignoring! # AmericaFirsthttp://m.washingtontimes.com/news/2016/jul/1/nearly-1-million-immigrants-ignoring-deportation/ …,3304,8079,#AmericaFirsthttp,
749262206672445441,2016-07-02 10:23:25,Thank you! # AmericaFirstpic.twitter.com/MYG45LxGmH,6892,19737,#AmericaFirstpic,
749264383990194176,2016-07-02 10:32:04,Thank you for your support! # AmericaFirst # LeadRight2016https://twitter.com/richrdhernandez/status/746791839861252096 …,2434,7432,"#AmericaFirst,#LeadRight2016https",
749264697233383424,2016-07-02 10:33:19,Thank you @ greta. # ImWithYoupic.twitter.com/SLdqNhD4Tm,4966,11929,#ImWithYoupic,@greta
749341789102960640,2016-07-02 15:39:39,It is impossible for the FBI not to recommend criminal charges against Hillary Clinton. What she did was wrong! What Bill did was stupid!,10516,29895,,
749350193095667713,2016-07-02 16:13:02,"It was just announced-by sources-that no charges will be brought against Crooked Hillary Clinton. Like I said, the system is totally rigged!",16978,40996,,
749659173353299968,2016-07-03 12:40:49,"Just watched @ meetthepress and how totally biased against me Chuck Todd, and the entire show, is against me.The good news-the people get it!",4803,16582,,@meetthepress
749698321074180096,2016-07-03 15:16:23,Only a fool would believe that the meeting between Bill Clinton and the U.S.A.G. was not arranged or that Crooked Hillary did not know.,8211,23297,,
749699315367612416,2016-07-03 15:20:20,Crooked Hillary Clinton knew that her husband wanted to meet with the U.S.A.G. to work out a deal. The system is totally rigged & corrupt!,7130,20116,,
749706242579247105,2016-07-03 15:47:51,"On Saturday a great man, Elie Wiesel, passed away.The world is a better place because of him and his belief that good can triumph over evil!",4593,17686,,
749709462974435329,2016-07-03 16:00:39,"""THE SYSTEM IS RIGGED!""",8247,20191,,
749718947973529600,2016-07-03 16:38:20,"Does anybody really believe that Bill Clinton and the U.S.A.G. talked only about ""grandkids"" and golf for 37 minutes in plane on tarmac?",7214,19900,,
749720224220475393,2016-07-03 16:43:25,"The SECRET meeting between Bill Clinton and the U.S.A.G. in back of closed plane was heightened with FBI shouting ""go away, no pictures.""",6852,18556,,
749721116911034368,2016-07-03 16:46:58,I believe that Crooked Hillary sent Bill to have the meeting with the U.S.A.G. So Bill is not in trouble with H except that he got caught!,5253,16792,,
749929565661884417,2016-07-04 06:35:16,"In Bangladesh, hostages were immediately killed by ISIS terrorists if they were unable to cite a verse from the Koran. 20 were killed!",4626,11593,,
749934450868387840,2016-07-04 06:54:40,"The third mass attack (slaughter) in days by ISIS. 200 dead in Baghdad, worst in many years. We do not have leadership that can stop this!",5659,16399,,
749935837748596736,2016-07-04 07:00:11,Crooked Hillary will NEVER be able to handle the complexities and danger of ISIS - it will just go on forever. We need change!,5484,16487,,
749959090210832386,2016-07-04 08:32:35,Happy 4th of July! # Trump2016 # AmericaFirst https://www.facebook.com/DonaldTrump/videos/10157254332085725/ …pic.twitter.com/YhHyQjwJW6,6274,17088,"#Trump2016,#AmericaFirst",
749961528422625281,2016-07-04 08:42:16,"Dishonest media is trying their absolute best to depict a star in a tweet as the Star of David rather than a Sheriff's Star, or plain star!",5996,19894,,
749965127278034944,2016-07-04 08:56:34,"Senator Tom Cotton was great on Meet the Press yesterday. Despite a totally one-sided interview by Chuck Todd, the end result was solid!",2854,11340,,
749968796618817538,2016-07-04 09:11:09,"Spent time with Indiana Governor Mike Pence and family yesterday. Very impressed, great people!",2830,11548,,
749970824766091264,2016-07-04 09:19:13,I look forward to meeting @ joniernst today in New Jersey. She has done a great job as Senator of Iowa!,2647,10354,,@joniernst
749972298086645760,2016-07-04 09:25:04,The only people who are not interested in being the V.P. pick are the people who have not been asked!,3872,14151,,
749987869452828672,2016-07-04 10:26:56,"Crooked Hillary Clinton is ""guilty as hell"" but the system is totally rigged and corrupt! Where are the 33,000 missing e-mails?",8691,23662,,
749989709275885568,2016-07-04 10:34:15,"With Hillary and Obama, the terrorist attacks will only get worse. Politically correct fools, won't even call it what it is - RADICAL ISLAM!",9836,26781,,
750094399456026624,2016-07-04 17:30:15,Why is President Obama allowed to use Air Force One on the campaign trail with Crooked Hillary? She is flying with him tomorrow. Who pays?,18302,47169,,
750101826821877760,2016-07-04 17:59:46,"On @ FoxNews at 7:00 P.M. ""Special: Meet the Trumps"" Hope you enjoy!",2425,10598,,@FoxNews
750286846534582272,2016-07-05 06:14:58,Taxpayers are paying a fortune for the use of Air Force One on the campaign trail by President Obama and Crooked Hillary. A total disgrace!,13785,33742,,
750299631792291840,2016-07-05 07:05:46,It was great spending time with @ joniernst yesterday. She has done a fantastic job for the people of Iowa and U.S. Will see her again!,3147,12459,,@joniernst
750352884106223616,2016-07-05 10:37:23,"The system is rigged. General Petraeus got in trouble for far less. Very very unfair! As usual, bad judgment.",18177,46603,,
750353319084843008,2016-07-05 10:39:06,FBI director said Crooked Hillary compromised our national security. No charges. Wow! # RiggedSystem,32401,64919,#RiggedSystem,
750397898861445120,2016-07-05 13:36:15,Looking forward to meeting with @ SenBobCorker in a little while. We will be traveling to North Carolina together today.,3210,13116,,@SenBobCorker
750492628362334208,2016-07-05 19:52:40,"My son, @ EricTrump will be interviewed by @ SeanHannity tonight at 10pm on @ FoxNews. Enjoy!",2261,10125,,"@EricTrump,@SeanHannity,@FoxNews"
750514941753434113,2016-07-05 21:21:20,I will be interviewed by @ oreillyfactor tonight on @ FoxNews at 11pm. Enjoy!,1903,8791,,"@oreillyfactor,@FoxNews"
750545570293506048,2016-07-05 23:23:03,Raised a lot of money for the Republican Party. There will be a big gasp when the figures are announced in the morning. Lots of support! Win,4959,20980,,
750547338817638401,2016-07-05 23:30:04,"I don't think the voters will forget the rigged system that allowed Crooked Hillary to get away with ""murder."" Come November 8, she's out!",10593,30951,,
750548959240843265,2016-07-05 23:36:31,Crooked Hillary Clinton is unfit to serve as President of the U.S. Her temperament is weak and her opponents are strong. BAD JUDGEMENT!,6862,21818,,
750648675186147328,2016-07-06 06:12:45,"Crooked Hillary Clinton and her team ""were extremely careless in their handling of very sensitive, highly classified information."" Not fit!",11507,22305,,
750650894040064000,2016-07-06 06:21:34,"Crooked Hillary has once again been proven to be a person who is dishonest, incompetent and of very bad judgement.",6902,20237,,
750663349025767424,2016-07-06 07:11:03,"The rigged system may have helped Hillary Clinton escape criminal charges, but...https://www.facebook.com/DonaldTrump/videos/10157263351880725/ …pic.twitter.com/8CBSfNpl2l",5787,13243,,
750668480559607808,2016-07-06 07:31:27,"Crooked Hillary Clinton lied to the FBI and to the people of our country. She is sooooo guilty. But watch, her time will come!",9432,25055,,
750677864379453440,2016-07-06 08:08:44,"I made a lot of money in Atlantic City and left 7 years ago, great timing (as all know). Pols made big mistakes, now many bankruptcies.",2893,10483,,
750678866532990977,2016-07-06 08:12:43,"Hillary Clinton should ask why the Democrat pols in Atlantic City made all the wrong moves - Convention Center, Airport - and destroyed City",3529,11123,,
750681915565477888,2016-07-06 08:24:50,Even the once great Caesars is bankrupt in A.C. Others to follow. Ask the Democrat City Council what happened to Atlantic City.,4050,11947,,
750691056551878656,2016-07-06 09:01:09,"Sleepy eyes Chuck Todd, a man with so little touch for politics, is at it again.He could not have watched my standing ovation speech in N.C.",3527,12456,,
750692436687585280,2016-07-06 09:06:38,"I have over seven million hits on social media re Crooked Hillary Clinton. Check it out Sleepy Eyes, @ MarkHalperin @ NBCPolitics",4133,13718,,"@MarkHalperin,@NBCPolitics"
750714064574218245,2016-07-06 10:32:35,Convention speaker schedule to be released tomorrow. Let today be devoted to Crooked Hillary and the rigged system under which we live.,6730,20209,,
750811268219543552,2016-07-06 16:58:50,"To all of my twitter followers, please contribute whatever you can to the campaign. We must beat Crooked Hillary.https://secure.donaldjtrump.com/donate?utm_campaign=djt_direct_pro_djt&utm_medium=social&utm_source=djt_twitter …",7885,20119,,
750865499660091393,2016-07-06 20:34:20,Where is the outrage for this Disney book? Is this the 'Star of David' also? Dishonest media! # Frozenpic.twitter.com/4LJBpSm8xa,21156,51735,#Frozenpic,
751016366925344768,2016-07-07 06:33:49,"Great being in Cincinnati, Ohio last night- thank you! Off to Washington D.C. now. # Trump2016 # AmericaFirstpic.twitter.com/sryJgRyd56",4121,16510,"#Trump2016,#AmericaFirstpic",
751115433273688064,2016-07-07 13:07:28,Just leaving D.C. Had great meetings with Republicans in the House and Senate. Very interesting day! These are people who love our country!,5679,22929,,
751145002147966976,2016-07-07 15:04:58,Thank you Rep. Collins! # Trump2016https://twitter.com/emilymiller/status/751053093421232129 …,2786,8711,#Trump2016https,
751145333107879936,2016-07-07 15:06:17,# MakeAmericaGreatAgainhttps://twitter.com/emilymiller/status/751061089522036736 …,5317,14962,,
751146264956395521,2016-07-07 15:09:59,Thank you Speaker @ PRyan! # AmericaFirst # Trump2016https://twitter.com/pryan/status/751072547316330496 …,3775,12158,"#AmericaFirst,#Trump2016https",@PRyan
751232353129955328,2016-07-07 20:52:04,"After today, Crooked Hillary can officially be called Lyin' Crooked Hillary.",15614,44627,,
751370918027489280,2016-07-08 06:02:41,Prayers and condolences to all of the families who are so thoroughly devastated by the horrors we are all watching take place in our country,23063,70859,,
751405672877744128,2016-07-08 08:20:47,Last night's horrific execution-style shootings of 12 Dallas law enforcement officers...https://www.facebook.com/DonaldTrump/posts/10157277205810725 …,5897,15993,,
751423658627829760,2016-07-08 09:32:15,"Due to the horrific events taking place in our country, I have decided to postpone my speech on economic opportunity- today in Miami.",7234,33472,,
751529041988116485,2016-07-08 16:31:01,Isn't it sad that on a day of national tragedy Hillary Clinton is answering softball questions about her email lies on @ CNN?,11069,34586,,@CNN
751558217075945476,2016-07-08 18:26:56,MAKE AMERICA SAFE AGAIN! https://www.facebook.com/DonaldTrump/videos/10157280014500725/ …pic.twitter.com/P0GleHEmJy,11674,32257,,
751797800690708480,2016-07-09 10:18:58,Way to go @ serenawilliams - you are a true champion. Proud of you!,4574,20569,,@serenawilliams
751889266934964224,2016-07-09 16:22:25,New poll - thank you! # Trump2016 https://www.facebook.com/DonaldTrump/posts/10157283903165725:0 …pic.twitter.com/WmqvcYG4r3,7441,19835,#Trump2016,
752110630031749120,2016-07-10 07:02:02,Look what is happening to our country under the WEAK leadership of Obama and people like Crooked Hillary Clinton. We are a divided nation!,15204,46007,,
752207752852832256,2016-07-10 13:27:58,President Obama thinks the nation is not as divided as people think. He is living in a world of the make believe!,9565,28668,,
752211419634933760,2016-07-10 13:42:32,"The media is so dishonest. If I make a statement, they twist it and turn it to make it sound bad or foolish.They think the public is stupid!",11681,36738,,
752215352122208256,2016-07-10 13:58:10,"I heard that the underachieving John King of @ CNN on Inside Politics was one hour of lies. Happily, few people are watching - dead network!",5256,18434,,@CNN
752471941416620033,2016-07-11 06:57:45,"Join me in Westfield, Indiana- tomorrow night at 7:30pm! # Trump2016 Tickets: https://www.donaldjtrump.com/schedule/register/westfield-in/ …pic.twitter.com/Rq6YRHlpib",3391,10266,#Trump2016,
752591157641744384,2016-07-11 14:51:29,"Thoughts and prayers with the victims, and their families- along with everyone at the Berrien County Courthouse in St. Joseph, Michigan.",7373,23949,,
752618593196597248,2016-07-11 16:40:30,Great poll- Florida! Thank you!pic.twitter.com/4FuPpL5WOM,7136,20919,,
752628125389955073,2016-07-11 17:18:22,Speech on Veterans' Reform:http://bit.ly/29tVzgxVeteransReform …,2799,7783,,
752667913820209152,2016-07-11 19:56:29,Senior United States District Judge Robert E. Payne today ruled in favor of Trump campaign delegates who had argued..https://www.facebook.com/DonaldTrump/posts/10157294436575725 …,4317,11625,,
752686998826131456,2016-07-11 21:12:19,# MakeAmericaGreatAgain # ImWithYou https://www.donaldjtrump.com/press-releases/donald-j.-trump-america-first-means-veterans-first …pic.twitter.com/roVn7pAVfy,4331,12364,#ImWithYou,
752834632907943936,2016-07-12 06:58:58,"Crime is out of control, and rapidly getting worse. Look what is going on in Chicago and our inner cities. Not good!",5163,17109,,
752848856317059073,2016-07-12 07:55:29,"For too many years, our inner cities have been left behind. I am going to deliver jobs, safety and protection for those in need.",5438,17027,,
752849315094298624,2016-07-12 07:57:18,"This election is a choice between law, order & safety - or chaos, crime & violence. I will make America safe again for everyone. # ImWithYou",8930,24726,#ImWithYou,
752859250628648962,2016-07-12 08:36:47,"Bernie Sanders, who has lost most of his leverage, has totally sold out to Crooked Hillary Clinton. He will endorse her today - fans angry!",8414,24778,,
752860045084241920,2016-07-12 08:39:56,I am somewhat surprised that Bernie Sanders was not true to himself and his supporters. They are not happy that he is selling out!,10609,30599,,
752906803810279424,2016-07-12 11:45:45,# CrookedHillary is not qualified!https://amp.twimg.com/v/d7bf0fb1-2370-42df-ab63-2da48f53daef …,10109,19295,,
752910855939952640,2016-07-12 12:01:51,Bernie Sanders endorsing Crooked Hillary Clinton is like Occupy Wall Street endorsing Goldman Sachs.,26809,39829,,
752911332756840448,2016-07-12 12:03:44,Bernie sanders has abandoned his supporters by endorsing pro-war pro-TPP pro-Wall Street Crooked Hillary Clinton.,10086,24695,,
752911479251296258,2016-07-12 12:04:19,"To all the Bernie voters who want to stop bad trade deals & global special interests, we welcome you with open arms. People first.",11002,29373,,
752973319675273218,2016-07-12 16:10:03,The American people agree. No free pass for # CrookedHillary!pic.twitter.com/lTjLVKkzh1,8763,19803,#CrookedHillary,
752985826993332224,2016-07-12 16:59:45,I will be interviewed by @ oreillyfactor tonight on @ FoxNews at 8pm. Enjoy!,2336,9290,,"@oreillyfactor,@FoxNews"
752990888171831296,2016-07-12 17:19:52,Thank you Iowa- see you soon! # Trump2016 # ImWithYou https://www.facebook.com/DonaldTrump/posts/10157298677315725:0 …pic.twitter.com/PE1jdqZysc,4622,13517,"#Trump2016,#ImWithYou",
753063644578144260,2016-07-12 22:08:58,THANK YOU INDIANA! # Trump2016pic.twitter.com/Jmkah9wGaA,4655,15968,#Trump2016pic,
753090242203283457,2016-07-12 23:54:40,Justice Ginsburg of the U.S. Supreme Court has embarrassed all by making very dumb political statements about me. Her mind is shot - resign!,10066,30978,,
753205648154767360,2016-07-13 07:33:15,Thank you! # ImWithYoupic.twitter.com/6XkUQ0W4QS,5191,15609,#ImWithYoupic,
753209883202351104,2016-07-13 07:50:04,"Thank you Florida, Ohio, and Pennsylvania! # CrookedHillary is not qualified. # ImWithYoupic.twitter.com/M1yzgyeEdY",9285,24601,"#CrookedHillary,#ImWithYoupic",
753338900647665664,2016-07-13 16:22:44,"# CrookedHillary is outspending me by a combined 31 to 1 in Florida, Ohio, & Pennsylvania. I haven't started yet!pic.twitter.com/BcoPrwqFMe",6434,17957,,
753347448743964672,2016-07-13 16:56:42,New GOP platform now includes language that supports the border wall. We will build the wall and MAKE AMERICA SAFE AGAIN!,4837,14850,,
753349629870084096,2016-07-13 17:05:22,The Republican platform is most pro-Israel of all time!,3648,12307,,
753349911983235072,2016-07-13 17:06:30,Is President Obama trying to destroy Israel with all his bad moves? Think about it and let me know!,3603,12221,,
753351063407767554,2016-07-13 17:11:04,Lyin' Crooked Hillary's email stories all have one thing in common.pic.twitter.com/teoVCYXKOR,6286,15250,,
753353259411054592,2016-07-13 17:19:48,Despite spending $500k a day on TV ads alone # CrookedHillary falls flat in nationwide @ QuinnipiacPoll. Having ZERO impact. Sad!!,3999,12876,#CrookedHillary,@QuinnipiacPoll
753353898472017920,2016-07-13 17:22:20,Voters understand that Crooked Hillary's negative ads are not true- just like her email lies and her other fraudulent activity.,6566,20299,,
753354233311731712,2016-07-13 17:23:40,On my way to San Diego to raise money for the Republican Party. I am spending a lot myself and also helping others.,3296,13884,,
753354905897668608,2016-07-13 17:26:20,Is Supreme Court Justice Ruth Bader Ginsburg going to apologize to me for her misconduct? Big mistake by an incompetent judge!,4639,17325,,
753355262363181056,2016-07-13 17:27:45,Even the @ NYTimes and @ WashingtonPost Editorial Boards condemned Justice Ginsburg for her ethical and legal breach. What was she thinking?,4380,14731,,"@NYTimes,@WashingtonPost"
753355507721646080,2016-07-13 17:28:44,"If I win the Presidency, we will swamp Justice Ginsburg with real judges and real legal opinions!",7360,23309,,
753398572515725312,2016-07-13 20:19:51,I will be making the announcement of my Vice Presidential pick on Friday at 11am in Manhattan. Details to follow.,12807,37260,,
753580257895211008,2016-07-14 08:21:48,Great new poll- thank you America! # Trump2016 # ImWithYoupic.twitter.com/aVH9c5QRwc,6109,19430,"#Trump2016,#ImWithYoupic",
753603401854881793,2016-07-14 09:53:46,Another new poll. Thank you for your support! Join the MOVEMENT today! # ImWithYou http://www.DonaldJTrump.com pic.twitter.com/miT4atHxQz,7360,19505,#ImWithYou,
753641197588152320,2016-07-14 12:23:58,"I employ many people in the State of Virginia - JOBS, JOBS, JOBS! Crooked Hillary will sell us out, just like her husband did with NAFTA.",6034,19631,,
753720863606775809,2016-07-14 17:40:31,"Another horrific attack, this time in Nice, France. Many dead and injured. When will we learn? It is only getting worse.",19579,46430,,
753728269019549696,2016-07-14 18:09:57,"In light of the horrible attack in Nice, France, I have postponed tomorrow's news conference concerning my Vice Presidential announcement.",12318,39071,,
753750790590828544,2016-07-14 19:39:27,"My prayers and condolences to the victims and families of the terrible tragedy in Nice, France. We are with you in every way!",12856,42765,,
753960134422900736,2016-07-15 09:31:18,# NeverTrump is never more. They were crushed last night in Cleveland at Rules Committee by a vote of 87-12. MAKE AMERICA GREAT AGAIN!,8827,29376,,
753962659293396992,2016-07-15 09:41:20,Four more years of weakness with a Crooked Hillary Administration is not acceptable. Look what has happened to the world with O & Hillary!,8912,26324,,
753965070003109888,2016-07-15 09:50:55,I am pleased to announce that I have chosen Governor Mike Pence as my Vice Presidential running mate. News conference tomorrow at 11:00 A.M.,31709,78652,,
754136526087487488,2016-07-15 21:12:13,Look forward to Governor Mike Pence V.P. introduction tomorrow in New York City.,4690,20962,,
754291925616852992,2016-07-16 07:29:43,Look forward to introducing Governor Mike Pence (who has done a spectacular job in the great State of Indiana). My first choice from start!,4003,18180,,
754301737431928832,2016-07-16 08:08:43,"Crooked Hillary is spending big Wall Street money on ads saying I don't have foreign policy experience, yet look what her policies have done",7380,21717,,
754303051389861888,2016-07-16 08:13:56,"Crooked Hillary, who embarrassed herself and the country with her e-mail lies, has been a DISASTER on foreign policy. Look what's happening!",6670,21063,,
754304371186405376,2016-07-16 08:19:11,"Very sad that a person who has made so many mistakes, Crooked Hillary Clinton, can put out such false and vicious ads with her phony money!",5819,19047,,
754305404302139392,2016-07-16 08:23:17,"Crooked Hillary Clinton is bought and paid for by Wall Street, lobbyists and special interests. She will sell our country down the tubes!",7526,22498,,
754348235951661056,2016-07-16 11:13:29,Thank you! # TrumpPence16pic.twitter.com/RHprMCsGT6,8575,30690,#TrumpPence16pic,
754514805264973824,2016-07-16 22:15:22,Thank you to Chris Cox and Bikers for Trump - Your support has been amazing. I will never forget. MAKE AMERICA GREAT AGAIN!,5782,18758,,
754516280615501824,2016-07-16 22:21:14,""" @ TrumpDoonbeg: Great news! We've been nominated for Ireland's Best Golf Hotel 2016.We would appreciate your vote! http://worldgolfawards.com/vote/trump-international-golf-links-hotel-doonbeg-2016 …""",2241,9608,,@TrumpDoonbeg
754520788917780482,2016-07-16 22:39:09,"Thank you to Jack Morgan, Tamara Neo, Cheryl Ann Kraft and all of my friends and supporters in Virginia. GREAT JOB!",2338,10576,,
754530019200884737,2016-07-16 23:15:49,"Goofy Elizabeth Warren, who may be the least productive Senator in the U.S. Senate, must prove she is not a fraud. Without the con it's over",4602,16628,,
754530838386208768,2016-07-16 23:19:05,We are going to have a great time in Cleveland. Will lead to special results for our country. We will Make America Great Again!,5010,18868,,
754645662357159936,2016-07-17 06:55:21,"As the days and weeks go by, we see what a total mess our country (and world) is in - Crooked Hillary Clinton led Obama into bad decisions!",4831,16198,,
754648419151511552,2016-07-17 07:06:18,"It doesn't matter that Crooked Hillary has experience, look at all of the bad decisions she has made. Bernie said she has bad judgement!",5142,17813,,
754650547932758016,2016-07-17 07:14:46,"I hope that Crooked Hillary picks Goofy Elizabeth Warren, sometimes referred to as Pocahontas, as her V.P. Then we can litigate her fraud!",5732,19244,,
754652888752910336,2016-07-17 07:24:04,"If Goofy Elizabeth Warren, a very weak Senator, didn't lie about her heritage (being Native American) she would be nothing today. Pick her H",4807,17614,,
754662980164386816,2016-07-17 08:04:10,". @ FoxNews is much better, and far more truthful, than @ CNN, which is all negative. Guests are stacked for Crooked Hillary! I don't watch.",4538,16653,,"@FoxNews,@CNN"
754664207799451648,2016-07-17 08:09:02,The ratings at @ FoxNews blow away the ratings of @ CNN - not even close. That's because CNN is the Clinton News Network and people don't like,7190,24076,,"@FoxNews,@CNN"
754730058913308673,2016-07-17 12:30:42,We grieve for the officers killed in Baton Rouge today. How many law enforcement and people have to... https://www.facebook.com/DonaldTrump/posts/10157324504140725 …,7824,21211,,
754744188856565760,2016-07-17 13:26:51,"We are TRYING to fight ISIS, and now our own people are killing our police. Our country is divided and out of control. The world is watching",29320,73601,,
754747397700485120,2016-07-17 13:39:36,I will be on @ 60Minutes tonight at 7:00 P.M. with Mike Pence talking about LAW AND ORDER and many other subjects! Bad times for divided USA!,4357,15734,,@60Minutes
754747849737461760,2016-07-17 13:41:24,""" @ 60Minutes: DonaldTrump and his running mate @ Mike_Pence to appear on # 60Minutes in first joint interview. CBS http://cbsn.ws/29QEyKD """,3428,10464,#60Minutes,"@60Minutes,@Mike"
754788362368741376,2016-07-17 16:22:23,"Our country is totally divided and our enemies are watching. We are not looking good, we are not looking smart, we are not looking tough!",12376,35831,,
754789482621243392,2016-07-17 16:26:50,"President Obama just had a news conference, but he doesn't have a clue. Our country is a divided crime scene, and it will only get worse!",10247,33191,,
755087399286411266,2016-07-18 12:10:39,"Thank you Mahoning County, Ohio! See you soon! # MakeAmericaSafeAgain https://www.facebook.com/DonaldTrump/posts/10157329790520725 …pic.twitter.com/iFdqRvaL3q",4118,12720,#MakeAmericaSafeAgain,
755091783013507072,2016-07-18 12:28:04,"Looking forward to being at the convention tonight to watch all of the wonderful speakers including my wife, Melania. Place looks beautiful!",5547,24333,,
755142098190475265,2016-07-18 15:48:00,". @ CNN is the worst.They go to their dumb, one-sided panels when a podium speaker is for Trump! VAST MAJORITY want: Make America Great Again!",6722,24792,,@CNN
755143081666744320,2016-07-18 15:51:55,Networks other than low ratings @ CNN have been very fair and exciting!,3400,13445,,@CNN
755176368783187969,2016-07-18 18:04:11,# MakeAmericaSafeAgain! # GOPConvention # RNCinCLE https://www.facebook.com/DonaldTrump/posts/10157331528640725:0 …pic.twitter.com/Kvq6r6WkQ1,6505,16953,"#GOPConvention,#RNCinCLE",
755195907658883072,2016-07-18 19:21:49,Will be on @ OreillyFactor tonight at 8:30pm @ FoxNews- prior to Melania's speech at the # GOPConvention. Tune in- she will do great! # RNCinCLE,2419,12065,"#GOPConvention,#RNCinCLE","@OreillyFactor,@FoxNews"
755254384062263296,2016-07-18 23:14:11,"It was truly an honor to introduce my wife, Melania. Her speech and demeanor were absolutely incredible. Very proud! # GOPConvention",10439,48154,#GOPConvention,
755395950089211904,2016-07-19 08:36:43,"""@RoxaneTancredi: Democrats are coming to TRUMP. I used to be proud of the dem party. No more It is crooked and not for the people.""",6038,20392,,
755486029742641152,2016-07-19 14:34:40,# MakeAmericaWorkAgain # TrumpPence16 # RNCinCLE https://instagram.com/p/BIDg4y7DVM5/ pic.twitter.com/5Kv03luMZW,6734,17915,"#TrumpPence16,#RNCinCLE",
755502053003190273,2016-07-19 15:38:20,# MakeAmericaWorkAgain # TrumpPence16 # RNCinCLE https://www.facebook.com/DonaldTrump/posts/10157337060605725:0 …pic.twitter.com/mYBjp03XYf,6628,17700,"#TrumpPence16,#RNCinCLE",
755525857456844800,2016-07-19 17:12:56,The ROLL CALL is beginning at the Republican National Convention. Very exciting!,3432,18072,,
755551039244341253,2016-07-19 18:52:59,Such a great honor to be the Republican Nominee for President of the United States. I will work hard and never let you down! AMERICA FIRST!,33840,110675,,
755708398537154560,2016-07-20 05:18:17,"Congratulations to my children, Don and Tiffany, on having done a fantastic job last night. I am very proud of you!",5362,31966,,
755746062204280833,2016-07-20 07:47:56,Bill Hemmer of @ FoxNews was very nice in explaining the excitement and energy in the arena. More than in past years.,2852,12670,,@FoxNews
755747074939949056,2016-07-20 07:51:58,"In November, I think the people of Ohio will remember that the Republicans picked Cleveland instead of going to another state. Jobs!",4784,21001,,
755787159735570432,2016-07-20 10:31:15,Good news is Melania's speech got more publicity than any in the history of politics especially if you believe that all press is good press!,10719,42879,,
755788382618390529,2016-07-20 10:36:06,The media is spending more time doing a forensic analysis of Melania's speech than the FBI spent on Hillary's emails.,97733,213014,,
755810077307727872,2016-07-20 12:02:19,STATEMENT ON MELANIA SPEECH https://www.donaldjtrump.com/press-releases/statement-on-melania-trump-speech1 …,5256,16109,,
755836720197795840,2016-07-20 13:48:11,John Kasich was never asked by me to be V.P. Just arrived in Cleveland - will be a great two days!,4056,16453,,
755912497643806720,2016-07-20 18:49:18,Watching the # GOPConvention # AmericaFirst # RNCinCLE,2273,10427,"#GOPConvention,#AmericaFirst,#RNCinCLE",
755927861878460417,2016-07-20 19:50:21,# AmericaFirst # RNCinCLEhttps://amp.twimg.com/v/5731b890-d255-437a-b840-6ee56de03480 …,3961,10801,#RNCinCLEhttps,
755932444310724608,2016-07-20 20:08:33,Thank you @ IngrahamAngle! # AmericaFirstpic.twitter.com/cv3I3xRSOK,8247,23524,#AmericaFirstpic,@IngrahamAngle
755936439993589761,2016-07-20 20:24:26,Thank you to Governor @ ScottWalker for such warm support. Great speech!,3591,16498,,@ScottWalker
755944618802286592,2016-07-20 20:56:56,Thank you @ ScottWalker! # AmericaFirst # RNCinCLEpic.twitter.com/k2Poy3gGvQ,5158,16416,"#AmericaFirst,#RNCinCLEpic",@ScottWalker
755954295728541696,2016-07-20 21:35:23,Great job @ EricTrump! Proud of you! # AmericaFirst # RNCinCLE https://instagram.com/p/BIG07aSjE67/ pic.twitter.com/946U6bgREQ,10095,33945,"#AmericaFirst,#RNCinCLE",@EricTrump
755972015249645568,2016-07-20 22:45:48,"Wow, Ted Cruz got booed off the stage, didn't honor the pledge! I saw his speech two hours early but let him speak anyway. No big deal!",17133,59377,,
755972980069376000,2016-07-20 22:49:38,"Our next Vice President of the United States of America, Gov. @ Mike_Pence! # GOPinCLE # GOPConvention # AmericaFirstpic.twitter.com/TZT3XcKp1c",5918,21901,"#GOPinCLE,#GOPConvention,#AmericaFirstpic",@Mike
755973944054681600,2016-07-20 22:53:28,. @ mike_pence was fantastic tonight. Will be a great V.P.,4969,23633,,@mike
755974701172817920,2016-07-20 22:56:28,"Arena was packed, totally electric!",3400,18255,,
755975695940001792,2016-07-20 23:00:25,MAKE AMERICA GREAT AGAIN!pic.twitter.com/qL9rjb7OsD,7067,21337,,
755983654728245248,2016-07-20 23:32:03,Great job @ EricTrump! Proud of you! # AmericaFirst # RNCinCLEpic.twitter.com/S7IHXDrmsJ,5866,21934,"#AmericaFirst,#RNCinCLEpic",@EricTrump
756105919470116864,2016-07-21 07:37:53,"I am soooo proud of my children, Don, Eric and Tiffany - their speeches, under enormous pressure, were incredible. Ivanka intros me tonight!",6669,36730,,
756129793054220288,2016-07-21 09:12:45,"Ted Cruz talks about the Constitution but doesn't say that if the Dems win the Presidency, the new JUSTICES appointed will destroy us all!",8757,27017,,
756138994728071168,2016-07-21 09:49:19,"Other than a small group of people who have suffered massive and embarrassing losses, the party is VERY united. Great love in the arena!",7716,31959,,
756140881862766594,2016-07-21 09:56:49,Great job @ IvankaTrump! # RNCinCLEhttps://amp.twimg.com/v/7e0ddccc-5312-4efd-a15d-e58e64b16d3d …,5357,19817,#RNCinCLEhttps,@IvankaTrump
756171983407243264,2016-07-21 12:00:24,Thank you @ DonaldJTrumpJr. Proud of you! # RNCinCLE # TrumpPence2016pic.twitter.com/gobSNWughP,5179,18858,"#RNCinCLE,#TrumpPence2016pic",@DonaldJTrumpJr
756216362784161792,2016-07-21 14:56:45,This is a MOVEMENT! # RNCinCLEpic.twitter.com/bdox6JcrAp,6627,21193,#RNCinCLEpic,
756308357804335106,2016-07-21 21:02:18,You can watch 360 video live from the podium! https://youtu.be/BXmqiESZYp0 # RNCinCLE # TrumpIsWithYou # MakeAmericaGreatAgain,3071,10729,"#RNCinCLE,#TrumpIsWithYou,#MakeAmericaGreatAgain",
756338260230623232,2016-07-21 23:01:07,FORMAL ACCEPTANCE OF THE NOMINATION! # TrumpPence16pic.twitter.com/E6ZtVjSQZa – bei Quicken Loans Arena,12343,43315,#TrumpPence16pic,
756355884956127232,2016-07-22 00:11:10,MAKE AMERICA SAFE AND GREAT AGAIN! # RNCinCLE http://www.snappytv.com/tc/2419034/1240815 … – bei Quicken Loans,8342,25941,#RNCinCLE,
756475847004057601,2016-07-22 08:07:51,What a great four days in Cleveland. So proud of the great job done by the RNC and all. The police and Secret Service were fantastic!,7132,34080,,
756477153986895872,2016-07-22 08:13:02,Thank you Cleveland. We love you and will be back many times!,4923,23445,,
756490485116575744,2016-07-22 09:06:01,"One of the best produced, including the incredible stage & set, in the history of conventions. Great unity! Big T.V. ratings! @ KarlRove",4711,21629,,@KarlRove
756625700539465728,2016-07-22 18:03:19,"Another attack, this time in Germany. Many killed. God bless the people of Munich.",8952,32880,,
756691116464959488,2016-07-22 22:23:15,Is it the same Kaine that took hundreds of thousands of dollars in gifts while Governor of Virginia and didn't get indicted while Bob M did?,10642,25153,,
756697615509688320,2016-07-22 22:49:04,I highly recommend the just out book - THE FIELD OF FIGHT - by General Michael Flynn. How to defeat radical Islam.,13602,28448,,
756699517534212100,2016-07-22 22:56:38,""" @ Theresa_Cali: @ realDonaldTrump General Michael Flynn will make a great Secretary of Defense when you become POTUS! # MakeAmericaSafeAgain""",3745,12699,#MakeAmericaSafeAgain,"@Theresa,@realDonaldTrump"
756798838900396032,2016-07-23 05:31:18,"The Bernie Sanders supporters are furious with the choice of Tim Kaine, who represents the opposite of what Bernie stands for. Philly fight?",6068,19686,,
756799923648102400,2016-07-23 05:35:37,"Tim Kaine is, and always has been, owned by the banks. Bernie supporters are outraged, was their last choice. Bernie fought for nothing!",8164,22105,,
756801575193042944,2016-07-23 05:42:10,"Pocahontas wanted V.P. slot so badly but wasn't chosen because she has done nothing in the Senate. Also, Crooked Hillary hates her!",6699,22579,,
756804886038192128,2016-07-23 05:55:20,"Leaked e-mails of DNC show plans to destroy Bernie Sanders. Mock his heritage and much more. On-line from Wikileakes, really vicious. RIGGED",19090,43684,,
756864330054893568,2016-07-23 09:51:32,Crooked Hillary Clinton has destroyed jobs and manufacturing in Pennsylvania. Against steelworkers and miners. Husband signed NAFTA.,7443,22044,,
756866912848584704,2016-07-23 10:01:48,Funny that the Democrats would have their convention in Pennsylvania where her husband and her killed so many jobs. I will bring jobs back!,7709,25455,,
756875689924694016,2016-07-23 10:36:41,Tim Kaine has been praising the Trans Pacific Partnership and has been pushing hard to get it approved. Job killer!,6590,18063,,
756883131685273605,2016-07-23 11:06:15,I will bring jobs back and get wages up. People haven't had a real wage increase in almost twenty years. Clinton killed jobs!,8488,28994,,
756952917152784384,2016-07-23 15:43:33,Just saw Crooked Hillary and Tim Kaine together. ISIS and our other enemies are drooling. They don't look presidential to me!,7744,26342,,
756962332228612096,2016-07-23 16:20:58,"The Wikileaks e-mail release today was so bad to Sanders that it will make it impossible for him to support her, unless he is a fraud!",11831,29964,,
756973646216884225,2016-07-23 17:05:55,Thank you to everyone for the wonderful reviews of my speech on Thursday night. From the heart!,5667,27502,,
756974970312462336,2016-07-23 17:11:11,""" @ OliMauritania: @ realDonaldTrump Kaine supported the stupidest deal in the history of deals http://www.breitbart.com/big-government/2016/07/22/tim-kaine-boycotted-netanyahus-iran-deal-speech/ … # HillaryKaine2016""",4879,10326,#HillaryKaine2016,"@OliMauritania,@realDonaldTrump"
756975589110779904,2016-07-23 17:13:39,"""@NancyNielsenn: @ realDonaldTrump Dinesh D'Sousa Hillary's America. see it""",5146,12875,,@realDonaldTrump
757012114460569604,2016-07-23 19:38:47,# MakeAmericaGreatAgain # TrumpPence16pic.twitter.com/gCzHX1nyxD,6634,19663,#TrumpPence16pic,
757172536882913280,2016-07-24 06:16:15,The Crooked Hillary V.P. choice is VERY disrespectful to Bernie Sanders and all of his supporters. Just another case of BAD JUDGEMENT by H!,5462,19752,,
757174767547977728,2016-07-24 06:25:06,"Bernie Sanders started off strong, but with the selection of Kaine for V.P., is ending really weak. So much for a movement! TOTAL DISRESPECT",4613,16106,,
757182723089895424,2016-07-24 06:56:43,"Wow, President Obama's brother, Malik, just announced that he is voting for me. Was probably treated badly by president-like everybody else!",27370,74210,,
757187537681154048,2016-07-24 07:15:51,"Looks like the Bernie people will fight. If not, their BLOOD, SWEAT AND TEARS was a total waste of time. Kaine stands for opposite!",5352,17490,,
757191160481873920,2016-07-24 07:30:15,An analysis showed that Bernie Sanders would have won the Democratic nomination if it were not for the Super Delegates.,8811,23792,,
757205678821928960,2016-07-24 08:27:56,"There is no longer a Bernie Sanders ""political revolution."" He is turning out to be a weak and somewhat pathetic figure,wants it all to end!",7115,22052,,
757206444148158464,2016-07-24 08:30:59,"Sorry folks, but Bernie Sanders is exhausted, just can't go on any longer. He is trying to dismiss the new e-mails and DNC disrespect. SAD!",7572,23574,,
757309616254545920,2016-07-24 15:20:57,"Today proves what I have always known, that @ Reince Priebus is the tough one and the smart one, not Debbie Wasserman Shultz ( @ DWStweets.)",5744,20156,,"@Reince,@DWStweets"
757311921095925760,2016-07-24 15:30:06,"I always said that Debbie Wasserman Schultz was overrated. The Dems Convention is cracking up and Bernie is exhausted, no energy left!",6015,20478,,
757315800466272256,2016-07-24 15:45:31,"The @ CNN panels are so one sided, almost all against Trump. @ FoxNews is so much better and the ratings are much higher. Don't watch CNN!",7688,25505,,"@CNN,@FoxNews"
757332905047752704,2016-07-24 16:53:29,"If the Republican Convention had blown up with e-mails, resignation of boss and the beat down of a big player. (Bernie), media would go wild",9098,26803,,
757335224397225984,2016-07-24 17:02:42,"Crooked Hillary Clinton was not at all loyal to the person in her rigged system that pushed her over the top, DWS. Too bad Bernie flamed out",4456,16258,,
757336511436075008,2016-07-24 17:07:49,"Even though Bernie Sanders has lost his energy and his strength, I don't believe that his supporters will let Crooked Hillary off the hook!",6566,23289,,
757338816487235584,2016-07-24 17:16:59,The Democrats are in a total meltdown but the biased media will say how great they are doing! E-mails say the rigged system is alive & well!,10621,28867,,
757343025983057922,2016-07-24 17:33:42,"The highly neurotic Debbie Wasserman Schultz is angry that, after stealing and cheating her way to a Crooked Hillary victory, she's out!",7685,24948,,
757361504895246336,2016-07-24 18:47:08,"The ratings for the Republican National Convention were very good, but for the final night, my speech, great. Thank you!",4931,24568,,
757364534873128960,2016-07-24 18:59:10,Watched Crooked Hillary Clinton and Tim Kaine on 60 Minutes. No way they are going to fix America's problems. ISIS & all others laughing!,8171,27338,,
757538729170964481,2016-07-25 06:31:22,"The new joke in town is that Russia leaked the disastrous DNC e-mails, which should never have been written (stupid), because Putin likes me",12497,30398,,
757545252026712064,2016-07-25 06:57:17,"How much BAD JUDGEMENT was on display by the people in DNC in writing those really dumb e-mails, using even religion, against Bernie!",5756,19937,,
757546442240167936,2016-07-25 07:02:01,Hillary was involved in the e-mail scandal because she is the only one with judgement so bad that such a thing could have happened!,6235,21914,,
757552713873891328,2016-07-25 07:26:56,Thank you! # MakeAmericaGreatAgainpic.twitter.com/Pzs9uwgzam,14012,41985,#MakeAmericaGreatAgainpic,
757552876348645377,2016-07-25 07:27:35,"If Bernie Sanders, after seeing the just released e-mails, continues to look exhausted and done, then his legacy will never be the same.",4339,16458,,
757565892146454532,2016-07-25 08:19:18,"Crooked Hillary Clinton knew everything that her ""servant"" was doing at the DNC - they just got caught, that's all! They laughed at Bernie.",7458,22817,,
757571837463240704,2016-07-25 08:42:55,"Here we go again with another Clinton scandal, and e-mails yet (can you believe). Crooked Hillary knew the fix was in, B never had a chance!",7707,25008,,
757573051215147008,2016-07-25 08:47:45,"Wow, the Republican Convention went so smoothly compared to the Dems total mess. But fear not, the dishonest media will find a good spinnnn!",9595,34365,,
757576490213146624,2016-07-25 09:01:25,The State of Florida is so embarrassed by the antics of Crooked Hillary Clinton and Debbie Wasserman Schultz that they will vote for CHANGE!,6608,24427,,
757577508346888192,2016-07-25 09:05:27,"Great POLL numbers are coming out all over. People don't want another four years of Obama, and Crooked Hillary would be even worse. # MAGA",8461,29693,#MAGA,
757618048664829952,2016-07-25 11:46:33,# MakeAmericaGreatAgain https://www.facebook.com/DonaldTrump/posts/10157368945620725:0 …pic.twitter.com/3ji7a14GSw,10674,27571,,
757650904896139264,2016-07-25 13:57:06,MAKE AMERICA SAFE AND GREAT AGAIN! # TrumpPence16 https://www.facebook.com/DonaldTrump/posts/10157369699375725:0 …pic.twitter.com/cptBaZbV1v,8700,25666,#TrumpPence16,
757687988189065216,2016-07-25 16:24:28,"Thank you Roanoke, Virginia- be back soon! # TrumpPence16 https://www.facebook.com/DonaldTrump/posts/10157370422355725:0 …pic.twitter.com/HwqI2iGPDu",3587,13336,#TrumpPence16,
757688331597668353,2016-07-25 16:25:50,Thank you OHIO! # TrumpPence16 https://www.facebook.com/DonaldTrump/posts/10157370239030725:0 …pic.twitter.com/WPMBkYjuIm,6643,22466,#TrumpPence16,
757690132111777792,2016-07-25 16:32:59,"Clinton betrayed Bernie voters. Kaine supports TPP, is in pocket of Wall Street, and backed Iraq War.",7012,20018,,
757690343181737984,2016-07-25 16:33:49,"While Bernie has totally given up on his fight for the people, we welcome all voters who want a better future for our workers.",11849,36963,,
757693383481626624,2016-07-25 16:45:54,"Hard to believe that Bernie Sanders has done such a complete fold. He got NOTHING for all of the time, energy and money. The V.P. a joke!",7193,24912,,
757696233427312640,2016-07-25 16:57:14,I was at @ FoxNews and met Juan Williams in passing. He asked if he could have pictures taken with me. I said fine. He then trashes on air!,6832,21864,,@FoxNews
757760973419712512,2016-07-25 21:14:29,"If Cory Booker is the future of the Democratic Party, they have no future! I know more about Cory than he knows about himself.",14932,40525,,
757773671545044992,2016-07-25 22:04:56,Sad to watch Bernie Sanders abandon his revolution. We welcome all voters who want to fix our rigged system and bring back our jobs.,18860,56256,,
757775689525309440,2016-07-25 22:12:57,"Elizabeth Warren, often referred to as Pocahontas, just misrepresented me and spoke glowingly about Crooked Hillary, who she always hated!",9540,35271,,
757777369272815617,2016-07-25 22:19:38,"Bernie Sanders totally sold out to Crooked Hillary Clinton. All of that work, energy and money, and nothing to show for it! Waste of time.",18179,54914,,
757916962269704192,2016-07-26 07:34:19,"Funny, if you listen to @ FoxNews, the Democrats did not have a good day. If you listen to the other two, they are fawning. What a difference",6479,24592,,@FoxNews
757918002339778560,2016-07-26 07:38:27,"Why aren't the Democrats speaking about ISIS, bad trade deals, broken borders, police and law and order. The Republican Convention was great",16420,54554,,
757919034755076096,2016-07-26 07:42:33,Pocahontas bombed last night! Sad to watch.,6700,25921,,
757994830110658560,2016-07-26 12:43:45,"Join us tomorrow in Scranton, Pennsylvania at 3pm! # TrumpPence16 # MAGA Tickets: http://bit.ly/2aetcdrTrumpPencePA …pic.twitter.com/7zMKhhMmhp",3714,12202,"#TrumpPence16,#MAGA",
757997327269306369,2016-07-26 12:53:40,"Join us in Toledo, Ohio- tomorrow night at 8pm! # TrumpPence16 # MAGA Tickets: http://bit.ly/2aetvp7TrumpPenceOH …pic.twitter.com/zmGZauCnQF",3644,11943,"#TrumpPence16,#MAGA",
758004154417553409,2016-07-26 13:20:48,Thank you New Hampshire! # MakeAmericaGreatAgainpic.twitter.com/KRCdV77BQp,5195,17215,#MakeAmericaGreatAgainpic,
758020997383684096,2016-07-26 14:27:43,The invention of email has proven to be a very bad thing for Crooked Hillary in that it has proven her to be both incompetent and a liar!,10150,31332,,
758021060503756804,2016-07-26 14:27:58,"Bernie's exhausted, he just wants to shut down and go home to bed!",5641,20944,,
758026136299397120,2016-07-26 14:48:08,Dems don't want to talk ISIS b/c Hillary's foreign interventions unleashed ISIS & her refugee plans make it easier for them to come here.,11217,30103,,
758071264128806912,2016-07-26 17:47:28,"In order to try and deflect the horror and stupidity of the Wikileakes disaster, the Dems said maybe it is Russia dealing with Trump. Crazy!",8427,27956,,
758071952498159616,2016-07-26 17:50:12,"For the record, I have ZERO investments in Russia.",10007,31112,,
758117640200187905,2016-07-26 20:51:45,"You have no idea what my strategy on ISIS is, and neither does ISIS (a good thing). Please get your facts straight - thanks. @ megynkelly",10883,35850,,@megynkelly
758120321845235712,2016-07-26 21:02:24,"No matter what Bill Clinton says and no matter how well he says it, the phony media will exclaim it to be incredible. Highly overrated!",8832,33772,,
758121939365982208,2016-07-26 21:08:50,"I hate to say it, but the Republican Convention was far more interesting (with a much more beautiful set) than the Democratic Convention!",8336,39040,,
758122684798607360,2016-07-26 21:11:47,Many of Bernie's supporters have left the arena. Did Bernie go home and go to sleep?,6681,25677,,
758135085820416000,2016-07-26 22:01:04,"Just like I have warned from the beginning, Crooked Hillary Clinton will betray you on the TPP.http://www.politico.com/story/2016/07/terry-mcauliffe-hillary-clinton-tpp-trade-226253 …",7983,18082,,
758233935230959617,2016-07-27 04:33:52,"As I have been saying, Crooked Hillary will approve the job killing TPP after the election, despite her statements to the contrary: top adv.",5565,18326,,
758236300554174465,2016-07-27 04:43:16,"Funny how the failing @ nytimes is pushing Dems narrative that Russia is working for me because Putin said ""Trump is a genius."" America 1st!",5970,21277,,@nytimes
758238226180083712,2016-07-27 04:50:55,The Democratic Convention has paid ZERO respect to the great police and law enforcement professionals of our country. No recognition - SAD!,12393,38294,,
758240929564258305,2016-07-27 05:01:39,Hopefully the violent and vicious killing by ISIS of a beloved French priest is causing people to start thinking rationally. Get tough!,10503,33359,,
758242674646323200,2016-07-27 05:08:35,Crooked Hillary Clinton wants to flood our country with Syrian immigrants that we know little or nothing about. The danger is massive. NO!,13258,45105,,
758285141982711808,2016-07-27 07:57:20,"Our not very bright Vice President, Joe Biden, just stated that I wanted to ""carpet bomb"" the enemy. Sorry Joe, that was Ted Cruz!",9376,31068,,
758286077400580096,2016-07-27 08:01:03,Not one American flag on the massive stage at the Democratic National Convention until people started complaining-then a small one. Pathetic,24380,70921,,
758331893809090560,2016-07-27 11:03:07,"Join our next Vice President, @ Mike_Pence in Wisconsin tonight & Michigan Thursday! MI: https://www.donaldjtrump.com/schedule/register/waukesha-wi/ … WI: https://www.donaldjtrump.com/schedule/register/grand-rapids-mi1/ …",3374,11093,,@Mike
758335147183788032,2016-07-27 11:16:02,"If Russia or any other country or person has Hillary Clinton's 33,000 illegally deleted emails, perhaps they should share them with the FBI!",20338,53104,,
758350470402408449,2016-07-27 12:16:56,Great new poll - thank you! # MakeAmericaGreatAgainpic.twitter.com/mXovx0TLPC,11425,31606,#MakeAmericaGreatAgainpic,
758367154232320000,2016-07-27 13:23:14,"""Trump right: Illegal families crossing border set to double, 51,152 so far""http://bit.ly/2aeaiwaTrumpPence16 …",5562,11685,,
758380358874247168,2016-07-27 14:15:42,Thank you to our amazing law enforcement officers! # MAGApic.twitter.com/UEZorOQhTw,13592,39051,#MAGApic,
758421383063961604,2016-07-27 16:58:43,Thank you Pennsylvania! # MakeAmericaGreatAgain https://www.facebook.com/DonaldTrump/posts/10157382674030725:0 …pic.twitter.com/bbroAGTdMw,4555,15718,#MakeAmericaGreatAgain,
758422125254471680,2016-07-27 17:01:40,# CrookedHillarypic.twitter.com/lwi9gqDEHE,15805,30094,,
758452289376022529,2016-07-27 19:01:31,"Join me live in Toledo, Ohio! # MakeAmericaGreatAgainhttp://youtu.be/vcb_VzvM3Vw",3220,11903,#MakeAmericaGreatAgainhttp,
758491947409481728,2016-07-27 21:39:07,Shooting deaths of police officers up 78% this year. We must restore law and order and protect our great law enforcement officers!,16759,53452,,
758492727583576064,2016-07-27 21:42:13,"Our country does not feel 'great already' to the millions of wonderful people living in poverty, violence and despair.",13690,41706,,
758511494669664256,2016-07-27 22:56:47,""" @ DavidWohl: Barack is offended that @ realDonaldTrump will demand that # NATO allies pay their fair share. # DemsInPhilly""",6670,20824,"#NATO,#DemsInPhilly","@DavidWohl,@realDonaldTrump"
758512401629192192,2016-07-27 23:00:23,""" @ trumplican2016: @ realDonaldTrump @ DavidWohl stay the course mr trump your message is resonating with the PEOPLE""",5559,20515,,"@trumplican2016,@realDonaldTrump,@DavidWohl"
758680707979943937,2016-07-28 10:09:11,President Obama spoke last night about a world that doesn’t exist. 70% of the people think our country is going in the wrong direction. # DNC,13364,41022,#DNC,
758731880183193601,2016-07-28 13:32:31,""" @ LallyRay: Poll: Donald Trump Sees 17-Point Positive Swing in Two Weeks - Breitbart http://www.breitbart.com/2016-presidential-race/2016/07/28/poll-trump-gains-17-point-swing-two-weeks-clinton/ … @ realdonaldtrump"" Great!",5282,14327,,"@LallyRay,@realdonaldtrump"
758732782348623874,2016-07-28 13:36:06,Bernie caved! https://www.instagram.com/p/BIalBvcjIQQ/,3770,11990,,
758761521317023744,2016-07-28 15:30:18,AMERICA'S FUTURE https://www.facebook.com/DonaldTrump/posts/10157388173350725 …,3024,9163,,
758761945910669312,2016-07-28 15:31:59,"A vote for Clinton-Kaine is a vote for TPP, NAFTA, high taxes, radical regulation, and massive influx of refugees.",13723,32348,,
758768028595032064,2016-07-28 15:56:09,Median household income is down for the middle class since Obama took office. It will only go further down under Clinton.,8732,25304,,
758771144140820481,2016-07-28 16:08:32,Great to be back in Iowa! # TBT with @ JerryJrFalwell joining me in Davenport- this past winter. # MAGApic.twitter.com/A5IF0QHnic,3604,14368,"#TBT,#MAGApic",@JerryJrFalwell
758778607489708032,2016-07-28 16:38:12,"""Dems warn not to underestimate Trump's potential win""http://nypost.com/2016/07/25/dems-warn-not-to-underestimate-trumps-potential-to-win/ …",5305,16104,,
758802697763958784,2016-07-28 18:13:55,# CrookedHillarypic.twitter.com/JeXFnO6e3s,25025,46548,,
758851150175055874,2016-07-28 21:26:27,"Departing now - thank you Cedar Rapids, Iowa. This is a MOVEMENT!pic.twitter.com/ezrqVqPtta",6707,23713,,
758871653547806724,2016-07-28 22:47:56,"Hillary's refusal to mention Radical Islam, as she pushes a 550% increase in refugees, is more proof that she is unfit to lead the country.",16409,43427,,
758872422028148740,2016-07-28 22:50:59,Our way of life is under threat by Radical Islam and Hillary Clinton cannot even bring herself to say the words.,12250,36041,,
758872873234681860,2016-07-28 22:52:46,Hillary will never reform Wall Street. She is owned by Wall Street!,13475,36332,,
758873275044798464,2016-07-28 22:54:22,"Hillary's vision is a borderless world where working people have no power, no jobs, no safety.",13745,36327,,
758873961425805312,2016-07-28 22:57:06,"Hillary's wars in the Middle East have unleashed destruction, terrorism and ISIS across the world.",10842,30659,,
758874457142284288,2016-07-28 22:59:04,No one has worse judgement than Hillary Clinton - corruption and devastation follows her wherever she goes.,14521,41560,,
759005597899436032,2016-07-29 07:40:10,The media coverage this morning of the very average Clinton speech and Convention is a joke. @ CNN and the little watched @ Morning_Joe = SAD!,4904,17279,,"@CNN,@Morning"
759008377577967616,2016-07-29 07:51:13,"Crooked Hillary Clinton made up facts about me, and ""forgot"" to mention the many problems of our country, in her very average scream!",7348,26565,,
759013889761697794,2016-07-29 08:13:07,"Two policemen just shot in San Diego, one dead. It is only getting worse. People want LAW AND ORDER!",7791,23338,,
759013928315686917,2016-07-29 08:13:16,CAMPAIGN STATEMENT: https://www.facebook.com/DonaldTrump/posts/10157391345450725 …,3142,8759,,
759014707277598720,2016-07-29 08:16:22,""" @ AnnCoulter: ""I believe in science"" Dem code for ""we're shutting down coal mines, steel plants and any other remaining manufacturing""""",6888,19331,,@AnnCoulter
759017481633542145,2016-07-29 08:27:24,Join @ mike_pence at the University of Northwestern Ohio- tonight at 7pm. Tickets: https://www.donaldjtrump.com/schedule/register/lima-oh/ …,2592,8873,,@mike
759021886055387136,2016-07-29 08:44:54,Crooked Hillary Clinton mentioned me 22 times in her very long and very boring speech. Many of her statements were lies and fabrications!,7920,28654,,
759024055123009536,2016-07-29 08:53:31,"General John Allen, who I never met but spoke against me last night, failed badly in his fight against ISIS. His record = BAD # NeverHillary",5528,18003,#NeverHillary,
759025610249216000,2016-07-29 08:59:42,"""Little"" Michael Bloomberg, who never had the guts to run for president, knows nothing about me. His last term as Mayor was a disaster!",7274,24067,,
759027356434518016,2016-07-29 09:06:38,"If Michael Bloomberg ran again for Mayor of New York, he wouldn't get 10% of the vote - they would run him out of town! # NeverHillary",5026,18166,#NeverHillary,
759029315006705664,2016-07-29 09:14:25,"Crooked Hillary said that I ""couldn't handle the rough and tumble of a political campaign."" Really,I just beat 16 people and am beating her!",13868,45392,,
759064533814038528,2016-07-29 11:34:22,Thank you! Facebook: https://www.facebook.com/DonaldTrump/posts/10157391232965725:0 … Instagram: https://instagram.com/p/BIc8Oz2DCCo/ pic.twitter.com/Pw7GS8R9Gg,5345,18806,,
759070106546638849,2016-07-29 11:56:30,The dishonest media didn't mention that Bernie Sanders was very angry looking during Crooked's speech. He wishes he didn't make that deal!,6722,24757,,
759070976181084160,2016-07-29 11:59:58,In Hillary Clinton's America - things get worse. # TrumpPence16pic.twitter.com/WdHbnhhCbW,10408,21907,#TrumpPence16pic,
759071976182861824,2016-07-29 12:03:56,"Wow, my campaign is hearing from more and more Bernie supporters that they will NEVER support Crooked Hillary. She sold them out, V.P. pick!",8470,29838,,
759082026687352834,2016-07-29 12:43:52,"I am watching Crooked Hillary speak. Same old stuff, our country needs change!",5536,20815,,
759084522705068032,2016-07-29 12:53:47,What Bernie Sanders really thinks of Crooked Hillary Clinton.pic.twitter.com/VgMaAsZBep,17526,34822,,
759088844683608064,2016-07-29 13:10:58,Join me in Colorado Springs at 2pm- or in Denver tonight at 7pm! Colorado Springs: https://www.donaldjtrump.com/schedule/register/colorado-springs-co/ … Denver: https://www.donaldjtrump.com/schedule/register/denver-co1/ …,2512,8645,,
759093740497764353,2016-07-29 13:30:25,"Even Bill is tired of the lies, SAD! https://www.instagram.com/p/BIdHmRbjEp0/",6367,18874,,
759117301517996032,2016-07-29 15:04:03,"""Only a Reagan or a Trump-like figure in the White House will achieve this goal.""http://www.cnbc.com/2016/07/29/we-need-a-tough-negotiator-like-trump-to-fix-us-trade-policy-commentary.html …",7307,18392,,
759152897602916352,2016-07-29 17:25:29,Thank you Colorado Springs. Get out & VOTE # TrumpPence16 in November!pic.twitter.com/wK02fWzJey,6366,19832,#TrumpPence16,
759185456818860032,2016-07-29 19:34:52,Thank you to the amazing law enforcement officers in Colorado! # MakeAmericaGreatAgain # LESMpic.twitter.com/glxTQYAQiN,8244,25966,"#MakeAmericaGreatAgain,#LESMpic",
759191265988653056,2016-07-29 19:57:57,Hillary Clinton should not be given national security briefings in that she is a lose cannon with extraordinarily bad judgement & insticts.,10167,32722,,
759192213234393088,2016-07-29 20:01:43,# CrookedHillary Job Applicationpic.twitter.com/CKXkAlGSiV,14163,29679,,
759222916387069952,2016-07-29 22:03:43,"As usual, Hillary & the Dems are trying to rig the debates so 2 are up against major NFL games. Same as last time w/ Bernie. Unacceptable!",13034,33503,,
759227755494072320,2016-07-29 22:22:57,"Thank you Denver, Colorado! # MakeAmericaGreatAgain!pic.twitter.com/1KHrLdkOyW",4393,15203,#MakeAmericaGreatAgain,
759282300135809024,2016-07-30 01:59:41,""" @ patrioticpepe: @ realDonaldTrump ONLY TRUMP CAN UNITE AMERICA AND FIX OBAMA'S MISTAKES!!! # Trump2016 https://twitter.com/patrioticpepe/status/759021890107166721/photo/1pic.twitter.com/yB72Bm2muM """,10524,29486,#Trump2016,"@patrioticpepe,@realDonaldTrump"
759371377002553344,2016-07-30 07:53:39,"Colorado was amazing yesterday! So much support. Our tax, trade and energy reforms will bring great jobs to Colorado and the whole country.",4132,16566,,
759371648764108801,2016-07-30 07:54:44,"Hillary can never win over Bernie supporters. Her foreign wars, NAFTA/TPP support & Wall Street ties are driving away millions of votes.",6730,20804,,
759372422692954112,2016-07-30 07:57:48,We are suffering through the worst long-term unemployment in the last 70 years. I want change - Crooked Hillary Clinton does not.,7716,23498,,
759381869267980288,2016-07-30 08:35:20,American homeownership rate in Q2 2016 was 62.9% - lowest rate in 51yrs. WE will bring back the 'American Dream!'pic.twitter.com/yI4Q8FHRjp,9164,24376,,
759389559385952257,2016-07-30 09:05:54,"Join me Monday in Columbus, Ohio & Harrisburg, Pennsylvania! # MAGA 3pm in OH: https://www.donaldjtrump.com/schedule/register/columbus-oh1/ … 7pm in PA: https://www.donaldjtrump.com/schedule/register/harrisburg-pa1/ …",3181,9536,#MAGA,
759393092554424320,2016-07-30 09:19:56,While I am in OH & PA - you can also join @ Mike_Pence in Nevada on Mon! Carson City: https://www.donaldjtrump.com/schedule/register/carson-city-nv/ … Reno: https://www.donaldjtrump.com/schedule/register/reno-nv1/ …,3336,10653,,@Mike
759425642723246084,2016-07-30 11:29:17,Just got back from Colorado. The love and enthusiasm at two rallies was incredible. Big crowds!,4426,19465,,
759450053379579905,2016-07-30 13:06:17,"Violent crime is rising across the United States, yet the DNC convention ignored it. Crime reduction will be one of my top priorities.",7607,24663,,
759450265208651776,2016-07-30 13:07:07,"Crooked Hillary Clinton is soft on crime, supports open borders, and wants massive tax hikes. A formula for disaster!",7889,23740,,
759457253925785604,2016-07-30 13:34:54,# CrookedHillarypic.twitter.com/xyoPFJmByp,9290,18912,,
759477522232901632,2016-07-30 14:55:26,"Why doesn't the media want to report that on the two ""Big Thursdays"" when Crooked Hillary and I made our speeches - Republican's won ratings",6849,23339,,
759479059046883328,2016-07-30 15:01:32,"I turned down a meeting with Charles and David Koch. Much better for them to meet with the puppets of politics, they will do much better!",9869,28711,,
759506712516784128,2016-07-30 16:51:25,Word is that Crooked Hillary has very small and unenthusiastic crowds in Pennsylvania. Perhaps it is because her husband signed NAFTA?,7002,22953,,
759507812963737600,2016-07-30 16:55:48,"# CrookedHillary = Obama's third term, which would be terrible news for our economic growth - seen below.pic.twitter.com/y9WJoUaaql",8643,21478,,
759509936002957314,2016-07-30 17:04:14,"Crooked's stop in Johnstown, Pennsylvania, where jobs have been absolutely decimated by dumb politicians, drew less than 200 - with Bill, VP",8471,25230,,
759512042906587137,2016-07-30 17:12:36,"The ""Rust Belt"" was created by politicians like the Clintons who allowed our jobs to be stolen from us by other countries like Mexico. END!",7347,22645,,
759513644258525184,2016-07-30 17:18:58,"Wow, NATO's top commander just announced that he agrees with me that alliance members must PAY THEIR BILLS. This is a general I will like!",9690,30761,,
759515080010719232,2016-07-30 17:24:40,NATO commander agrees members should pay up via @ dcexaminer:http://www.washingtonexaminer.com/nato-commander-agrees-members-should-pay-up/article/2598183?custom_click=rss …,6292,15440,,@dcexaminer
759516008272932864,2016-07-30 17:28:22,Can you imagine if I had the small crowds that Hillary is drawing today in Pennsylvania. It would be a major media event! @ CNN @ FoxNews,8467,26984,,"@CNN,@FoxNews"
759524001613918208,2016-07-30 18:00:07,Thank you to all of the television viewers that made my speech at the Republican National Convention #1 over Crooked Hillary and DEMS.,9096,37899,#1,
759592590106849280,2016-07-30 22:32:40,Nielson Media Research final numbers on ACCEPTANCE SPEECH: TRUMP 32.2 MILLION. CLINTON 27.8 MILLION. Thank you!,10212,35010,,
759734698415312897,2016-07-31 07:57:21,"Captain Khan, killed 12 years ago, was a hero, but this is about RADICAL ISLAMIC TERROR and the weakness of our ""leaders"" to eradicate it!",12711,37190,,
759743648573435905,2016-07-31 08:32:55,"I was viciously attacked by Mr. Khan at the Democratic Convention. Am I not allowed to respond? Hillary voted for the Iraq war, not me!",15502,47414,,
759843323909668865,2016-07-31 15:09:00,"The dishonest media is fawning over the Democratic Convention. I wonder why, then, my speech had millions of more viewers than Crooked H?",8302,31721,,
759848885900763141,2016-07-31 15:31:06,""" @ RealJamesWoods: Without absolutely OWNING the liberal media, HillaryClinton wouldn't stand a chance. # VoterFraud and # MSM her only hope.""",11473,29511,"#VoterFraud,#MSM",@RealJamesWoods
759915863600304128,2016-07-31 19:57:15,"Wow, it is unbelievable how distorted, one-sided and biased the media is against us. The failing @ nytimes is a joke. @ CNN is laughable!",11937,37873,,"@nytimes,@CNN"
760070280932982784,2016-08-01 06:10:51,"Mr. Khan, who does not know me, viciously attacked me from the stage of the DNC and is now all over T.V. doing the same - Nice!",7317,23376,,
760074526059270144,2016-08-01 06:27:43,"This story is not about Mr. Khan, who is all over the place doing interviews, but rather RADICAL ISLAMIC TERRORISM and the U.S. Get smart!",10197,29178,,
760095370185674752,2016-08-01 07:50:32,"When I said in an interview that Putin is ""not going into Ukraine, you can mark it down,"" I am saying if I am President. Already in Crimea!",5004,15895,,
760098514319835136,2016-08-01 08:03:02,"So with all of the Obama tough talk on Russia and the Ukraine, they have already taken Crimea and continue to push. That's what I said!",5517,17635,,
760125021280960512,2016-08-01 09:48:22,# CrookedHillaryhttp://www.dailymail.co.uk/news/article-3718137/Hillary-Clinton-slapped-dreaded-Four-Pinocchios-rating-false-claim-FBI-director-said-told-truth-classified-emails.html …,7186,16171,,
760126146830794753,2016-08-01 09:52:50,"Join Governor Mike Pence in Reno, Nevada- tonight at 7pm! Tickets available at: https://www.donaldjtrump.com/schedule/register/reno-nv1/ …",3101,10124,,
760184028293173248,2016-08-01 13:42:50,CNN will soon be the least trusted name in news if they continue to be the press shop for Hillary Clinton.,7957,23556,,
760184176591208448,2016-08-01 13:43:25,"CNN anchors are completely out of touch with everyday people worried about rising crime, failing schools and vanishing jobs.",6548,21373,,
760184336603811842,2016-08-01 13:44:04,When will we see stories from CNN on Clinton Foundation corruption and Hillary's pay-for-play at State Department?,10633,26180,,
760184664468418560,2016-08-01 13:45:22,Will CNN send its cameras to the border to show the massive unreported crisis now unfolding -- or are they worried it will hurt Hillary?,9389,27380,,
760185067054465024,2016-08-01 13:46:58,"The people who support Hillary sit behind CNN anchor chairs, or headline fundraisers - those disconnected from real life.",6419,19119,,
760185303483187201,2016-08-01 13:47:54,People believe CNN these days almost as little as they believe Hillary....that's really saying something!,7657,24618,,
760213628926779392,2016-08-01 15:40:27,Thank you Oklahoma & Virginia! # MakeAmericaGreatAgain # ImWithYoupic.twitter.com/WUdY7feRvV,7579,21881,"#MakeAmericaGreatAgain,#ImWithYoupic",
760214225830772737,2016-08-01 15:42:50,"Thank you Columbus, Ohio! I will be back soon. # ImWithYou # MAGApic.twitter.com/vMf1EPJp4r",4029,14815,"#ImWithYou,#MAGApic",
760229355784138752,2016-08-01 16:42:57,Crooked Hillary Clinton is 100% owned by her donors. # ImWithYou # MAGApic.twitter.com/iYM3CCWS2z,13679,30462,"#ImWithYou,#MAGApic",
760245342231158785,2016-08-01 17:46:28,"Hillary, whose decisions have led to the deaths of many, accepted $ from a business linked to ISIS. Silence at CNN.http://www.thegatewaypundit.com/2016/08/wikileaks-hillary/ …",10862,20008,,
760246732152311808,2016-08-01 17:52:00,Hillary Clinton raked in money from regimes that horribly oppress women and gays & refuses to speak out against Radical Islam.,9109,22502,,
760246898095775744,2016-08-01 17:52:39,When will CNN do a segment on Hillary’s plan to increase Syrian refugees 550% and how much it will cost?,9952,23847,,
760247348673077248,2016-08-01 17:54:27,"During the GOP convention, CNN cut away from the victims of illegal immigrant violence. They don’t want them heard.http://www.breitbart.com/big-journalism/2016/07/19/republican-national-convention-cnn-victims-illegal-aliens/ …",8979,17325,,
760249495754006528,2016-08-01 18:02:59,Join me in Florida on Wednesday! Daytona & Jacksonville: Daytona | 3pm- https://www.donaldjtrump.com/schedule/register/daytona-beach-fl/ … Jacksonville | 7pm- https://www.donaldjtrump.com/schedule/register/jacksonville-fl/ …,3261,9729,,
760255085561597952,2016-08-01 18:25:11,"Thanks to @ pnehlen for your kind words, very much appreciated.",5010,15053,,@pnehlen
760287440435187712,2016-08-01 20:33:45,Vast numbers of manufacturing jobs in Pennsylvania have moved to Mexico and other countries. That will end when I win!,7025,22836,,
760293742381244416,2016-08-01 20:58:48,"Just leaving Mechanicsburg, PA. Incredible crowd-- so enthusiastic! Will be back soon. # MAGApic.twitter.com/RbuXfDZ5w9",5964,21084,#MAGApic,
760299757206208512,2016-08-01 21:22:42,Great afternoon in Ohio & a great evening in Pennsylvania - departing now. See you tomorrow Virginia!pic.twitter.com/jQTQYBFpdb,13001,53238,,
760420894271471620,2016-08-02 05:24:03,The Washington Post calls out # CrookedHillary for what she REALLY is. A PATHOLOGICAL LIAR! Watch that nose grow!pic.twitter.com/FsrUGByuuD,22188,42470,#CrookedHillary,
760519847461658624,2016-08-02 11:57:16,Thank you Virginia! # ImWithYoupic.twitter.com/9inCh1BVwM,4192,14789,#ImWithYoupic,
760532443061420033,2016-08-02 12:47:19,STATEMENT IN RESPONSE TO PRESIDENT OBAMA'S FAILED LEADERSHIP: http://bit.ly/2aNb6apDJTStatement …,6236,13813,,
760535661699035136,2016-08-02 13:00:06,Join me in Florida tomorrow! # MakeAmericaGreatAgain Daytona | 3pm- http://bit.ly/2apZfbvDAYTONA Jacksonville | 7pm- http://bit.ly/2aq0jQ3JACKSONVILLE …,2905,8519,#MakeAmericaGreatAgain,
760538951581130754,2016-08-02 13:13:10,# CrookedHillarypic.twitter.com/xe0I0EmxMa,11129,22692,,
760542646888652804,2016-08-02 13:27:51,"# ICYMI: John Podesta’s Brother Pocketed $180,000 from Putin’s Uranium Company: https://www.facebook.com/DonaldTrump/posts/10157422221965725 …pic.twitter.com/I5fF3didZs",7211,12386,,
760552601356267520,2016-08-02 14:07:25,President Obama will go down as perhaps the worst president in the history of the United States!,30338,78397,,
760560366447370241,2016-08-02 14:38:16,Report raises questions about ‘Clinton Cash’ from Russians during ‘reset'http://nypost.com/2016/07/31/report-raises-questions-about-clinton-cash-from-russians-during-reset/ …,9175,17462,,
760594155835887616,2016-08-02 16:52:32,My daughter @ IvankaTrump will be on @ Greta tonight at 7pm. Enjoy!pic.twitter.com/QySC5PLFMy,5097,23224,,"@IvankaTrump,@Greta"
760669268539301889,2016-08-02 21:51:00,Great day in Virginia. Crowd was fantastic!,4572,20941,,
760765818917515264,2016-08-03 04:14:40,"There is great unity in my campaign, perhaps greater than ever before. I want to thank everyone for your tremendous support. Beat Crooked H!",11226,41196,,
760783130978648064,2016-08-03 05:23:27,"Our incompetent Secretary of State, Hillary Clinton, was the one who started talks to give 400 million dollars, in cash, to Iran. Scandal!",16715,40427,,
760957697579708416,2016-08-03 16:57:07,"THANK YOU Daytona Beach, Florida! # MakeAmericaGreatAgainpic.twitter.com/IAcLfXe463",6277,19910,#MakeAmericaGreatAgainpic,
760960985524043777,2016-08-03 17:10:11,"Thank you to the amazing law enforcement officers today- in Daytona Beach, Florida! # LESM # MAGApic.twitter.com/QoxJf4Xzbc",8631,29806,"#LESM,#MAGApic",
760976212068106240,2016-08-03 18:10:41,Thank you for your support of my candidacy! # MAGA # ImWithYou http://bit.ly/2aRqNxjThankYou,4755,17153,"#MAGA,#ImWithYou",
761025834350018561,2016-08-03 21:27:52,"Thank you Jacksonville, Florida! # MakeAmericaGreatAgain https://www.facebook.com/DonaldTrump/posts/10157433142040725:0 …pic.twitter.com/VSnBoQYoZs",6268,19897,#MakeAmericaGreatAgain,
761219396635361280,2016-08-04 10:17:01,"Looking forward to IA & WI with Gov. Pence, tomorrow. Join us! # MAGA http://bit.ly/2aLiY9zDesMoines … http://bit.ly/2axymdaGreenBay pic.twitter.com/0Ei3EdQdXB",4847,15701,#MAGA,
761279538106097664,2016-08-04 14:16:00,"Great meeting all of you. This group knocked on 50K doors & counting here in Maine, thank you! @ MaineGOPhttps://twitter.com/garrettmason/status/761277330543239168 …",4942,16410,,@MaineGOPhttps
761281473492189184,2016-08-04 14:23:41,Happy 226th Birthday to the United States Coast Guard. Thank you @ USCG! # CoastGuardDaypic.twitter.com/hr4O8Xgq2R,8842,29481,#CoastGuardDaypic,@USCG
761331433810132992,2016-08-04 17:42:13,"Thank you Portland, Maine! # MakeAmericaGreatAgain https://instagram.com/p/BIs_qmQjnRA/ pic.twitter.com/RhblAXkNPw",4547,15307,#MakeAmericaGreatAgain,
761385317169496064,2016-08-04 21:16:20,"See you tomorrow w/ Gov. @ Mike_Pence, Iowa & Wisconsin! 3pm- http://bit.ly/2aLiY9zDesMoines … 7pm- http://bit.ly/2axymdaGreenBay pic.twitter.com/UODSMp0oTo",3560,11581,,@Mike
761385812390977536,2016-08-04 21:18:18,President Obama should ask the DNC about how they rigged the election against Bernie.,10407,29923,,
761386025323225088,2016-08-04 21:19:08,"Obama's disastrous judgment gave us ISIS, rise of Iran, and the worst economic numbers since the Great Depression!",10951,31300,,
761386080272875520,2016-08-04 21:19:22,President Obama refuses to answer question about Iran terror funding. I won't dodge questions as your President. http://ntknetwork.com/obama-spends-7-minutes-dodging-on-whether-iran-will-use-400-million-to-fund-terrorism/ …,10825,27984,,
761511930238496772,2016-08-05 05:39:27,"The plane I saw on television was the hostage plane in Geneva, Switzerland, not the plane carrying $400 million in cash going to Iran!",7296,22970,,
761549461893984256,2016-08-05 08:08:35,Hillary Clinton has bad judgment and is unfit to serve as President. http://bit.ly/2aDkmmiDJTFB,7553,22052,,
761653875413618689,2016-08-05 15:03:29,# MakeAmericaSafeAgainpic.twitter.com/5yuLKyh8Q6,12198,24200,,
761693803120041986,2016-08-05 17:42:08,"Thank you Des Moines, Iowa! Governor @ Mike_Pence and I appreciate your support! # MAGA # TrumpTrainpic.twitter.com/gr6tGqqmcm",4929,16832,"#MAGA,#TrumpTrainpic",@Mike
761711856457125888,2016-08-05 18:53:53,DON'T LET HILLARY CLINTON DO IT AGAIN! # TrumpPence16https://amp.twimg.com/v/42d9c3c3-e924-4a5b-b8a9-540ec3d21654 …,15061,27249,#TrumpPence16https,
761754898602061824,2016-08-05 21:44:55,"Thank you Green Bay, Wisconsin! Governor @ Mike_Pence and I will be back soon. # TrumpPence16 # MAGApic.twitter.com/qsYbyrm3UR",4707,16810,"#TrumpPence16,#MAGApic",@Mike
761757988516401153,2016-08-05 21:57:11,'Trump is right about violent crime: It’s on the rise in major cities'https://www.washingtonpost.com/opinions/trump-is-right-about-violent-crime-its-on-the-rise-in-major-cities/2016/08/05/3cf6b55e-5b11-11e6-9aee-8075993d73a2_story.html …,6958,16689,,
761773576101953536,2016-08-05 22:59:08,Good luck # TeamUSA # OpeningCeremony # Rio2016pic.twitter.com/mS8qsQpJPh,8674,29613,"#TeamUSA,#OpeningCeremony,#Rio2016pic",
761892829434183684,2016-08-06 06:53:00,Hillary Clinton is being badly criticized for her poor performance in answering questions. Let us all see what happens!,7877,28293,,
761931010548305920,2016-08-06 09:24:43,"Crooked Hillary said loudly, and for the world to see, that she ""SHORT CIRCUITED"" when answering a question on her e-mails. Very dangerous!",11426,32856,,
761936929902452740,2016-08-06 09:48:14,"Anybody whose mind ""SHORT CIRCUITS"" is not fit to be our president! Look up the word ""BRAINWASHED.""",11252,30540,,
761988164382756864,2016-08-06 13:11:50,"Heading to New Hampshire - will be talking about Hillary saying her brain SHORT CIRCUITED, and other things!",7321,24353,,
762016426102296576,2016-08-06 15:04:08,# CrookedHillary is not fit to be our next president! # TrumpPence16https://www.facebook.com/DonaldTrump/videos/10157449657485725/ …,6827,20822,#TrumpPence16https,
762104411707568128,2016-08-06 20:53:45,"I am not just running against Crooked Hillary Clinton, I am running against the very dishonest and totally biased media - but I will win!",23289,73565,,
762106904436961280,2016-08-06 21:03:39,. @ Larry_Kudlow - 'Donald Trump Is the middle-class growth candidate'http://www.cnbc.com/2016/08/06/kudlow-donald-trump-is-the-middle-class-growth-candidate.html …,7235,17424,,@Larry
762110918721310721,2016-08-06 21:19:37,"Thank you Windham, New Hampshire! # TrumpPence16 # MAGApic.twitter.com/ZL4Q01Q49s",5150,17182,"#TrumpPence16,#MAGApic",
762284533341417472,2016-08-07 08:49:29,I see where Mayor Stephanie Rawlings-Blake of Baltimore is pushing Crooked hard. Look at the job she has done in Baltimore. She is a joke!,8965,27787,,
762400869858115588,2016-08-07 16:31:46,"The media is going crazy. They totally distort so many things on purpose. Crimea, nuclear, ""the baby"" and so much more. Very dishonest!",11168,33936,,
762425371874557952,2016-08-07 18:09:08,"Michael Morell, the lightweight former Acting Director of C.I.A., and a man who has made serious bad calls, is a total Clinton flunky!",6391,20249,,
762439658911338496,2016-08-07 19:05:54,"# ICYMI: ""Will Media Apologize to Trump?""http://www.thegatewaypundit.com/2016/08/will-media-apologize-trump-mother-crying-baby-rally-speaks/ …",6692,15835,,
762641595439190016,2016-08-08 08:28:20,"Join me in Fayetteville, North Carolina tomorrow evening at 6pm. Tickets now available at: https://www.donaldjtrump.com/schedule/register/fayetteville-nc1/ …",3429,10882,,
762669882571980801,2016-08-08 10:20:44,My economic policy speech will be carried live at 12:15 P.M. Enjoy!,4509,17690,,
762771974657495041,2016-08-08 17:06:25,Thank you Alex!https://twitter.com/mooneyforwv/status/762718855282163712 …,3578,10974,,
762773468479889409,2016-08-08 17:12:21,Thank you!https://twitter.com/reprwilliams/status/762732609415905280 …,3004,10041,,
762774321580367872,2016-08-08 17:15:44,Thank you @ NFIB- together we will # MakeAmericaGreatAgain!https://twitter.com/nfib/status/762740884333031425 …,3752,11123,#MakeAmericaGreatAgain,@NFIB
762775525756514304,2016-08-08 17:20:31,Thank you @ RepLouBarletta! https://www.facebook.com/loujbarletta/posts/10153672527586302 …pic.twitter.com/eKtSXUw51R,3870,11290,,@RepLouBarletta
762776440681095169,2016-08-08 17:24:09,Thank you Senator David Perdue! http://bit.ly/2b9idkbSenPerdue …pic.twitter.com/LmfiGByFPb,5171,13019,,
762777166476025856,2016-08-08 17:27:02,Thank you Congressman Steven Palazzo! https://www.facebook.com/palazzoforcongress/posts/10154473297477835 …pic.twitter.com/XGSIJJQiGJ,5133,13779,,
762781418778791936,2016-08-08 17:43:56,Thank you Newt!https://twitter.com/newtgingrich/status/762739520567738368 …,7478,21146,,
762781826549030912,2016-08-08 17:45:33,Many people are saying that the Iranians killed the scientist who helped the U.S. because of Hillary Clinton's hacked emails.,10971,28037,,
762790167732035585,2016-08-08 18:18:42,"'As Senator Clinton promised 200,000 jobs in Upstate New York - her efforts fell flat.' https://www.facebook.com/DonaldTrump/posts/10157458402275725 …pic.twitter.com/i5S3mtJWpe",6499,14397,,
762842126900015105,2016-08-08 21:45:10,Being in Detroit today was wonderful. Quick stop in Ohio to meet with some of our great supporters. Just got back home!,4751,21584,,
762974889275953152,2016-08-09 06:32:43,Will be interviewed on @ foxandfriends now!,1832,9591,,@foxandfriends
762981606755856384,2016-08-09 06:59:25,"I am running against the Washington insiders, just like I did in the Republican Primaries. These are the people that have made U.S. a mess!",13677,39138,,
762982142783676416,2016-08-09 07:01:33,""" @ sprts08: @ realDonaldTrump @ foxandfriends great interview.....all solid points on our economy TRUMP2016""",3202,11647,,"@sprts08,@realDonaldTrump,@foxandfriends"
762982360853905408,2016-08-09 07:02:25,""" @ LinHen23: @ foxandfriends Loved Trump's answers to voters questions this morning! Trump's economic plan will help # MAGA # NeverHillary""",4614,15011,"#MAGA,#NeverHillary","@LinHen23,@foxandfriends"
763119571309998083,2016-08-09 16:07:38,"Thank you Wilmington, North Carolina! # MakeAmericaGreatAgainpic.twitter.com/ZnnaSPF5or",6606,21734,#MakeAmericaGreatAgainpic,
763167345405784064,2016-08-09 19:17:28,Thank you @ SenatorFischer! # TrumpPence16 http://www.kvnonews.com/2016/08/senator-deb-fischer-support-trump/ …,2925,10297,#TrumpPence16,@SenatorFischer
763167671974232064,2016-08-09 19:18:46,Thank you Senator @ ChuckGrassley! # TrumpPence16https://www.radioiowa.com/2016/08/09/grassley-stay-firm-in-his-support-of-donald-trump/ …,5735,15871,#TrumpPence16https,@ChuckGrassley
763180978588221440,2016-08-09 20:11:39,"When is the media going to talk about Hillary's policies that have gotten people killed, like Libya, open borders, and maybe her emails?",17543,43809,,
763198483927011329,2016-08-09 21:21:12,Media desperate to distract from Clinton's anti-2A stance. I said pro-2A citizens must organize and get out vote to save our Constitution!,12316,31540,,
763385288295055360,2016-08-10 09:43:30,""" @ dbongino: ‘Now cut off my mic!’ Bongino refuses to be bullied by Don Lemon over Trump, 2nd Amendment – HEATED! http://www.bizpacreview.com/2016/08/09/now-cut-off-mic-bongino-refuses-bullied-don-lemon-trump-2nd-amendment-heated-376846 …""",6476,15168,,@dbongino
763391459110313984,2016-08-10 10:08:01,. @ dbongino You were fantastic in defending both the Second Amendment and me last night on @ CNN. Don Lemon is a lightweight - dumb as a rock,8245,25336,,"@dbongino,@CNN"
763398630812311552,2016-08-10 10:36:31,Morning Joe's weakness is its low ratings. I don't watch anymore but I heard he went wild against Rudy Giuliani and # 2A - sad & irrelevant!,5536,17900,#2A,
763430568721784833,2016-08-10 12:43:26,"My thoughts and prayers are with the two police officers shot in Sebastian County, Arkansas. # LESM",8979,26810,#LESM,
763433452893011969,2016-08-10 12:54:53,I will be interviewed on @ greta tonight at 7pm. Enjoy!pic.twitter.com/9yicUxd87D – bei Peterbilt,4435,14925,,@greta
763474491183816704,2016-08-10 15:37:58,Great meeting w/ coal miners & leaders from the Virginia coal industry- thank you! # MAGA https://www.facebook.com/DonaldTrump/posts/10157471877690725:0 …pic.twitter.com/32gdX684ew,6310,18072,#MAGA,
763477408909500416,2016-08-10 15:49:33,"No such meeting or conversation ever happened - a made up story by ""low ratings"" @ CNN.",5908,17133,,@CNN
763481802254249984,2016-08-10 16:07:01,"Thank you Abingdon, Virginia! # MakeAmericaGreatAgain https://www.facebook.com/DonaldTrump/posts/10157472447805725:0 …pic.twitter.com/RQUKD6sjno",4228,12947,#MakeAmericaGreatAgain,
763516489865523200,2016-08-10 18:24:51,# MakeAmericaGreatAgain!pic.twitter.com/8rWz6p1Ged,7397,18569,,
763519444576370688,2016-08-10 18:36:35,""" @ DSF2020: Really admire your determination: Working so hard for all Americans n daily having to defend yourself from a biased Media.""",4901,17248,,@DSF2020
763519861406531584,2016-08-10 18:38:15,Reuters just announced that Secret Service never spoke to me or my campaign. Made up story by @ CNN is a hoax. Totally dishonest.,17238,37905,,@CNN
763557327295438848,2016-08-10 21:07:07,Great job today by the NYPD in protecting the people and saving the climber.,6808,28142,,
763558559833591809,2016-08-10 21:12:01,"Thank you Fort Lauderdale, Florida. # MakeAmericaGreatAgainpic.twitter.com/cjivzdRpU1",5816,18914,#MakeAmericaGreatAgainpic,
763740672012738561,2016-08-11 09:15:40,This is no surprise. Constant phony reporting from failing @ CNN turns everyone off. The American people get it! http://www.adweek.com/tvnewser/scoreboard-tuesday-august-9/301887 …,9034,25204,,@CNN
763857902490836992,2016-08-11 17:01:30,Will be doing @ oreillyfactor tonight at 8pm. Enjoy!,3385,13419,,@oreillyfactor
763947916184522754,2016-08-11 22:59:11,""" @ SheriffClarke: http://link.foreignpolicy.com/click/7366579.289159/aHR0cDovL2ZvcmVpZ25wb2xpY3kuY29tLzIwMTYvMDgvMTEvc2NhdGhpbmctaG91c2UtaW50ZWwtcmVwb3J0LW9uLWlzaXMtZnVlbHMtdHJ1bXBzLWF0dGFjay8/5676b4f7e9a8a2163b8b52daB3c8427e0 … Everything coming from this administration is a lie. Only @ realDonaldTrump will change it""",5372,13045,,"@SheriffClarke,@realDonaldTrump"
763949723833118721,2016-08-11 23:06:22,""" @ elsolarverde: THE CORRUPT MEDIA CREATS CONTROVERSY AGAINST @ realDonaldTrump TO AVOID ISSUES ABOUT HillaryClinton pic.twitter.com/RW5UcWLfA8""",9808,22747,,"@elsolarverde,@realDonaldTrump"
763950742755434498,2016-08-11 23:10:25,""" @ EnemyWithinn: @ realDonaldTrump @ elsolarverde @ nytimes People gotta stop believing media lies about Trump."" That would indeed be nice!",5693,17656,,"@EnemyWithinn,@realDonaldTrump,@elsolarverde,@nytimes"
764045345332396032,2016-08-12 05:26:20,"Ratings challenged @ CNN reports so seriously that I call President Obama (and Clinton) ""the founder"" of ISIS, & MVP. THEY DON'T GET SARCASM?",6609,20599,,@CNN
764053208394182656,2016-08-12 05:57:34,""" @ laurencristmann: Thank you for coming to Pennsylvania today. I will be there with @ C_Lynne_Ryan your 3rd CD delegate at 2 pm""",2522,10214,,"@laurencristmann,@C"
764055793951834114,2016-08-12 06:07:51,A massive tax increase will be necessary to fund Crooked Hillary Clinton's agenda. What a terrible (and boring) rollout that was yesterday!,8461,27625,,
764064821000056832,2016-08-12 06:43:43,"I love watching these poor, pathetic people (pundits) on television working so hard and so seriously to try and figure me out. They can't!",11265,34517,,
764084294704697344,2016-08-12 08:01:06,ISIS gained tremendous strength during Hillary Clinton's term as Secretary of State. When will the dishonest media report the facts!,12585,32927,,
764153606765412352,2016-08-12 12:36:31,Unbelievable support in Florida last night - thank you! # MAGApic.twitter.com/WNDAagFRRS,6372,20196,#MAGApic,
764186768522420224,2016-08-12 14:48:18,"Thank you Erie, Pennsylvania! Together we will # MakeAmericaGreatAgain!pic.twitter.com/5hZp7PnRoT",6458,19740,#MakeAmericaGreatAgain,
764254551822196737,2016-08-12 19:17:38,"Will be on @ seanhannity tonight at 10pm, hosted by @ GovMikeHuckabee. Enjoy!",3480,13765,,"@seanhannity,@GovMikeHuckabee"
764529295901528064,2016-08-13 13:29:23,The failing @ nytimes has become a newspaper of fiction. Their stories about me always quote non-existent unnamed sources. Very dishonest!,7660,24299,,@nytimes
764531827168186369,2016-08-13 13:39:26,I am truly enjoying myself while running for president. The people of our country are amazing - great numbers on November 8th!,9872,37463,,
764546914683682817,2016-08-13 14:39:23,""" @ willspeakout: Thank you for all that you are doing for us! You campaign endlessly and have spent millions.We love you! # TrumpTrain"" Thanks",4475,15980,#TrumpTrain,@willspeakout
764552764177481728,2016-08-13 15:02:38,We now have confirmation as to one reason Crooked H wanted to be sure that nobody saw her e-mails - PAY-FOR-PLAY. How can she run for Pres.,10382,27407,,
764553088204214272,2016-08-13 15:03:55,""" @ need2knowu: @ willspeakout yes you are my hero I admire you for laying down your glorious luxurious life to get beat up for America!!!""",4214,15039,,"@need2knowu,@willspeakout"
764553771879899137,2016-08-13 15:06:38,""" @ PaulaDuvall2: We're all enjoying you, as well, Mr. T.! You've inspired Hope and a Positive Spirit throughout America! God bless you!"" Nice",3898,14827,,@PaulaDuvall2
764554121324204033,2016-08-13 15:08:01,"""@zulu_out: You are a man for the people because you know what it is like to be among the people # MakeAmericaGreatAgain # USA Loves U"" Thanks",4167,15327,"#MakeAmericaGreatAgain,#USA",
764799933325144064,2016-08-14 07:24:48,The failing @ nytimes talks about anonymous sources and meetings that never happened. Their reporting is fiction. The media protects Hillary!,7774,23687,,@nytimes
764801590415024128,2016-08-14 07:31:23,"The failing @ nytimes, which never spoke to me, keeps saying that I am saying to advisers that I will change. False, I am who I am-never said",6431,20728,,@nytimes
764803159692836864,2016-08-14 07:37:37,"If the disgusting and corrupt media covered me honestly and didn't put false meaning into the words I say, I would be beating Hillary by 20%",13718,41798,,
764805340823248896,2016-08-14 07:46:17,My rallies are not covered properly by the media. They never discuss the real message and never show crowd size or enthusiasm.,10465,33526,,
764866887511572480,2016-08-14 11:50:51,Crooked Hillary Clinton is being protected by the media. She is not a talented person or politician. The dishonest media refuses to expose!,11238,32685,,
764867963845484545,2016-08-14 11:55:07,"I am not only fighting Crooked Hillary, I am fighting the dishonest and corrupt media and her government protection process. People get it!",14968,44194,,
764870785634799617,2016-08-14 12:06:20,"It is not ""freedom of the press"" when newspapers and others are allowed to say and write whatever they want even if it is completely false!",14460,41457,,
764974286931169285,2016-08-14 18:57:37,I have always been the same person-remain true to self.The media wants me to change but it would be very dishonest to supporters to do so!,10553,34648,,
764976828914237440,2016-08-14 19:07:43,"""Stay on message"" is the chant. I always do - trade, jobs, military, vets, 2nd A, repeal Ocare, borders, etc - but media misrepresents!",10427,30960,,
764998650598686721,2016-08-14 20:34:25,Certain Republicans who have lost to me would rather save face by fighting me than see the U.S.Supreme Court get proper appointments. Sad!,12675,39758,,
765269114973720576,2016-08-15 14:29:09,# MakeAmericaSafeAgain https://www.donaldjtrump.com/press-releases/donald-j.-trump-addresses-radical-islam-and-the-age-of-terror …,4562,12270,,
765283490887790592,2016-08-15 15:26:17,"""CLINTON REFUGEE PLAN COULD BRING IN 620,000 REFUGEES IN FIRST TERM AT LIFETIME COST OF OVER $400 BILLION."" http://www.sessions.senate.gov/public/index.cfm/2016/6/clinton-refugee-plan-could-bring-in-620-000-refugees-in-first-term-at-lifetime-cost-of-over-400-billion …",11153,18862,,
765284051938926592,2016-08-15 15:28:30,# AmericasMerkelpic.twitter.com/QFRs4bEUC1,8958,17878,,
765623972234948608,2016-08-16 13:59:14,Another health insurer is pulling back due to 'persistent financial losses on # Obamacare plans.' Only the beginning!http://www.nbcnews.com/business/business-news/aetna-pulls-back-obamacare-health-insurance-plans-2017-n631656 …,8308,17997,#Obamacare,
765629939811020802,2016-08-16 14:22:57,"'It's just a 2-point race, Clinton 38%, Trump 36%'http://www.washingtonexaminer.com/pow-its-just-a-2-point-race-clinton-38-trump-36/article/2599471 …",5825,14452,,
765679267086684161,2016-08-16 17:38:57,This is my pledge to the American people: http://bit.ly/2bEoRchPledge,6365,15456,,
765688915932045313,2016-08-16 18:17:18,"Just as we won the Cold War, in part, by exposing the evils of communism and the virtues of free markets.... Cont: https://www.facebook.com/DonaldTrump/posts/10157509540605725 …",4896,14396,,
765726909925851136,2016-08-16 20:48:16,Will be on @ SeanHannity tonight at 10pmE - delivering an important speech live from Wisconsin. # MakeAmericaGreatAgain,3454,13663,#MakeAmericaGreatAgain,@SeanHannity
765765603743391744,2016-08-16 23:22:01,# LawandOrder # ImWithYou Transcript: http://bit.ly/2aY3nhyLawandOrder …,3683,10438,#ImWithYou,
765769891278381056,2016-08-16 23:39:04,# LawandOrder # ImWithYou Video: http://bit.ly/2aY5q8oImWithYou …pic.twitter.com/qqSfOfgdap,4543,12716,#ImWithYou,
765902170084483073,2016-08-17 08:24:41,Join me in North Carolina - tomorrow at 7:30pm! # ImWithYou Tickets: http://bit.ly/2bGMAZmNC,3007,9282,#ImWithYou,
765950471160954884,2016-08-17 11:36:37,Thank you Governor @ ScottWalker & @ GOP Chairman @ Reince Priebus. # MakeAmericaGreatAgain # ImWithYouhttps://amp.twimg.com/v/f7054104-4965-4a99-934f-a0cbed956ee3 …,4615,13190,"#MakeAmericaGreatAgain,#ImWithYouhttps","@ScottWalker,@GOP,@Reince"
765953073072058368,2016-08-17 11:46:57,# MakeAmericaSafeAgain # ImWithYouhttps://amp.twimg.com/v/fcae1c85-517c-463b-9a37-7eb8a143fa79 …,5028,13849,#ImWithYouhttps,
765955844055760896,2016-08-17 11:57:58,"A vote for Hillary Clinton is a vote for another generation of poverty, high crime, & lost opportunities. # ImWithYouhttps://amp.twimg.com/v/d4fc15a4-b04b-48cc-85a8-fbdf61211602 …",13369,31620,#ImWithYouhttps,
766002945485864961,2016-08-17 15:05:08,"We will repeal & replace # Obamacare, which has caused soaring double-digit premium increases. It is a disaster!https://amp.twimg.com/v/ddb1eaf1-bdc5-44b3-b090-dc20494568f7 …",8359,23236,#Obamacare,
766028026987491328,2016-08-17 16:44:48,We are going to make this a government of the people once again! # MakeAmericaGreatAgain # ImWithYouhttps://amp.twimg.com/v/4586e62b-3a35-479d-a65d-f984df338175 …,8343,21296,"#MakeAmericaGreatAgain,#ImWithYouhttps",
766038151206936576,2016-08-17 17:25:02,Will be participating in a town hall event- hosted by @ SeanHannity tonight at 10pmE on @ FoxNews. Enjoy!pic.twitter.com/7nReqYM7FF,4907,17496,,"@SeanHannity,@FoxNews"
766082563064623105,2016-08-17 20:21:30,I will be doing a Town Hall tonight at 10:00 P.M. on @ seanhannity - @ FoxNews,2902,12221,,"@seanhannity,@FoxNews"
766246213079498752,2016-08-18 07:11:48,They will soon be calling me MR. BREXIT!,15323,33390,,
766378021355921408,2016-08-18 15:55:33,# CrookedHillary # ThrowbackThursdaypic.twitter.com/v8J0r64J7h,22657,38878,#ThrowbackThursdaypic,
766432970441945088,2016-08-18 19:33:54,"Together, we will MAKE AMERICA GREAT AGAIN!https://morningconsult.com/2016/08/18/american-immigrants-back-trump-ideological-test-poll-shows/ …",5584,15680,,
766437671652556800,2016-08-18 19:52:35,"Thank you Charlotte, North Carolina! # MakeAmericaGreatAgain https://www.facebook.com/DonaldTrump/posts/10157522097930725 …",3993,14775,#MakeAmericaGreatAgain,
766585563805802497,2016-08-19 05:40:15,"We are one nation. When one state hurts, we all hurt. We must all work together - to lift each other up.pic.twitter.com/XoDkW5X3Wy",14041,38758,,
766616361720246272,2016-08-19 07:42:38,Thank you to NC for last evenings great reception. The speech was a great success. Heading now to Louisiana & another speech tonight in MI.,4885,20773,,
766616610975182848,2016-08-19 07:43:37,"The reporting at the failing @ nytimes gets worse and worse by the day. Fortunately, it is a dying newspaper.",4707,17145,,@nytimes
766627569110249472,2016-08-19 08:27:10,"Thank you to everyone for all of the nice comments, by Twitter, pundits and otherwise for my speech last night.",6388,28316,,
766629517083414528,2016-08-19 08:34:54,Great job by @ EricTrump on interview with @ BillHemmer on @ FoxNews. # ImWithYou # TrumpTrain,3448,13890,"#ImWithYou,#TrumpTrain","@EricTrump,@BillHemmer,@FoxNews"
766760721115938816,2016-08-19 17:16:16,Thank you Michigan. This is a MOVEMENT. We are going to MAKE AMERICA SAFE AND GREAT AGAIN! # TrumpPence16pic.twitter.com/vP3eqF3Zbb,7824,25710,#TrumpPence16pic,
766791143291916288,2016-08-19 19:17:09,# WheresHillary? Sleeping!!!!!,21897,50301,,
766801978085117952,2016-08-19 20:00:12,"We are one nation. When one hurts, we all hurt. We must all work together-to lift each other up. # StandWithLouisianapic.twitter.com/Ob7J2oBWhq",14671,37980,#StandWithLouisianapic,
766805485466988544,2016-08-19 20:14:08,. @ Franklin_Graham @ BillyNungesser @ SamaritansPurse- so humbled by my time w/ you. You are in our thoughts & prayers.pic.twitter.com/I6xGsEzlwv,7381,18510,,"@Franklin,@BillyNungesser,@SamaritansPurse"
766863067858759681,2016-08-20 00:02:57,""" @ CatOnGlass: 200,000 new followers for @ realDonaldTrump. From 10,800,000 to 11,000,000, All in the last ten days or so! # MAGA # AlwaysTrump",6772,22993,"#MAGA,#AlwaysTrump","@CatOnGlass,@realDonaldTrump"
767052374934421506,2016-08-20 12:35:11,Thank you @ JerryJrFalwell- will see you soon. # TrumpPence16https://www.washingtonpost.com/opinions/jerry-falwell-jr-trump-is-the-churchillian-leader-we-need/2016/08/19/b1ff79e0-64b1-11e6-be4e-23fc4d4d12b4_story.html?utm_term=.9a231e4faa1b# …,6062,15917,#TrumpPence16https,@JerryJrFalwell
767133459148054528,2016-08-20 17:57:23,"Just leaving Virginia - really big crowd, great enthusiasm!",3208,14645,,
767134774687330304,2016-08-20 18:02:37,Will be interviewed on @ JudgeJeanine at 9:00 P.M. Enjoy!,2950,11707,,@JudgeJeanine
767135128950898689,2016-08-20 18:04:02,Will be back soon Virginia. We are going to MAKE AMERICA GREAT AGAIN! # TrumpPence16pic.twitter.com/IU4JPSi0rZ,4741,15580,#TrumpPence16pic,
767137098679853056,2016-08-20 18:11:51,We will bring America together as ONE country again – united as Americans in common purpose and common dreams. # MAGA,8271,25948,#MAGA,
767149739418804228,2016-08-20 19:02:05,""" @ J58golf: @ realDonaldTrump been a great week. More of the same will get you in the white house!""",3614,13898,,"@J58golf,@realDonaldTrump"
767149890464018433,2016-08-20 19:02:41,""" @ EyeCandyTMGayle: @ realDonaldTrump please oh please take the CHARLOTTE NC speech ACROSS the swing states .... sooo powerful"" Good!",4582,15862,,"@EyeCandyTMGayle,@realDonaldTrump"
767150340726779904,2016-08-20 19:04:28,"Together, we are going to MAKE AMERICA SAFE AND GREAT AGAIN!http://www.breitbart.com/2016-presidential-race/2016/08/20/la-times-poll-trump-takes-half-point-lead-clinton/ …",6473,18343,,
767505383430782976,2016-08-21 18:35:17,"I have been drawing very big and enthusiastic crowds, but the media refuses to show or discuss them. Something very big is happening!",10471,33733,,
767520065608613888,2016-08-21 19:33:38,Crooked Hillary is flooding the airwaves with false and misleading ads - all paid for by her bosses on Wall Street. Media is protecting her!,11423,33526,,
767528750749810688,2016-08-21 20:08:08,"I heard that @ Morning_Joe was very nice on Friday but that little Donny D, a big failure in TV (& someone I helped), was nasty. Irrelevant!",3031,11576,,@Morning
767531507665756160,2016-08-21 20:19:06,""" @ Jimbos2002: @ Morning_Joe Video: Hillary referring to blacks as super predators that need to be brought to heel. https://m.youtube.com/watch?v=ALXulk0T8cg …""",6926,12985,,"@Jimbos2002,@Morning"
767532557235806208,2016-08-21 20:23:16,""" @ SinAbunz_TM: @ realDonaldTrump TRUMP VICTORY IN NOVEMBER! # MAGA # TrumpPence16""",3300,11649,"#MAGA,#TrumpPence16","@SinAbunz,@realDonaldTrump"
767532993686765569,2016-08-21 20:25:00,""" @ 55Lidsville: # TeamTrump @ KellyannePolls You need to show the crowds at the rallies use Periscope! Show HC's 139 YT viewers vs DT 38K""",3466,11240,#TeamTrump,"@55Lidsville,@KellyannePolls"
767536943353696256,2016-08-21 20:40:42,""" @ Brainykid2010: @ shl @ realDonaldTrump The ad was actually very good!""",1945,8177,,"@Brainykid2010,@shl,@realDonaldTrump"
767679356466520064,2016-08-22 06:06:36,""" @ realbill2016: @ realDonaldTrump @ Brainykid2010 @ shl Trump leading LA Times poll pic.twitter.com/908uLXCIWz""",5260,13744,,"@realbill2016,@realDonaldTrump,@Brainykid2010,@shl"
767683204039974912,2016-08-22 06:21:53,"Tried watching low-rated @ Morning_Joe this morning, unwatchable! @ morningmika is off the wall, a neurotic and not very bright mess!",4148,14113,,"@Morning,@morningmika"
767685048703279104,2016-08-22 06:29:13,"Some day, when things calm down, I'll tell the real story of @ JoeNBC and his very insecure long-time girlfriend, @ morningmika. Two clowns!",7828,20766,,"@JoeNBC,@morningmika"
767700760113086465,2016-08-22 07:31:39,Will be interviewed on @ foxandfriends at 8:30 A.M. Eastern. ENJOY!,1902,9120,,@foxandfriends
767706807619969025,2016-08-22 07:55:40,Statement on Clinton Foundation: https://www.facebook.com/DonaldTrump/posts/10157542172590725 …,4888,11122,,
767830376735735808,2016-08-22 16:06:42,"Great meeting with active & retired law enforcement officers- at the Fraternal Order of Police lodge in Akron, Ohio.pic.twitter.com/EUWhDC644R",6734,21511,,
767870642716831744,2016-08-22 18:46:42,"Just leaving Akron, Ohio, after a packed rally. Amazing people! Going now to Texas.",4865,20361,,
767888297125355521,2016-08-22 19:56:51,". @ AnnCoulter's new book, 'In Trump We Trust, comes out tomorrow. People are saying it's terrific - knowing Ann I am sure it is!",6934,21203,,@AnnCoulter
767889674530594816,2016-08-22 20:02:19,"The @ WashingtonPost quickly put together a hit job book on me- comprised of copies of some of their inaccurate stories. Don't buy, boring!",4726,15430,,@WashingtonPost
768069472464666624,2016-08-23 07:56:46,I am now in Texas doing a big fundraiser for the Republican Party and a @ FoxNews Special on the BORDER and with victims of border crime!,5640,19800,,@FoxNews
768083669550366720,2016-08-23 08:53:11,"It is being reported by virtually everyone, and is a fact, that the media pile on against me is the worst in American political history!",10032,33327,,
768097204376510464,2016-08-23 09:46:58,"Hillary Clinton strongly stated that there was ""absolutely no connection"" between her private work and that of The State Department. LIE!",8076,21744,,
768119463421943808,2016-08-23 11:15:25,"President Obama should have gone to Louisiana days ago, instead of golfing. Too little, too late!",19003,42682,,
768125054584393729,2016-08-23 11:37:38,"Join me in Tampa, Florida- tomorrow at 1pmE! Tickets: https://www.donaldjtrump.com/schedule/register/tampa-fl3/ …pic.twitter.com/lLyaW6nxsP",3634,11372,,
768196613680398336,2016-08-23 16:21:59,"In Austin, Texas with some of our amazing Border Patrol Agents. I will not let them down! https://instagram.com/p/BJdya79DXOF/ pic.twitter.com/7ImVH69fNb",7212,22305,,
768239855310471168,2016-08-23 19:13:49,"Will be participating in a Town Hall tonight on @ SeanHannity at 10pmE from Austin, Texas. Enjoy!pic.twitter.com/8ZBneb0pGk",4540,16735,,@SeanHannity
768280756682690562,2016-08-23 21:56:21,"Thank you Travis County, Texas! # MakeAmericaGreatAgainpic.twitter.com/ZBnYzNb0eo",6228,18934,#MakeAmericaGreatAgainpic,
768448216744488960,2016-08-24 09:01:46,My thoughts and prayers are with the victims and families of those affected by two powerful earthquakes in Italy and Myanmar.,7319,29346,,
768467755339223040,2016-08-24 10:19:24,I will not let the families of The Remembrance Project down! # MakeAmericaSafeAgain http://www.TheRemembranceProject.org https://amp.twimg.com/v/db1dc4a1-ae43-4da4-8c32-f84a5e5e6223 …,5817,13957,#MakeAmericaSafeAgain,
768488555828183040,2016-08-24 11:42:04,Great new poll Florida - thank you! # MakeAmericaGreatAgainpic.twitter.com/7TKpe388Bc,6255,17513,#MakeAmericaGreatAgainpic,
768499164967739392,2016-08-24 12:24:13,New national poll released. Join the MOVEMENT & together we will # MakeAmericaGreatAgain! http://www.DonaldJTrump.com pic.twitter.com/rnU1fkn274,5137,14509,#MakeAmericaGreatAgain,
768561716149915648,2016-08-24 16:32:46,"A great afternoon in Tampa, Florida. Thank you! # TrumpPence16pic.twitter.com/K5MBAcnfR1",4147,14797,#TrumpPence16pic,
768578478266458113,2016-08-24 17:39:23,Thank you for your support! # AmericaFirst # ImWithYoupic.twitter.com/N8FShwYt2g,5477,15981,"#AmericaFirst,#ImWithYoupic",
768600125413273600,2016-08-24 19:05:24,"Will be on # Hannity @10pE @ FoxNews- discussing various subjects including immigration-if elected, we will # BuildTheWall & enforce our laws!",3732,14615,"#Hannity,#BuildTheWall","@10pE,@FoxNews"
768623966713999360,2016-08-24 20:40:08,Great Governor @ Mike_Pence is in Indiana to help lead the relief efforts after tornadoes struck. True leadership.,6424,22970,,@Mike
768624405777944576,2016-08-24 20:41:53,Thoughts and prayers to the great people of Indiana. You will prevail!,6571,22636,,
768667720149762048,2016-08-24 23:34:00,""" @ Trump_Videos: . @ Nigel_Farage of the # brexit fame - We CAN do this! We can # MAGA with @ realDonaldTrump https://youtu.be/gSBDTfTfmJ8 """,4275,10937,"#brexit,#MAGA","@Trump,@Nigel,@realDonaldTrump"
768788761635356672,2016-08-25 07:34:58,"Poll numbers are starting to look very good. Leading in Florida @ CNN Arizona and big jump in Utah. All numbers rising, national way up. Wow!",8548,28554,,@CNN
768791265811062788,2016-08-25 07:44:55,"So many in the African-American community are doing so badly, poverty and crime way up, employment and jobs way down: I will fix it, promise",9163,28357,,
768903697166368769,2016-08-25 15:11:41,Just watched recap of # CrookedHillary's speech. Very short and lies. She is the only one fear-mongering!,6501,18009,#CrookedHillary,
768904362211086336,2016-08-25 15:14:20,Hillary Clinton's short speech is pandering to the worst instincts in our society. She should be ashamed of herself!,7744,23035,,
768912241349517312,2016-08-25 15:45:38,Hillary Clinton is using race-baiting to try to get African-American voters- but they know she is all talk and NO ACTION!,8262,23756,,
768922208987127808,2016-08-25 16:25:15,"HRC is using the oldest play in the Dem playbook- when their policies fail, they are left w/this one tired argument! http://www.snappytv.com/tc/2673821",8663,19116,,
769001435484688384,2016-08-25 21:40:04,"Hillary Clinton only knows how to make a speech when it is a hit on me. No policy, and always very short (stamina). Media gives her a pass!",7677,22636,,
769002724218118144,2016-08-25 21:45:11,CLINTON CORRUPTION AND HER SABOTAGE OF THE INNER CITIES. Full speech transcript: https://www.facebook.com/DonaldTrump/posts/10157565569645725 …,4406,10809,,
769003073943457792,2016-08-25 21:46:34,""" @ foxnation: Flashback: Hillary Clinton Praised Former KKK Member Robert Byrd as 'Friend and Mentor': http://bit.ly/2bmuqej """,6949,13575,,@foxnation
769003323856867328,2016-08-25 21:47:34,""" @ DonaldJTrumpJr: Company Gouging Price Of EpiPens Is A Clinton Foundation Donor And Partner http://dailycaller.com/2016/08/24/company-gouging-price-of-epipens-is-a-clinton-foundation-donor-and-partner/ … via dailycaller""",7534,13490,,@DonaldJTrumpJr
769006162926669824,2016-08-25 21:58:51,"""Hillary Clinton needs to address the racist undertones of her 2008 campaign."" # FlashbackFridaypic.twitter.com/MJQp0rcnzH",13648,26085,#FlashbackFridaypic,
769021525638930437,2016-08-25 22:59:54,""" @ Lewenskimo: Your opponent has run out of ideas, now resorts to personal attacks on you. Every Amercan knows, you represent HOPE!!""",4551,14559,,@Lewenskimo
769143845892136960,2016-08-26 07:05:57,The Clinton's are the real predators... https://instagram.com/p/BJkj25RD44E/,5791,14242,,
769170204941164544,2016-08-26 08:50:42,"Crooked Hillary will NEVER be able to solve the problems of poverty, education and safety within the African-American & Hispanic communities",7445,23935,,
769177810678067200,2016-08-26 09:20:55,"What do African-Americans and Hispanics have to lose by going with me. Look at the poverty, crime and educational statistics. I will fix it!",8793,25806,,
769185155198124032,2016-08-26 09:50:06,Wonderful @ pastormarkburns was attacked viciously and unfairly on @ MSNBC by crazy @ morningmika on low ratings @ Morning_Joe. Apologize!,4735,12239,,"@pastormarkburns,@MSNBC,@morningmika,@Morning"
769203012250112006,2016-08-26 11:01:03,I am very proud to have brought the subject of illegal immigration back into the discussion. Such a big problem for our country-I will solve,7495,26732,,
769221405820923905,2016-08-26 12:14:09,"How quickly people forget that Crooked Hillary called African-American youth ""SUPER PREDATORS"" - Has she apologized?",13018,26751,,
769252637350866946,2016-08-26 14:18:15,"""Hillary Clinton Deleted Emails Using Program Intended To Prevent Recovery"" # CrookedHillaryhttp://dailycaller.com/2016/08/25/hillary-clinton-deleted-emails-using-program-intended-to-prevent-recovery/ …",6886,13194,#CrookedHillaryhttp,
769253422549786628,2016-08-26 14:21:22,Meet the ‘Trumpocrats’: Lifelong Democrats Breaking w/ Party Over Hillary to Support Donald Trump for President:http://www.breitbart.com/2016-presidential-race/2016/08/23/meet-trumpocrats-lifelong-democrats-breaking-party-hillary-clinton-support-donald-trump-president/ …,6606,15682,,
769254655939321857,2016-08-26 14:26:16,Army training slide lists Hillary Clinton as insider threat:http://www.washingtonexaminer.com/army-slide-lists-clinton-as-insider-threat/article/2599956 …,6884,13700,,
769308316350623744,2016-08-26 17:59:30,I will be interviewed by @ kimguilfoyle at 7pm on @ FoxNews. # Enjoy!,2039,8750,#Enjoy,"@kimguilfoyle,@FoxNews"
769311305480024065,2016-08-26 18:11:22,"Thank you @ TeamTrump Florida. Keep me updated, and lets get those 100,000 registered voters! # MakeAmericaGreatAgain https://twitter.com/trumpflorida16/status/768933465685458950 …",4252,12030,#MakeAmericaGreatAgain,@TeamTrump
769322071297888257,2016-08-26 18:54:09,"Will be in Phoenix, Arizona on Wednesday. Changing venue to much larger one. Demand is unreal. Polls looking great! # ImWithYou",6179,19446,#ImWithYou,
769323472048623616,2016-08-26 18:59:43,Join us via our new # AmericaFirst APP! # TrumpPence16 https://www.donaldjtrump.com/press-releases/trump-campaign-debuts-the-america-first-app1 …pic.twitter.com/0angXB2BrI,3998,10424,"#AmericaFirst,#TrumpPence16",
769331841316687873,2016-08-26 19:32:59,New polls - join the MOVEMENT today. http://www.DonaldJTrump.com # ImWithYoupic.twitter.com/numII7W99T,9708,22064,#ImWithYoupic,
769539271678013440,2016-08-27 09:17:14,Heroin overdoses are taking over our children and others in the MIDWEST. Coming in from our southern border. We need strong border & WALL!,9587,29006,,
769552592158412800,2016-08-27 10:10:10,""" @ DiamondandSilk: Crooked Hillary getting desperate. On TV bashing Trump. @ CNN, she forgot how she said a KKK member was her mentor.",7569,18446,,"@DiamondandSilk,@CNN"
769554782151331840,2016-08-27 10:18:52,"""@GoldJazz559: # BlackMenForBernie Leader: # Hillary2016 ‘No Regard For Black Race’ http://dailycaller.com/2016/06/06/black-men-for-bernie-leader-hillary-has-no-regard-for-the-black-race/ … via @ dailycaller # BlacksForTrump",3740,8568,"#BlackMenForBernie,#Hillary2016,#BlacksForTrump",@dailycaller
769571710924263424,2016-08-27 11:26:08,Dwyane Wade's cousin was just shot and killed walking her baby in Chicago. Just what I have been saying. African-Americans will VOTE TRUMP!,7602,22881,,
769592508879892480,2016-08-27 12:48:47,"My condolences to Dwyane Wade and his family, on the loss of Nykea Aldridge. They are in my thoughts and prayers.",7411,25910,,
769607369869266944,2016-08-27 13:47:50,Just landed in Iowa to attend a great event in honor of wonderful Senator @ JoniErnst. Look forward to being with all of my friends.,3655,14731,,@JoniErnst
769647461459632128,2016-08-27 16:27:08,Thank you Iowa! # ImWithYoupic.twitter.com/3BIF6jBTkk,4902,16013,#ImWithYoupic,
769718184836472832,2016-08-27 21:08:10,It was an honor to have the amazing Root family join me in Iowa. I have been so inspired by their courage & bravery.https://amp.twimg.com/v/d96463a2-c8f5-42a3-8865-065ba39beb30 …,6109,18134,,
769724556949020672,2016-08-27 21:33:29,NATIONAL DEBT January 2009 = $10.6 TRILLION August 2016 = $19.4 TRILLIONpic.twitter.com/dKAVaLfGAJ,10180,18416,,
769740626497679360,2016-08-27 22:37:21,""" @ LindaHarden: @ realDonaldTrump America loves Trump and @ mike_pence -- praying for you every day. Stay strong. # TrumpPence2016 # NeverHillary",4011,13412,"#TrumpPence2016,#NeverHillary","@LindaHarden,@realDonaldTrump,@mike"
769897797319532544,2016-08-28 09:01:53,"Join me Tuesday in Everett, Washington at the Xfinity Arena! Tickets: https://www.donaldjtrump.com/schedule/register/everett-wa/ …pic.twitter.com/sn08gnd0lq",3653,10233,,
769898524439896064,2016-08-28 09:04:46,Thank you Arizona! # VoteTrumppic.twitter.com/v8VLxdd0fO,5177,17412,#VoteTrumppic,
770021252002119680,2016-08-28 17:12:27,"Today is the 53rd anniversary of the March on Washington - today we honor the enduring fight for justice, equality and opportunity.",7130,24098,,
770039317142069248,2016-08-28 18:24:14,"I think that both candidates, Crooked Hillary and myself, should release detailed medical records. I have no problem in doing so! Hillary?",15922,43069,,
770040258796855296,2016-08-28 18:27:59,"I will be making a major speech on ILLEGAL IMMIGRATION on Wednesday in the GREAT State of Arizona. Big crowds, looking for a larger venue.",8772,27727,,
770245313345052673,2016-08-29 08:02:47,"Look how bad it is getting! How much more crime, how many more shootings, will it take for African-Americans and Latinos to vote Trump=SAFE!",5866,18608,,
770247094439469058,2016-08-29 08:09:52,Inner-city crime is reaching record levels. African-Americans will vote for Trump because they know I will stop the slaughter going on!,5619,17419,,
770248186241900544,2016-08-29 08:14:12,""" @ Patrici: Crowd at Trump Rally in Akron, Ohio is a Sea of Women, Minorities, Independents, Dems https://shar.es/1w66Vf via @ gatewaypundit",5529,13155,,"@Patrici,@gatewaypundit"
770248548571021312,2016-08-29 08:15:39,""" @ RhondaR: Thank-You Clarence Henderson for telling @ cnn you know racism & it's not DonaldTrump http://www.breitbart.com/video/2016/08/28/civil-rights-leader-clarence-henderson-backs-trump-america-is-a-business/ … via @ BreitbartNews""",5725,13457,,"@RhondaR,@cnn,@BreitbartNews"
770249086255661056,2016-08-29 08:17:47,""" @ PMNOrlando: @ realDonaldTrump I know of NO ONE voting for Crooked Hillary! Her rallies are held in (blank) & she still has room.",3491,11341,,"@PMNOrlando,@realDonaldTrump"
770250409843777536,2016-08-29 08:23:02,"Does anyone know that Crooked Hillary, who tried so hard, was unable to pass the Bar Exams in Washington D.C. She was forced to go elsewhere",8903,25178,,
770252177512230912,2016-08-29 08:30:04,"Crooked Hillary's brainpower is highly overrated.Probably why her decision making is so bad or, as stated by Bernie S, she has BAD JUDGEMENT",5828,18634,,
770253550639251456,2016-08-29 08:35:31,"Now that African-Americans are seeing what a bad job Hillary type policy and management has done to the inner-cities, they want TRUMP!",7327,23124,,
770330631783972868,2016-08-29 13:41:49,# CrookedHillarypic.twitter.com/vXhcC8PaPy,13570,25467,,
770381482229657602,2016-08-29 17:03:53,We will repeal and replace the horrible disaster known as # Obamacare!pic.twitter.com/YzRTPrqrNC,8699,20748,#Obamacare,
770401822121005056,2016-08-29 18:24:42,# MakeAmericaGreatAgain # ImWithYoupic.twitter.com/IoYMdjvWHf,6423,16952,#ImWithYoupic,
770414693869649921,2016-08-29 19:15:51,"Join me this Wednesday in Phoenix, Arizona at 6pm! # ImWithYou Tickets: https://www.donaldjtrump.com/schedule/register/phoenix-az2/ …pic.twitter.com/VwKnxo1TNQ",3902,10561,#ImWithYou,
770417590351040513,2016-08-29 19:27:21,"Join me this Thursday in Wilmington, Ohio at noon! # ImWithYou Tickets: https://www.donaldjtrump.com/schedule/register/wilmington-oh/ …pic.twitter.com/fDAJl5wVGe",4246,11784,#ImWithYou,
770568584443539456,2016-08-30 05:27:21,"From day one I said that I was going to build a great wall on the SOUTHERN BORDER, and much more. Stop illegal immigration. Watch Wednesday!",9243,28262,,
770573355191631873,2016-08-30 05:46:19,""" @ meequalsfree: Looking forward to seeing you again! Everett to be a packed house! @ realDonaldTrump @ mike_pence""",2766,10062,,"@meequalsfree,@realDonaldTrump,@mike"
770724546454417408,2016-08-30 15:47:05,Thank you America! # MAGA https://instagram.com/p/BJvyloZD0yo/ pic.twitter.com/ePJW9jLckM,6565,18282,#MAGA,
770771735092142080,2016-08-30 18:54:36,Thank you North Carolina! # MAGApic.twitter.com/1oWrFnHe0u,6373,19476,#MAGApic,
770811688966770689,2016-08-30 21:33:22,"I have accepted the invitation of President Enrique Pena Nieto, of Mexico, and look very much forward to meeting him tomorrow.",16799,46432,,
770832664303587328,2016-08-30 22:56:43,"Thank you Washington! Together, WE will MAKE AMERICA SAFE AND GREAT AGAIN! # ImWithYou # AmericaFirstpic.twitter.com/CWDQnISYH4",7958,23365,"#ImWithYou,#AmericaFirstpic",
770971306766381056,2016-08-31 08:07:38,"Former President Vicente Fox, who is railing against my visit to Mexico today, also invited me when he apologized for using the ""f bomb.""",8909,25129,,
771145576381427712,2016-08-31 19:40:07,"Hillary Clinton didn't go to Louisiana, and now she didn't go to Mexico. She doesn't have the drive or stamina to MAKE AMERICA GREAT AGAIN!",16927,48011,,
771146302134423552,2016-08-31 19:43:00,Great trip to Mexico today - wonderful leadership and high quality people! Look forward to our next meeting.,8274,29579,,
771150050940497920,2016-08-31 19:57:54,Just arrived in Arizona! # ImWithYou https://www.facebook.com/DonaldTrump/posts/10157608417635725:0 …,2730,12385,#ImWithYou,
771210555822477313,2016-08-31 23:58:19,Mexico will pay for the wall - 100%! # MakeAmericaGreatAgain # ImWithYou http://www.snappytv.com/tc/2711677,9383,17401,"#MakeAmericaGreatAgain,#ImWithYou",
771210697552166913,2016-08-31 23:58:53,There will be no amnesty! # MakeAmericaGreatAgain # ImWithYou http://www.snappytv.com/tc/2711865,6473,16253,"#MakeAmericaGreatAgain,#ImWithYou",
771212706275741696,2016-09-01 00:06:52,Hillary Clinton doesn't have the strength or the stamina to MAKE AMERICA GREAT AGAIN! # AmericaFirst http://www.snappytv.com/tc/2711885,5801,17000,#AmericaFirst,
771212757517557760,2016-09-01 00:07:04,"Under a Trump administration, it's called # AmericaFirst! # ImWithYouhttp://www.snappytv.com/tc/2711850",7084,19255,"#AmericaFirst,#ImWithYouhttp",
771294347501461504,2016-09-01 05:31:17,Mexico will pay for the wall!,36623,56859,,
771296597963661312,2016-09-01 05:40:13,Thank you to @ foxandfriends for the great review of the speech on immigration last night. Thank you also to the great people of Arizona!,5893,24374,,@foxandfriends
771298236376178688,2016-09-01 05:46:44,Poll numbers way up - making big progress!,8199,31248,,
771352519457005568,2016-09-01 09:22:26,Thank you for having me this morning @ AmericanLegion. I enjoyed my time with everyone! # ALConvention2016pic.twitter.com/19TZEi6EbB,5300,17075,#ALConvention2016pic,@AmericanLegion
771393537900503040,2016-09-01 12:05:25,I am promising you a new legacy for America. We're going to create a new American future. Thank you OHIO! # ImWithYoupic.twitter.com/TUgccsxvoy,8116,24707,#ImWithYoupic,
771481226578460672,2016-09-01 17:53:52,I will be interviewed by @ ericbolling tonight at 8pm on the @ oreillyfactor. Enjoy!,3258,13088,,"@ericbolling,@oreillyfactor"
771686352438042624,2016-09-02 07:28:58,Just heard that crazy and very dumb @ morningmika had a mental breakdown while talking about me on the low ratings @ Morning_Joe. Joe a mess!,4867,17385,,"@morningmika,@Morning"
771687247951298560,2016-09-02 07:32:31,People will be very surprised by our ground game on Nov. 8. We have an army of volunteers and people with GREAT SPIRIT! They want to # MAGA!,7791,23758,#MAGA,
771688054344089601,2016-09-02 07:35:44,"I visited our Trump Tower campaign headquarters last night, after returning from Ohio and Arizona, and it was packed with great pros - WIN!",6013,24624,,
771753541698523136,2016-09-02 11:55:57,Great new poll Iowa - thank you! # MakeAmericaGreatAgain # ImWithYoupic.twitter.com/7hupah1RQN,8547,21213,"#MakeAmericaGreatAgain,#ImWithYoupic",
771854023544549377,2016-09-02 18:35:14,# AmericaFirst # ImWithYoupic.twitter.com/Gtl7DyQkzt,7805,21491,#ImWithYoupic,
772036179420127232,2016-09-03 06:39:03,# ImWithYoupic.twitter.com/I8dHzezmY4,10600,24842,,
772123965938597888,2016-09-03 12:27:53,"Thank you Great Faith Ministries International, Bishop Wayne T. Jackson, and Detroit!http://www.snappytv.com/tc/2727709",9213,23853,,
772166085974130697,2016-09-03 15:15:15,"I am returning to the Pensacola Bay Center in Florida- Friday, 9/9/16 at 7pm. Join me! https://www.donaldjtrump.com/schedule/register/pensacola-fl1/ …pic.twitter.com/wAePlfS0JL",5285,15637,,
772170704687099904,2016-09-03 15:33:36,"Great visit to Detroit church, fantastic reception, and all @ CNN talks about is a small protest outside. Inside a large and wonderful crowd!",9902,31650,,@CNN
772171469476552704,2016-09-03 15:36:39,". @ CNN is so disgusting in their bias, but they are having a hard time promoting Crooked Hillary in light of the new e-mail scandals.",11500,33486,,@CNN
772417922279043073,2016-09-04 07:55:58,"Wow, the failing @ nytimes has not reported properly on Crooked's FBI release. They are at the back of the pack - no longer a credible source",7836,24264,,@nytimes
772465330740404225,2016-09-04 11:04:21,Crooked Hillary's V.P. pick said this morning that I was not aware that Russia took over Crimea. A total lie - and taken over during O term!,5695,18163,,
772467120114397184,2016-09-04 11:11:27,""" @ AnneBellar: @ realDonaldTrump @ CNN CNN is so biased. Never ever watch them. Trump 2016!!""",4785,15510,,"@AnneBellar,@realDonaldTrump,@CNN"
772556213313765377,2016-09-04 17:05:29,"The Republican Party needs strong and committed leaders, not weak people such as @ JeffFlake, if it is going to stop illegal immigration.",5911,18050,,@JeffFlake
772571293438840832,2016-09-04 18:05:24,"The Great State of Arizona, where I just had a massive rally (amazing people), has a very weak and ineffective Senator, Jeff Flake. Sad!",5090,17491,,
772574369633763329,2016-09-04 18:17:38,The polls are close so Crooked Hillary is getting out of bed and will campaign tomorrow.Why did she hammer 13 devices and acid-wash e-mails?,11446,29553,,
772576650718482432,2016-09-04 18:26:41,"To the African-American community: The Democrats have failed you for fifty years, high crime, poor schools, no jobs. I will fix it, VOTE ""T""",10387,30831,,
772582467601588224,2016-09-04 18:49:48,"Lyin' Hillary Clinton told the FBI that she did not know the ""C"" markings on documents stood for CLASSIFIED. How can this be happening?",15866,40783,,
772606281576280064,2016-09-04 20:24:26,""" @ CherNuna: @ realDonaldTrump It defies belief the Web of Lies Hillary is spinning! One excuse after another. Then it's this, then it's that.",4075,13377,,"@CherNuna,@realDonaldTrump"
772607185851408387,2016-09-04 20:28:02,""" @ lblackvelvet: @ realDonaldTrump We need to show Americans that Hillary will KILL our Country !! Vote for Trump !!""",4740,15479,,"@lblackvelvet,@realDonaldTrump"
772607833275830272,2016-09-04 20:30:36,""" @ ronnieclemmons: @ ChrisCJackson @ TakouiS @ realDonaldTrump Trump now leads her by 2 - get real, she will lose big""",3692,12939,,"@ronnieclemmons,@ChrisCJackson,@TakouiS,@realDonaldTrump"
772645091802480640,2016-09-04 22:58:39,""" @ tweak626: I'm at a biker rally in Perry, Kansas...and everyone is a @ realDonaldTrump fan. Love it.""",3974,14508,,"@tweak626,@realDonaldTrump"
772645423097995264,2016-09-04 22:59:58,""" @ OSPREY675: @ Miami4Trump I followed you because you are a patriot & support @ realDonaldTrump, as do I. # MAGA by sticking together.",3094,11591,#MAGA,"@OSPREY675,@Miami4Trump,@realDonaldTrump"
772793658072559616,2016-09-05 08:49:00,President Obama & Putin fail to reach deal on Syria - so what else is new? Obama is not a natural deal maker. Only makes bad deals!,7987,23792,,
772797202922082304,2016-09-05 09:03:05,Can you believe that the Chinese would not give Obama the proper stairway to get off his plane - fight on tarmac!http://nypost.com/2016/09/03/this-is-our-country-tempers-flare-as-obama-arrives-in-china/ …,6475,15738,,
772798809508372480,2016-09-05 09:09:28,# LaborDay # AmericaFirst Video: https://www.facebook.com/DonaldTrump/videos/10157627283230725/ …pic.twitter.com/ZqRtbV4KRI,4874,13162,#AmericaFirst,
772840545668493312,2016-09-05 11:55:19,Thank you American Legion Post 610- for hosting @ Mike_Pence & I for a roundtable with labor leaders. # LaborDay # MAGApic.twitter.com/r0cwJlV38L,5011,16061,"#LaborDay,#MAGApic",@Mike
772863407620034560,2016-09-05 13:26:10,"Heading to Youngstown, Ohio now- some great polls. # AmericaFirstpic.twitter.com/cGwDLSOFUt",8607,21839,#AmericaFirstpic,
772928797419143168,2016-09-05 17:46:00,Thank you Ohio! # AmericaFirstpic.twitter.com/p68GAJdhwu,7881,21913,#AmericaFirstpic,
773113752271060992,2016-09-06 06:00:56,"The truly great Phyllis Schlafly, who honored me with her strong endorsement for president, has passed away at 92. She was very special!",5923,22281,,
773116580733587456,2016-09-06 06:12:11,"China wouldn't provide a red carpet stairway from Air Force One and then Philippines President calls Obama ""the son of a whore."" Terrible!",9097,25867,,
773140702972801024,2016-09-06 07:48:02,"As a tribute to the late, great Phyllis Schlafly, I hope everybody can go out and get her latest book, THE CONSERVATIVE CASE FOR TRUMP.",4719,15457,,
773140953133641729,2016-09-06 07:49:02,Thank you! # AmericaFirstpic.twitter.com/6v4C8ykDVl,8748,23457,#AmericaFirstpic,
773145023319867392,2016-09-06 08:05:12,""" @ Ler: Message for undecided voters: Please wake up and vote DonaldTrump now! Trump/Pence very important save our America before too late!""",5608,16925,,@Ler
773181751749402624,2016-09-06 10:31:09,"Mainstream media never covered Hillary’s massive “hacking” or coughing attack, yet it is #1 trending. What’s up?",11396,29583,#1,
773206341296979972,2016-09-06 12:08:51,Thank you! # VoteTrump # ImWithYoupic.twitter.com/SCEq9LqTTj,10380,27843,"#VoteTrump,#ImWithYoupic",
773218706084290565,2016-09-06 12:57:59,"Join me in Pensacola, Florida this Friday at 7pm! # VoteTrump https://www.donaldjtrump.com/schedule/register/pensacola-fl1/ …pic.twitter.com/0ciDCuoFeO",3989,11693,#VoteTrump,
773250022045548544,2016-09-06 15:02:26,"Thank you to all of our amazing military families, service members, and veterans. # ImWithYoupic.twitter.com/RmQJt0Wxcq",7131,22122,#ImWithYoupic,
773281879848062976,2016-09-06 17:09:01,"Great meeting with military spouses in Virginia- joined by @ IvankaTrump, @ LaraLeaTrump, @ GenFlynn & @ MayorRGiuliani.pic.twitter.com/00GNH9nLet",5628,16159,,"@IvankaTrump,@LaraLeaTrump,@GenFlynn,@MayorRGiuliani"
773318106630463488,2016-09-06 19:32:58,Thank you North Carolina- get out & # VoteTrump on 11/8/2016! # MakeAmericaGreatAgainpic.twitter.com/HX2LRYs4Vq,5474,16187,"#VoteTrump,#MakeAmericaGreatAgainpic",
773330142785630208,2016-09-06 20:20:48,I will be interviewed on @ oreillyfactor tonight at 11pmE @ FoxNews. Enjoy!,2526,10918,,"@oreillyfactor,@FoxNews"
773375897554526208,2016-09-06 23:22:37,""" @ adhd_fa:Kudos to @ PARISDENNARD for standing up to CNN's attempt to bully you and shout you down for defending @ realDonaldTrump # media bias",4360,14088,#media,"@adhd,@PARISDENNARD,@realDonaldTrump"
773539317377478657,2016-09-07 10:11:59,"'Donald Trump leads Hillary Clinton by 19 points among military, veteran voters: poll' # AmericaFirst # MAGAhttp://m.washingtontimes.com/news/2016/sep/7/donald-trump-leads-hillary-clinton-19-points-among/ …",7078,18867,"#AmericaFirst,#MAGAhttp",
773584728276475905,2016-09-07 13:12:26,# AmericaFirst!pic.twitter.com/fQGxwAjXD7,7438,22476,,
773617820944961536,2016-09-07 15:23:56,"Wow - thank you Pensacola, FL. See you Friday at 7pm -- join me! http://bit.ly/2ciou6wFLORIDA pic.twitter.com/LYmpRyY0Hq",5845,18546,,
773643843476611072,2016-09-07 17:07:20,"Thank you Peter - if elected, I will think big for our country & never let the American people down! # AmericaFirsthttps://www.washingtonpost.com/opinions/peter-thiel-trump-has-taught-us-this-years-most-important-political-lesson/2016/09/06/84df8182-738c-11e6-8149-b8d05321db62_story.html?postshare=541473247265202&tid=ss_tw …",6855,17996,#AmericaFirsthttps,
773733162245582849,2016-09-07 23:02:15,Thank you to our fantastic veterans. The reviews and polls from almost everyone of my Commander-in-Chief presentation were great. Nice!,7845,30977,,
773823089331277824,2016-09-08 04:59:36,Thank you America - great # CommanderInChiefForum polls!pic.twitter.com/Rcu6KaRGCB,7853,19047,#CommanderInChiefForum,
773833021837438977,2016-09-08 05:39:04,Thank you to @ foxandfriends for the nice reviews of last night.,3282,13882,,@foxandfriends
773834064465920000,2016-09-08 05:43:12,COMING UP @ GenFlynn @ newtgingrich on @ foxandfriends,1933,8864,,"@GenFlynn,@newtgingrich,@foxandfriends"
773836389943246848,2016-09-08 05:52:27,"Wow, reviews are in - THANK YOU!",4259,18123,,
773855962528620548,2016-09-08 07:10:13,"""A rough night for Hillary Clinton"" ABC News.",7162,24187,,
773903163296473088,2016-09-08 10:17:47,Hillary just gave a disastrous news conference on the tarmac to make up for poor performance last night. She's being decimated by the media!,9150,29447,,
773920230192054272,2016-09-08 11:25:36,Hillary Clinton answered email questions differently last night than she has in the past. She is totally confused. Unfit to serve as # POTUS.,8651,25478,#POTUS,
773948120069615616,2016-09-08 13:16:25,Mexico has lost a brilliant finance minister and wonderful man who I know is highly respected by President Peña Nieto.,4035,14258,,
773948271140016128,2016-09-08 13:17:01,"With Luis, Mexico and the United States would have made wonderful deals together - where both Mexico and the US would have benefitted.",4190,14097,,
773972305642913792,2016-09-08 14:52:32,Last nights results - in poll taken by NBC. # AmericaFirst # ImWithYoupic.twitter.com/sCOnny1fl3,12867,31133,"#AmericaFirst,#ImWithYoupic",
774033670239760384,2016-09-08 18:56:22,More poll results from last nights Commander-in-Chief Forum. # AmericaFirst # TrumpTrainpic.twitter.com/FxyBL6fO1h,8597,21384,"#AmericaFirst,#TrumpTrainpic",
774044548293074944,2016-09-08 19:39:36,It wasn't Matt Lauer that hurt Hillary last night. It was her very dumb answer about emails & the veteran who said she should be in jail.,12400,36552,,
774064919633428480,2016-09-08 21:00:32,Final poll results from NBC on last nights Commander-in-Chief Forum. Thank you! # ImWithYou # MAGApic.twitter.com/C5ipaxUN7B,8822,23019,"#ImWithYou,#MAGApic",
774097705513517057,2016-09-08 23:10:49,The documentary of me that @ CNN just aired is a total waste of time. I don't even know many of the people who spoke about me. A joke!,6689,21743,,@CNN
774255510191239170,2016-09-09 09:37:53,. @ CNN is unwatchable. Their news on me is fiction. They are a disgrace to the broadcasting industry and an arm of the Clinton campaign.,12739,35573,,@CNN
774256782290128896,2016-09-09 09:42:56,Jeff Zucker failed @ NBC and he is now failing @ CNN.,3697,11780,,"@NBC,@CNN"
774299479155544064,2016-09-09 12:32:36,"Henry McMaster, Lt. Governor of South Carolina who endorsed me, beat failed @ CNN announcer Bakari Sellers, so badly. Funny!",4241,14192,,@CNN
774354404162039808,2016-09-09 16:10:51,MAKE AMERICA GREAT AGAIN! # AmericaFirst # ImWithYoupic.twitter.com/JIlNW7myEN,8075,17760,"#AmericaFirst,#ImWithYoupic",
774385288948817920,2016-09-09 18:13:34,Great honor to be endorsed by popular & successful @ gov_gilmore of VA. A state that I very much want to win-THX Jim!pic.twitter.com/x4Y1TAFHvn,6619,18384,,@gov
774386793038778368,2016-09-09 18:19:33,"Thank you Ohio. Together, we will MAKE AMERICA GREAT AGAIN! http://www.DonaldJTrump.com pic.twitter.com/n026nE4XIp",7044,18886,,
774399833733947393,2016-09-09 19:11:22,"Will be delivering a major speech tonight - live on @ oreillyfactor at 8:10pm from Pensacola, Florida.",2927,12018,,@oreillyfactor
774435151975747584,2016-09-09 21:31:43,Thank you Florida - we are going to MAKE AMERICA GREAT AGAIN! Join us: http://www.DonaldJTrump.com . # AmericaFirstpic.twitter.com/vzKtRxzvwv,5850,16816,#AmericaFirstpic,
774484342030602240,2016-09-10 00:47:11,"Dummy writer @ tonyschwartz, who wanted to do a second book with me for years (I said no), is now a hostile basket case who feels jilted!",3561,13464,,@tonyschwartz
774487060384276480,2016-09-10 00:57:59,"I havn't seen @ tonyschwartz in many years, he hardly knows me. Never liked his style. Super lib, Crooked H supporter. Irrelevant dope!",3476,13914,,@tonyschwartz
774491376906100736,2016-09-10 01:15:08,"Just returned from Pensacola, Florida, where the crowd was incredible.",3953,17368,,
774585883165093888,2016-09-10 07:30:40,""" @ Stvzbnk: Just Watched @ tonyschwartz. Obviously Tony is a Total Whack Job @ realDonaldTrump""",1972,8397,,"@Stvzbnk,@tonyschwartz,@realDonaldTrump"
774589019929866240,2016-09-10 07:43:08,"Will be in Missouri today with Melania for the funeral of a wonderful and truly respected woman, Phyllis S!",4931,20147,,
774590070355529728,2016-09-10 07:47:18,"Wow, Hillary Clinton was SO INSULTING to my supporters, millions of amazing, hard working people. I think it will cost her at the Polls!",17571,50585,,
774637168769830912,2016-09-10 10:54:27,"Really sad that Republicans would allow themselves to be used in a Clinton ad. Lindsey Graham, Romney, Flake, Sass. SUPREME COURT, REMEMBER!",10009,29792,,
774673449885192192,2016-09-10 13:18:37,"While Hillary said horrible things about my supporters, and while many of her supporters will never vote for me, I still respect them all!",20951,58870,,
774753598970466304,2016-09-10 18:37:06,Hillary Clinton just had her 47% moment. What a terrible thing she said about so many great Americans!,12546,36985,,
774778026479513600,2016-09-10 20:14:10,"The seriously failing @ nytimes, despite so much winning and poll numbers that will soon put me in first place, only writes dishonest hits!",6488,23021,,@nytimes
775024731883991040,2016-09-11 12:34:30,# NeverForget http://bit.ly/2cvN2jv9DT911,9682,22000,,
775275158340853760,2016-09-12 05:09:36,I will be interviewed on @ foxandfriends at 7:00 A.M.,2581,12225,,@foxandfriends
775293160838819841,2016-09-12 06:21:08,Will be on @ CNBC at @ 7:22. Enjoy!,1938,9469,,"@CNBC,@7"
775361266001084416,2016-09-12 10:51:45,Stopped by @ TrumpDC to thank all of the tremendous men & women for their hard work!pic.twitter.com/oGcJL4N454,7800,26603,,@TrumpDC
775492989175160836,2016-09-12 19:35:11,"Just got back from Asheville, North Carolina, where we had a massive rally. The spirit of the crowd was unbelievable. Thank you! # MAGA",6709,26628,#MAGA,
775496470816514048,2016-09-12 19:49:01,""" @ brimyers813: Saw ur speech on Twitter. U give me hope and optimism. I feel as though I am in the room with u. I pray 4 ur/our success.""",4373,16254,,@brimyers813
775534440240013312,2016-09-12 22:19:53,"Join me in Clive, Iowa tomorrow at noon! # AmericaFirst # MAGA Tickets: https://www.donaldjtrump.com/schedule/register/des-moines-ia3/ …pic.twitter.com/l17uzRPyLs",3454,11288,"#AmericaFirst,#MAGA",
775683959061708800,2016-09-13 08:14:02,Heading to Iowa- join me today at noon! # MakeAmericaGreatAgain Tickets: https://www.donaldjtrump.com/schedule/register/des-moines-ia3/ …pic.twitter.com/QyR2MDYYbZ,3453,12091,#MakeAmericaGreatAgain,
775710725926952961,2016-09-13 10:00:23,"Join us today! Together, we will # MakeAmericaGreatAgain! http://bit.ly/2ctkuf7TeamTrump …pic.twitter.com/e3KQfBR2K8",4333,13056,#MakeAmericaGreatAgain,
775781315081740289,2016-09-13 14:40:53,"Thank you Clive, Iowa! https://instagram.com/p/BKTuSiHj0hP/",2371,9464,,
775818716596477952,2016-09-13 17:09:30,# ImWithYou # AmericaFirstpic.twitter.com/Ne4pI7FyU7,8925,18726,#AmericaFirstpic,
775883010508029953,2016-09-13 21:24:59,CHILD CARE REFORMS THAT WILL MAKE AMERICA GREAT AGAIN! Transcript: http://bit.ly/2c9namgDJTChildcareReform … https://mobile.twitter.com/ABC/status/775876999055224832/video/1 …pic.twitter.com/j389Quo4bg,6175,15579,,
775887550506536960,2016-09-13 21:43:01,Thank you @ RepReneeEllmers! https://www.donaldjtrump.com/press-releases/rep.ellmersapplauds-donald-j.-trumps-innovative-child-care-proposal …pic.twitter.com/rzEw8pQhds,3112,9097,,@RepReneeEllmers
775888025213599744,2016-09-13 21:44:55,Thank you Rep. @ MarshaBlackburn! https://www.donaldjtrump.com/press-releases/rep.-blackburn-applauds-donald-j.-trumps-innovative-child-care-proposal …pic.twitter.com/9gAk0FWqZ8,3374,9781,,@MarshaBlackburn
775888611615080448,2016-09-13 21:47:14,Thank you Rep. @ CynthiaLummis! https://www.donaldjtrump.com/press-releases/rep.-lummisapplauds-donald-j.-trumps-innovative-child-care-proposal …pic.twitter.com/PLUKlsPXPR,3455,10015,,@CynthiaLummis
775894243143483392,2016-09-13 22:09:37,Why isn't President Obama working instead of campaigning for Hillary Clinton?,19990,51321,,
775897251533160448,2016-09-13 22:21:34,Russia took Crimea during the so-called Obama years. Who wouldn't know this and why does Obama get a free pass?,6679,18683,,
776053900780695553,2016-09-14 08:44:02,Thank you Ohio - see you tonight!pic.twitter.com/0DyHkzzWvj,6312,19036,,
776058538137452548,2016-09-14 09:02:28,Great poll Florida - thank you! # ImWithYou # AmericaFirstpic.twitter.com/6Odle7j1hd,9550,28123,"#ImWithYou,#AmericaFirstpic",
776101877805158400,2016-09-14 11:54:41,Thank you @ ATFD17! # ImWithYou Video:https://www.facebook.com/DonaldTrump/posts/10157690605840725 …,2224,7684,#ImWithYou,@ATFD17
776160185337413632,2016-09-14 15:46:23,Thank you Florida- can't wait to see you Friday in Miami! Join me: http://bit.ly/2cIUUroMIAMI pic.twitter.com/JxsWXz05T9,5947,16616,,
776169656080039936,2016-09-14 16:24:01,Thank you Ohio! Just landed in Canton for a rally at the Civic Center. Join me at 7pm: https://www.donaldjtrump.com/schedule/register/canton-oh/ …pic.twitter.com/UtCRxykurW,6676,20192,,
776213027989426176,2016-09-14 19:16:21,Honor to have been interviewed by the very wonderful @ bishopwtjackson in Detroit last week - tune in at 9pmE. Enjoy!https://twitter.com/impacttvnetwork/status/776108316770664448 …,3241,10818,,@bishopwtjackson
776223340595937280,2016-09-14 19:57:20,"Great evening in Canton, Ohio-thank you! We are going to MAKE AMERICA GREAT AGAIN! Join us: http://www.DonaldJTrump.com pic.twitter.com/4MvwUj9eX9",5127,15968,,
776247579600453632,2016-09-14 21:33:39,Great poll out of Nevada- thank you! See you soon. # MAGA # AmericaFirst http://www.DonaldJTrump.com pic.twitter.com/27sR3MjjXc,5475,16510,"#MAGA,#AmericaFirst",
776254365627719680,2016-09-14 22:00:37,I will be interviewed on @ foxandfriends tomorrow at 7am. Enjoy!,2496,10333,,@foxandfriends
776269061823074304,2016-09-14 22:59:01,I was never a fan of Colin Powell after his weak understanding of weapons of mass destruction in Iraq = disaster. We can do much better!,6546,22420,,
776270376846422017,2016-09-14 23:04:14,"""@ghfanlovessonny: @ realDonaldTrump you have my vote in Pennsylvania. Trump 2016"" Thank you!",2892,11588,,@realDonaldTrump
776372090068955136,2016-09-15 05:48:25,Will be on @ foxandfriends at 7:00 A.M. Enjoy!,1738,8941,,@foxandfriends
776428916303138816,2016-09-15 09:34:13,Thank you for having me! I enjoyed the tour and spending time with everyone. See you soon. # MAGAhttps://twitter.com/profootballhof/status/776210913812701184 …,3058,10797,#MAGAhttps,
776432922450616320,2016-09-15 09:50:08,Thank you to all of our law enforcement officers - across America! # LESM # MAGA https://instagram.com/p/BKXDNPCDZKx/ pic.twitter.com/4MTmR8kXVb,7298,19966,"#LESM,#MAGA",
776445262420123648,2016-09-15 10:39:10,Thank you @ JerryJrFalwell!https://twitter.com/jerryjrfalwell/status/776256142112460803 …,2826,9033,,@JerryJrFalwell
776468635955130368,2016-09-15 12:12:03,Full transcript of economic plan- delivered to the Economic Club of New York. # MAGA https://www.facebook.com/DonaldTrump/posts/10157698735525725:0 …pic.twitter.com/Fsy1diPWjU,5002,13199,#MAGA,
776528966668652544,2016-09-15 16:11:47,I will be interviewed by @ jessebwatters on @ oreillyfactor tonight at 8pm. Enjoy!,3033,11290,,"@jessebwatters,@oreillyfactor"
776551473475887104,2016-09-15 17:41:13,Will be joining @ jimmyfallon on @ FallonTonight at 11:35pmE tonight. Enjoy! – bei NBC Studio Tour,3274,11767,,"@jimmyfallon,@FallonTonight"
776552722195705857,2016-09-15 17:46:11,"Instead of driving jobs and wealth away, AMERICA will become the WORLD'S great magnet for innovation & job creation!pic.twitter.com/cvu20ZQSVJ",8880,23958,,
776611024996823040,2016-09-15 21:37:51,""" @ jimmyfallon: Tonight: @ realDonaldTrump, @ normmacdonald, a performance by Kiiara,and your funniest # MyTeacherIsWeird tweets. # FallonTonight",2064,8510,"#MyTeacherIsWeird,#FallonTonight","@jimmyfallon,@realDonaldTrump,@normmacdonald"
776612349079855104,2016-09-15 21:43:07,""" @ AK_TWEET: # TheDonald's hair gets the # JimmyFallon treatment on # TheTonightShow # TrumpPence16 pic.twitter.com/0RRPbfIgXH"" So true!",3633,12593,"#TheDonald,#JimmyFallon,#TheTonightShow,#TrumpPence16",@AK
776624517087133696,2016-09-15 22:31:28,"Thank you for a great evening - Laconia, New Hampshire -- will be back soon! # AmericaFirst http://www.DonaldJTrump.com pic.twitter.com/QWbYm2lY7B",4857,15141,#AmericaFirst,
776773380414537728,2016-09-16 08:23:00,"I am now going to the brand new Trump International, Hotel D.C. for a major statement.",5320,21656,,
776842647294009344,2016-09-16 12:58:14,I am truly honored and grateful for receiving SO much support from our American heroes...http://bit.ly/2csHFXf pic.twitter.com/JJQncd3zhf,8551,22221,,
776888753499561984,2016-09-16 16:01:27,Great parade in The Villages- I love you all. We will # MAGA. Thank you for the incredible support-I will not forget!pic.twitter.com/5qTDijU3hn,8474,24884,#MAGA,
776952133358751744,2016-09-16 20:13:18,"Just leaving Miami for Houston, Oklahoma and Colorado. Miami crowd was fantastic!",4730,18813,,
776998082936315904,2016-09-16 23:15:53,Just arrived in Texas - have been informed two @ fortworthpd officers have been shot. My thoughts and prayers are with them.,6995,22205,,@fortworthpd
777004964409335808,2016-09-16 23:43:14,A very interesting take from @ KatiePavlich:http://townhall.com/tipsheet/katiepavlich/2016/09/16/trumps-most-brilliant-campaign-move-yet-n2219004 …,4278,11707,,@KatiePavlich
777013142526185473,2016-09-17 00:15:44,"""Donald Trump’s birther event is the greatest trick he’s ever pulled""http://wapo.st/2cQoAQC",5622,15715,,
777015676586172417,2016-09-17 00:25:48,My thoughts and prayers go out to the @ PhillyPolice & @ Penn police officers- in Philadelphia.http://abc7news.com/news/2-police-officers-shot-in-west-philadelphia;-suspect-dead-/1515355/?utm_source=dlvr.it&utm_medium=twitter …,6818,17271,,"@PhillyPolice,@Penn"
777022559367770112,2016-09-17 00:53:09,Crooked Hillary wants to take your 2nd Amendment rights away. Will guns be taken from her heavily armed Secret Service detail? Maybe not!,11621,32874,,
777112789672341504,2016-09-17 06:51:41,I never met former Defense Secretary Robert Gates. He knows nothing about me. But look at the results under his guidance - a total disaster!,6014,19649,,
777133433915002880,2016-09-17 08:13:43,". @ CNN just doesn't get it, and that's why their ratings are so low - and getting worse. Boring anti-Trump panelists, mostly losers in life!",10253,32276,,@CNN
777197604887113728,2016-09-17 12:28:43,"Wacky @ NYTimesDowd, who hardly knows me, makes up things that I never said for her boring interviews and column. A neurotic dope!",4968,16675,,@NYTimesDowd
777197786039103488,2016-09-17 12:29:26,"Crazy Maureen Dowd, the wacky columnist for the failing @ nytimes, pretends she knows me well--wrong!",4451,14957,,@nytimes
777260548991819776,2016-09-17 16:38:50,"The failing @ nytimes has gone nuts that Crooked Hillary is doing so badly. They are willing to say anything, has become a laughingstock rag!",8128,25599,,@nytimes
777280259875975169,2016-09-17 17:57:09,"My lawyers want to sue the failing @ nytimes so badly for irresponsible intent. I said no (for now), but they are watching. Really disgusting",6484,22353,,@nytimes
777281927841587200,2016-09-17 18:03:47,"Heading to Colorado for a big rally. Massive crowd, great people! Will be there soon - the polls are looking good.",4671,18978,,
777284744253812740,2016-09-17 18:14:58,"Never met but never liked dopey Robert Gates. Look at the mess the U.S. is in. Always speaks badly of his many bosses, including Obama.",4683,16527,,
777494113834917888,2016-09-18 08:06:56,"I would like to express my warmest regards, best wishes and condolences to all of the families and victims of the horrible bombing in NYC.",13009,43835,,
777616135856545792,2016-09-18 16:11:48,HAPPY BIRTHDAY - to the United States Air Force!!pic.twitter.com/5Gwi1M5R2t,9770,28303,,
777696356211326976,2016-09-18 21:30:34,"Under the leadership of Obama & Clinton, Americans have experienced more attacks at home than victories abroad. Time to change the playbook!",15951,40409,,
777696726933180416,2016-09-18 21:32:03,"Terrible attacks in NY, NJ and MN this weekend. Thinking of victims, their families and all Americans! We need to be strong!",10199,33288,,
777825186758418432,2016-09-19 06:02:30,Will be on @ foxandfriends at 7:02 A.M. Enjoy.,1756,9336,,@foxandfriends
777843428449251328,2016-09-19 07:14:59,""" @ AngPiazza: @ foxandfriends @ realDonaldTrump he's the ONLY candidate that will keep us safe!""",3815,12391,,"@AngPiazza,@foxandfriends,@realDonaldTrump"
777846568741441536,2016-09-19 07:27:28,""" @ TarukMatuk: @ CNN @ FoxNews @ realDonaldTrump @ RogerRice10 Refugees from Syria over 10k plus more coming. Lots young males, poorly vetted.",6353,14882,,"@TarukMatuk,@CNN,@FoxNews,@realDonaldTrump,@RogerRice10"
777908242538196992,2016-09-19 11:32:32,"Great job once again by law enforcement! We are proud of them and should embrace them - without them, we don't have a country!",13380,40761,,
777910435425226753,2016-09-19 11:41:15,Once again someone we were told is ok turns out to be a terrorist who wants to destroy our country & its people- how did he get thru system?,12946,34391,,
777913567676866560,2016-09-19 11:53:42,"Hillary Clinton's weakness while she was Secretary of State, has emboldened terrorists all over the world..cont: http://bit.ly/2cNwnwE",8604,20837,,
777958440211771392,2016-09-19 14:52:00,Philly FOP Chief On Presidential Endorsement: Clinton ‘Blew The Police Off'http://philadelphia.cbslocal.com/2016/09/19/philly-fop-chief-on-presidential-endorsment-clinton-blew-the-police-off/ …,6642,14328,,
778024608733749249,2016-09-19 19:14:56,"I will be interviewed on the @ oreillyfactor - tonight from Florida, now. Enjoy!",2338,11135,,@oreillyfactor
778025630956912640,2016-09-19 19:19:00,"Together, we will MAKE AMERICA SAFE AND GREAT AGAIN! # ImWithYou # AmericaFirstpic.twitter.com/XhwUGw0v2H",8782,23268,"#ImWithYou,#AmericaFirstpic",
778027605572329472,2016-09-19 19:26:50,Amazing rally in Florida - this is a MOVEMENT! Join us today at http://www.DonaldJTrump.com .pic.twitter.com/BF1IqPXNho,6883,18949,,
778202693215068161,2016-09-20 07:02:35,"Crooked Hillary has been fighting ISIS, or whatever she has been doing, for years. Now she has new ideas. It is time for change.",7636,22986,,
778229686769967104,2016-09-20 08:49:50,Thank you Georgia! # AmericaFirst # MakeAmericaGreatAgain http://www.DonaldJTrump.com pic.twitter.com/y01qpON7h7,4841,14285,"#AmericaFirst,#MakeAmericaGreatAgain",
778229963216519168,2016-09-20 08:50:56,Thank you Nevada! # AmericaFirst # MakeAmericaGreatAgain http://www.DonaldJTrump.com pic.twitter.com/RJqHgq2Rn0,4914,14513,"#AmericaFirst,#MakeAmericaGreatAgain",
778237485402980352,2016-09-20 09:20:50,Do people notice Hillary is copying my airplane rallies - she puts the plane behind her like I have been doing from the beginning.,9935,32818,,
778237787355111424,2016-09-20 09:22:02,Heading to North Carolina for two big rallies. Will be there soon. We will bring jobs back where they belong!,5391,19996,,
778238281196662784,2016-09-20 09:23:59,"Hillary Clinton is taking the day off again, she needs the rest. Sleep well Hillary - see you at the debate!",23920,61585,,
778331181083418624,2016-09-20 15:33:08,"Thank you High Point, NC! I will fight for every neglected part of this nation & I will fight to bring us together as one American people!pic.twitter.com/BJh3D5sU3h",8021,23990,,
778385212505989120,2016-09-20 19:07:51,"Thank you Kenansville, North Carolina! Remember- on November 8th, that special interest gravy train is coming to a very abrupt end! # MAGApic.twitter.com/DFzuUrWogB",6791,20797,#MAGApic,
778553790568001540,2016-09-21 06:17:43,"It is a MOVEMENT - not a campaign. Leaving the past behind, changing our future. Together, we will MAKE AMERICA SAFE AND GREAT AGAIN!pic.twitter.com/9uRE3tpo4l",13999,35638,,
778584630396129281,2016-09-21 08:20:15,The situations in Tulsa and Charlotte are tragic. We must come together to make America safe again.,7901,23307,,
778585375174451200,2016-09-21 08:23:13,"Hopefully the violence & unrest in Charlotte will come to an immediate end. To those injured, get well soon. We need unity & leadership.",10922,32357,,
778701067588472832,2016-09-21 16:02:56,"Thank you Toledo, Ohio! It is so important for you to get out and VOTE on November 8, 2016! Lets MAKE AMERICA SAFE AND GREAT AGAIN!pic.twitter.com/B8UVgfgRnQ",7512,24219,,
778724315244040194,2016-09-21 17:35:19,"Great new polls! Thank you Nevada, North Carolina & Ohio. Join the MOVEMENT today & lets # MAGA! http://www.DonaldJTrump.com pic.twitter.com/NnHAEe8Daz",8536,22642,#MAGA,
778758058394738689,2016-09-21 19:49:24,. @ YoungDems4Trump Thank you!,4869,17292,,@YoungDems4Trump
778759324491538432,2016-09-21 19:54:26,"""@ThAllenSBoucher: @ DiamondandSilk @ realDonaldTrump @ seanhannity I love those beautiful gals."" D + S = Two amazing women!",3793,13130,,"@DiamondandSilk,@realDonaldTrump,@seanhannity"
778760237629210624,2016-09-21 19:58:03,"I will be interviewed from Cleveland, Ohio, on @ seanhannity - Tonight at 10:00 P.M. Enjoy!",3272,12122,,@seanhannity
778912230633005056,2016-09-22 06:02:01,Will be on @ foxandfriends now.,1890,10426,,@foxandfriends
778968533749338112,2016-09-22 09:45:45,"Join me in Roanoke, Virginia on Saturday evening at 6pm! # MAGA https://www.donaldjtrump.com/schedule/register/roanoke-va1/ …",3721,11346,#MAGA,
779127602988650498,2016-09-22 20:17:50,This is more than a campaign- it is a movement. # MakeAmericaGreatAgain SIGN UP TODAY & WE WILL WIN!https://www.donaldjtrump.com/volunteer,5087,15499,#MakeAmericaGreatAgain,
779140534753435648,2016-09-22 21:09:13,Spoke with Governor @ PatMcCroryNC of North Carolina today. He is doing a tremendous job under tough circumstances.,6819,23033,,@PatMcCroryNC
779349049778601984,2016-09-23 10:57:47,Tomorrow's the day! Knock on doors and make calls with us on National Day of Action! # TrumpTrain # MAGA http://gop.cm/nv5vmm pic.twitter.com/iYMMLhXYZu,5184,13703,"#TrumpTrain,#MAGA",
779371482329837568,2016-09-23 12:26:56,"Hillary Clinton just lost every Republican she ever had, including Never Trump, all farmers & sm. biz, by saying she’ll tax estates at 65%.",16284,32737,,
779372844513947648,2016-09-23 12:32:20,'How Trump Would Stimulate the U.S. Economy'https://www.washingtonpost.com/opinions/how-trump-would-stimulate-the-us-economy/2016/09/23/b889458e-80ef-11e6-b002-307601806392_story.html?utm_term=.e8053b6cc3b7 …,5818,13245,,
779413482882162688,2016-09-23 15:13:49,"Join me in Roanoke, Virginia tomorrow at the Berglund Center- Coliseum ~ 6pm! Tickets available at: https://www.donaldjtrump.com/schedule/register/roanoke-va1/ …pic.twitter.com/p3RyWOmHfs",3781,11195,,
779503099492831233,2016-09-23 21:09:56,"Crooked Hillary's bad judgement forced her to announce that she would go to Charlotte on Saturday to grandstand. Dem pols said no way, dumb!",7511,23214,,
779638140810194944,2016-09-24 06:06:32,Today is the day! Knock on doors and make calls with us on National Day of Action! # TrumpTrain # MAGA http://gop.cm/nv5vmm pic.twitter.com/4UFXDuj5vy,5773,15973,"#TrumpTrain,#MAGA",
779660413000617985,2016-09-24 07:35:02,The @ SenTedCruz endorsement was a wonderful surprise. I greatly appreciate his support! We will have a tremendous victory on November 8th.,10235,35714,,@SenTedCruz
779662636770353152,2016-09-24 07:43:52,""" @ KellyannePolls: Trump is headed for a win, says professor who has predicted 30 years of presidential outcomes http://wpo.st/hQg-2 """,8281,20701,,@KellyannePolls
779684468814667777,2016-09-24 09:10:37,Will be back in Virginia tonight- for a 6pm rally at the Berglund Center in Roanoke. Join me! Tickets: https://www.donaldjtrump.com/schedule/register/roanoke-va1/ …pic.twitter.com/V2ckDv0YwT,3964,13554,,
779729180334387200,2016-09-24 12:08:17,"If dopey Mark Cuban of failed Benefactor fame wants to sit in the front row, perhaps I will put Gennifer Flowers right alongside of him!",22959,46920,,
779827513375780864,2016-09-24 18:39:02,"Thank you Roanoke, Virginia - this a MOVEMENT - join us today! Sign up: http://gop.cm/nv5vmm # AmericaFirst # ImWithYoupic.twitter.com/0PRoAfs4eQ",5320,17309,"#AmericaFirst,#ImWithYoupic",
780021651962462208,2016-09-25 07:30:28,"Many on the team and staff of Bernie Sanders have been treated badly by the Hillary Clinton campaign - and they like Trump on trade, a lot!",7054,23755,,
780030282854432768,2016-09-25 08:04:46,Bernie Sanders gave Hillary the Dem nomination when he gave up on the e-mails. That issue has only gotten bigger!,6911,21829,,
780034352604405760,2016-09-25 08:20:56,Looking forward to my meeting with Benjamin Netanyahu in Trump Tower at 10:00 A.M.,7026,25884,,
780108403326775297,2016-09-25 13:15:11,Readout of my meeting with Israeli Prime Minister Benjamin Netanyahu: https://www.facebook.com/DonaldTrump/posts/10157759149590725:0 …pic.twitter.com/6KDPrQxSED,9664,25705,,
780199873979219968,2016-09-25 19:18:40,Five people killed in Washington State by a Middle Eastern immigrant. Many people died this weekend in Ohio from drug overdoses. N.C. riots!,9069,24622,,
780213717082529792,2016-09-25 20:13:40,"Really sad news: The great Arnold Palmer, the ""King,"" has died. There was no-one like him - a true champion! He will be truly missed.",14024,52238,,
780377077518364673,2016-09-26 07:02:48,New national Bloomberg poll just released - thank you! Join the MOVEMENT: http://www.DonaldJTrump.com . # TrumpTrain # MAGApic.twitter.com/4kQX4pmt0I,9501,23973,"#TrumpTrain,#MAGApic",
780535389853458432,2016-09-26 17:31:53,My team of deplorables will be managing my Twitter account for this evenings debate. Tune in! # DebateNight # TrumpPence16,15726,48461,"#DebateNight,#TrumpPence16",
780569413321789440,2016-09-26 19:47:05,Why isn't Hillary Clinton 50 points ahead? # DebateNightpic.twitter.com/iux7icIkaT,15240,28552,#DebateNightpic,
780577426657120258,2016-09-26 20:18:55,. @ HillaryClinton and Obama policies increased debt by $9trillion over the last 8 years,6486,15047,,@HillaryClinton
780578636294459392,2016-09-26 20:23:43,. @ HillaryClinton channels John Kerry on trade: she was for bad trade deals before she was against them. # TPP # Debates2016,4314,11355,"#TPP,#Debates2016",@HillaryClinton
780579728964980736,2016-09-26 20:28:04,"Instead of driving jobs and wealth away, AMERICA will become the world's great magnet for innovation and job creation. # DebateNightpic.twitter.com/joA9Jc0cdm – bei Hofstra University",6434,17857,#DebateNightpic,
780579923295600640,2016-09-26 20:28:50,. @ HillaryClinton has been part of the rigged DC system for 30 years? Why would we take policy advice from her? # Debates2016,8245,19873,#Debates2016,@HillaryClinton
780580825234415616,2016-09-26 20:32:25,A Clinton economy = more taxes and more spending! # DebateNightpic.twitter.com/oFlaAhrwe5 – bei Hofstra University,6744,14356,#DebateNightpic,
780581215820591104,2016-09-26 20:33:59,HILLARY'S BAD TAX HABIT!pic.twitter.com/x3FBy8Hdq2,10342,18971,,
780581933176778752,2016-09-26 20:36:50,"This is the simple fact about @ HillaryClinton: she is a typical politician - all talk, no action. # Debates2016",11072,28196,#Debates2016,@HillaryClinton
780585742850555904,2016-09-26 20:51:58,I will stand with police and protect ALL Americans! # Debates2016 # MAGApic.twitter.com/CX4oEWgEMp,10487,29780,"#Debates2016,#MAGApic",
780592744355893248,2016-09-26 21:19:47,. @ HillaryClinton's 2008 Campaign And Supporters Trafficked In Rumors About Obama's Heritage # DebateNight http://bit.ly/2dc3mNo – bei Hofstra University,4745,10058,#DebateNight,@HillaryClinton
780593298247483392,2016-09-26 21:21:59,Hillary Clinton is the only candidate on stage who voted for the Iraq War. # Debates2016 # MAGA https://www.donaldjtrump.com/press-releases/hillary-clinton-is-the-only-candidate-on-stage-to-vote-for-iraq-war …,7510,17172,"#Debates2016,#MAGA",
780594362862362624,2016-09-26 21:26:13,Hillary Clinton failed all over the world. LIBYA SYRIA IRAN IRAQ ASIA PIVOT RUSSIAN RESET BENGHAZI # DebateNightpic.twitter.com/e70AtE6lNR – bei Hofstra University,18900,35479,#DebateNightpic,
780594918616162304,2016-09-26 21:28:26,"Russia has more warheads than ever, N Korea is testing nukes, and Iran got a sweetheart deal to keep theirs. Thanks, @ HillaryClinton.",10104,23047,,@HillaryClinton
780596871102201856,2016-09-26 21:36:11,. @ HillaryClinton - Obama # ISIS Strategy Has Allowed It To Expand To Become A Global Threat # DebateNight http://bit.ly/2cYItFY – bei Hofstra University,5630,12596,"#ISIS,#DebateNight",@HillaryClinton
780597941979480064,2016-09-26 21:40:26,Nothing on emails. Nothing on the corrupt Clinton Foundation. And nothing on # Benghazi. # Debates2016 # debatenight,25282,48730,"#Benghazi,#Debates2016,#debatenight",
780598541441912832,2016-09-26 21:42:49,. @ HillaryClinton’s Nuclear Agreement Paved The Way For The $400 Million Ransom Payment # DebateNight https://www.donaldjtrump.com/press-releases/clintons-nuclear-agreement-paved-the-way-for-the-400-million-ransom-payment …,7275,16045,#DebateNight,@HillaryClinton
780617562476441601,2016-09-26 22:58:24,Thank you Senator @ TedCruz! # Debates2016 # MAGApic.twitter.com/cgO6109USJ,16258,34861,"#Debates2016,#MAGApic",@TedCruz
780618351601192960,2016-09-26 23:01:32,Thank you Governor @ Mike_Pence! Lets MAKE AMERICA SAFE AND GREAT AGAIN with the American people. # AmericaFirst # Debates2016https://twitter.com/mike_pence/status/780615043809435649 …,6467,19273,"#AmericaFirst,#Debates2016https",@Mike
780618680338178048,2016-09-26 23:02:51,Thank you Governor @ TerryBranstad! # AmericaFirst # Debates2016https://twitter.com/teamtrump/status/780603926949363712 …,4798,12369,"#AmericaFirst,#Debates2016https",@TerryBranstad
780626558176333824,2016-09-26 23:34:09,"Wow, did great in the debate polls (except for @ CNN - which I don't watch). Thank you!",10526,33867,,@CNN
780637633890451456,2016-09-27 00:18:10,". @ newtgingrich just said ""a historic victory for Trump."" NICE!",6582,20639,,@newtgingrich
780642262921441280,2016-09-27 00:36:33,"TIME # DebateNight poll - over 800,000 votes. Thank you! # AmericaFirst # MAGApic.twitter.com/bTPX9E0wKu",10389,23064,"#DebateNight,#AmericaFirst,#MAGApic",
780644145492877312,2016-09-27 00:44:02,"Thank you! CNBC # DebateNight poll with over 400,000 votes. Trump 61% Clinton 39% # AmericaFirst # ImWithYou https://instagram.com/p/BK2RrsHjTDR/ pic.twitter.com/lgu6tOkYCP",14066,30314,"#DebateNight,#AmericaFirst,#ImWithYou",
780646830090641408,2016-09-27 00:54:42,. @ DRUDGE_REPORT's First Presidential Debate Poll: Trump: 80% Clinton: 20% Join the MOVEMENT today & lets # MAGA! http://www.DonaldJTrump.com pic.twitter.com/jV2pwNjWC2,9336,21575,#MAGA,@DRUDGE
780656338628145153,2016-09-27 01:32:29,"Thank you! Four new # DebateNight polls with the MOVEMENT winning. Together, we will MAKE AMERICA SAFE & GREAT AGAIN! http://www.DonaldJTrump.com pic.twitter.com/Yl2XShopEv",9294,20848,#DebateNight,
780719876335894528,2016-09-27 05:44:58,Great debate poll numbers - I will be on @ foxandfriends at 7:00 to discuss. Enjoy!,3992,14310,,@foxandfriends
780752274020761601,2016-09-27 07:53:42,I really enjoyed the debate last night.Crooked Hillary says she is going to do so many things.Why hasn't she done them in her last 30 years?,21302,61071,,
780752731418009600,2016-09-27 07:55:31,'How Trump won over a bar full of undecideds and Democrats'http://nypost.com/2016/09/26/the-best-debate-takes-come-from-inside-the-bar/ …,7030,15075,,
780757611914391552,2016-09-27 08:14:55,I won every poll from last nights Presidential Debate - except for the little watched @ CNN poll.,9321,27620,,@CNN
780758306239512577,2016-09-27 08:17:40,The #1 trend on Twitter right now is # TrumpWon - thank you!,18005,49576,"#1,#TrumpWon",
780766220618436608,2016-09-27 08:49:07,'True blue-collar billionaire Donald Trump shows Hillary Clinton is out of touch'http://www.bostonherald.com/news/columnists/tom_shattuck/2016/09/shattuck_true_blue_collar_billionaire_donald_trump_shows …,6381,13896,,
780781327050235905,2016-09-27 09:49:09,Hillary's been failing for 30 years in not getting the job done - it will never change.,13048,33092,,
780781898071207940,2016-09-27 09:51:25,Thank you! # TrumpWon # MAGAhttp://www.dailymail.co.uk/news/article-3809204/Most-snap-polls-Trump-winning-debate-landslide.html …,7516,16718,"#TrumpWon,#MAGAhttp",
780783037743267840,2016-09-27 09:55:57,'U.S. Murders Increased 10.8% in 2015' via @ WSJ:http://www.wsj.com/articles/murders-in-the-u-s-rose-in-2015-1474897888 …,6163,10611,,@WSJ
780796008854876160,2016-09-27 10:47:29,Such a great honor. Final debate polls are in - and the MOVEMENT wins! # AmericaFirst # MAGA # ImWithYou http://www.DonaldJTrump.com pic.twitter.com/sfCEE3I5pF,14561,28504,"#AmericaFirst,#MAGA,#ImWithYou",
780813996739981316,2016-09-27 11:58:58,"Thank you for your endorsement, @ GovernorSununu. # MAGA https://www.donaldjtrump.com/press-releases/john-h.-sununu-endorses-donald-j.-trump …",5119,13753,#MAGA,@GovernorSununu
780826236213927937,2016-09-27 12:47:36,"Well, now they're saying that I not only won the NBC Presidential Forum, but last night the big debate. Nice!",9447,30241,,
780853860135006211,2016-09-27 14:37:22,"In the last 24 hrs. we have raised over $13M from online donations and National Call Day, and we’re still going! Thank you America! # MAGA",9104,30492,#MAGA,
780859319319400448,2016-09-27 14:59:04,Great afternoon in Little Havana with Hispanic community leaders. Thank you for your support! # ImWithYoupic.twitter.com/vxWZ2tyJTF,7515,20106,#ImWithYoupic,
780861171238834176,2016-09-27 15:06:25,"'CNBC, Time magazine online polls say Donald Trump won the first presidential debate' via @ WashTimes. # MAGAhttp://m.washingtontimes.com/news/2016/sep/27/cnbc-time-magazine-online-polls-say-donald-trump-w/ …",6375,14891,#MAGAhttp,@WashTimes
780863218646474757,2016-09-27 15:14:33,Hillary Clinton's Campaign Continues To Make False Claims About Foundation Disclosure: http://bit.ly/2d4cDe8,6059,13239,,
780876760086880256,2016-09-27 16:08:22,"Once again, we will have a government of, by and for the people. Join the MOVEMENT today! http://bit.ly/2dxrgjaMOVEMENT pic.twitter.com/uYwJrtZkAe",8101,18970,,
780893126605037568,2016-09-27 17:13:24,"Join me for a 3pm rally - tomorrow at the Mid-America Center in Council Bluffs, Iowa! Tickets: https://www.donaldjtrump.com/schedule/register/council-bluffs-ia3/ …pic.twitter.com/KPrddWxafZ",4689,12040,,
780935820299599872,2016-09-27 20:03:03,"Unbelievable evening in Melbourne, Florida w/ 15,000 supporters- and an additional 12,000 who could not get in. Thank you! # TrumpTrain # MAGApic.twitter.com/2N3Xq7AGmx – bei Orlando Sanford International Airport (SFB)",13870,37821,"#TrumpTrain,#MAGApic",
780954455504199680,2016-09-27 21:17:06,My supporters are the best! $18 million from hard-working people who KNOW what we can be again! Shatter the record:http://bit.ly/shatterrecords,8446,24225,,
781111479974199296,2016-09-28 07:41:03,"Every on-line poll, Time Magazine, Drudge etc., has me winning the debate. Thank you to Fox & Friends for so reporting!",9235,31476,,
781166581963296768,2016-09-28 11:20:01,"Join me in Council Bluffs, Iowa- today at 3pm! # MakeAmericaGreatAgain Tickets: https://www.donaldjtrump.com/schedule/register/council-bluffs-ia3/ …",3765,9590,#MakeAmericaGreatAgain,
781183298110230528,2016-09-28 12:26:26,Melania and I extend our deepest condolences to the family of Shimon Peres...http://bit.ly/2dahkw1DJTFacebook …,5466,14460,,
781186755177308165,2016-09-28 12:40:10,An honor to meet with the Polish American Congress in Chicago this morning! # ImWithYou Video: http://bit.ly/2dah1e7TrumpFBLive …pic.twitter.com/JicEHx6nIe,6137,14612,#ImWithYou,
781265981675036672,2016-09-28 17:54:59,"Thank you Council Bluffs, Iowa! Will be back soon. Remember- everything you need to know about Hillary -- just # FollowTheMoney.pic.twitter.com/Z6FQ3aXdEA",7350,16918,#FollowTheMoney,
781280866634964992,2016-09-28 18:54:08,"Join me live in Waukesha, Wisconsin for an 8pmE rally! # AmericaFirst # MAGA https://www.facebook.com/DonaldTrump/posts/10157785229045725 …",3250,8761,"#AmericaFirst,#MAGA",
781282739026735105,2016-09-28 19:01:35,"Joining @ oreillyfactor from Waukesha, Wisconsin - now, live! Enjoy!",3641,11650,,@oreillyfactor
781325613189754880,2016-09-28 21:51:57,"Thank you Waukesha, Wisconsin! Full transcript of my speech, # FollowTheMoney: http://bit.ly/2cMpbnvFollowTheMoney …pic.twitter.com/WdKK6nJCZW – bei Waukesha County Airport (UES)",5694,13297,#FollowTheMoney,
781333457477758976,2016-09-28 22:23:07,"Join me in Bedford, New Hampshire- tomorrow at 3:00pm. Can't wait to see everyone! # AmericaFirst # MAGA https://www.donaldjtrump.com/schedule/register/bedford-nh/ …pic.twitter.com/zBtYfuqMmK",5568,12994,"#AmericaFirst,#MAGA",
781338220609073152,2016-09-28 22:42:03,"Will be in Novi, Michigan this Friday at 5:00pm. Join the MOVEMENT! Tickets available at: https://www.donaldjtrump.com/schedule/register/novi-mi/ … # AmericaFirst # TrumpTrainpic.twitter.com/4V2bDNXF4n",6075,13298,"#AmericaFirst,#TrumpTrainpic",
781555624446418944,2016-09-29 13:05:56,My condolences to those involved in today's horrible accident in NJ and my deepest gratitude to all of the amazing first responders.,9361,32557,,
781573427417128960,2016-09-29 14:16:40,"Join me in Manheim, Pennsylvania on Saturday at 7pm! # TrumpRally Tickets: https://www.donaldjtrump.com/schedule/register/manheim-pa/ …pic.twitter.com/LNWQZ9yUJy",5957,13296,#TrumpRally,
781608228710785024,2016-09-29 16:34:57,"Thank you for joining me this afternoon, New Hampshire! Will be back soon. # FollowTheMoney Speech transcript: https://www.facebook.com/DonaldTrump/posts/10157791494485725:0 …pic.twitter.com/5hNrpkXEJS",5461,13849,#FollowTheMoney,
781619038699094016,2016-09-29 17:17:55,"While Hillary profits off the rigged system, I am fighting for you! Remember the simple phrase: # FollowTheMoney https://www.facebook.com/DonaldTrump/videos/10157784190830725/ …pic.twitter.com/rJXAzsaIwI",14337,25445,#FollowTheMoney,
781678954570735616,2016-09-29 21:16:00,"Wow, did you see how badly @ CNN (Clinton News Network) is doing in the ratings. With people like @ donlemon, who could expect any more?",11336,31018,,"@CNN,@donlemon"
781755469488615424,2016-09-30 02:20:02,"Anytime you see a story about me or my campaign saying ""sources said,"" DO NOT believe it. There are no sources, they are just made up lies!",15584,37670,,
781784161044553728,2016-09-30 04:14:03,"Wow, Crooked Hillary was duped and used by my worst Miss U. Hillary floated her as an ""angel"" without checking her past, which is terrible!",9228,23611,,
781785509639118848,2016-09-30 04:19:25,Using Alicia M in the debate as a paragon of virtue just shows that Crooked Hillary suffers from BAD JUDGEMENT! Hillary was set up by a con.,9593,23691,,
781788223055994880,2016-09-30 04:30:11,Did Crooked Hillary help disgusting (check out sex tape and past) Alicia M become a U.S. citizen so she could use her in the debate?,14779,28598,,
781838706030313472,2016-09-30 07:50:48,"Remember, don't believe ""sources said"" by the VERY dishonest media. If they don't name the sources, the sources don't exist.",14211,32021,,
781861632167256064,2016-09-30 09:21:54,The people are really smart in cancelling subscriptions to the Dallas & Arizona papers & now USA Today will lose readers! The people get it!,11559,31510,,
781922648645185536,2016-09-30 13:24:21,"Why isn't Hillary 50 points ahead? Maybe it's the email scandal, policies that spread ISIS, or calling millions of Americans deplorables!pic.twitter.com/cvaMSAnAnE",21893,45389,,
781926033159249920,2016-09-30 13:37:48,"For those few people knocking me for tweeting at three o'clock in the morning, at least you know I will be there, awake, to answer the call!",40286,105715,,
781947646319665152,2016-09-30 15:03:41,"Join me in Pueblo, Colorado on Monday afternoon at 3pm! # TrumpRally http://bit.ly/2d1X55mCOLORADO",4904,10991,#TrumpRally,
781949464152006657,2016-09-30 15:10:54,Thank you for your support - on my way now! See you soon. # TrumpTrainhttps://twitter.com/rsbnetwork/status/781935134400471041 …,7071,17139,#TrumpTrainhttps,
781992481160323072,2016-09-30 18:01:50,"Thank you Novi, Michigan! Get out and VOTE # TrumpPence16 on 11/8. Together, WE WILL MAKE AMERICA GREAT AGAIN! # AmericaFirstpic.twitter.com/Loz1biPhhs",8790,20412,"#TrumpPence16,#AmericaFirstpic",
782020266771812352,2016-09-30 19:52:15,I believe in # AmericaFirst and that means FAMILY FIRST! My childcare plan reflects the needs of modern working-class families. # ImWithYoupic.twitter.com/K2Mc41OfAT,14679,33171,"#AmericaFirst,#ImWithYoupic",
782264189574377472,2016-10-01 12:01:31,"Crooked H is nasty to Sanders supporters behind closed doors. Owned by Wall St and Politicians, HRC is not with you.http://www.politico.com/story/2016/09/hillary-clinton-bernie-sanders-supporters-audio-leak-228997 …",13522,24551,,
782313153308884992,2016-10-01 15:16:05,"I won the debate if you decide without watching the totally one-sided ""spin"" that followed. This despite the really bad microphone.",8860,29452,,
782321125984436224,2016-10-01 15:47:45,The so-called Commission on Presidential Debates admitted to us that the DJT audio & sound level was very bad. So why didn't they fix it?,8803,22849,,
782330717539803136,2016-10-01 16:25:52,"Wow, just saw the really bad @ CNN ratings. People don't want to watch bad product that only builds up Crooked Hillary.",9045,24989,,@CNN
782331741369462784,2016-10-01 16:29:56,Heading to Pennsylvania for a big rally tonight. We will MAKE AMERICA GREAT AGAIN!,7499,24650,,
782541307168391168,2016-10-02 06:22:41,I know our complex tax laws better than anyone who has ever run for president and am the only one who can fix them. # failing@nytimes,12992,33764,#failing,
782544407593619457,2016-10-02 06:35:00,I have created tens of thousands of jobs and will bring back great American prosperity. Hillary has only created jobs at the FBI and DOJ!,15932,41965,,
782553353242841088,2016-10-02 07:10:33,""" @ trumplican2016: . @ realDonaldTrump There will be MASSIVE turnout for you, Mr. Trump - These polls don't register the pulse of the PEOPLE!",8726,22509,,"@trumplican2016,@realDonaldTrump"
782698760514207744,2016-10-02 16:48:21,Bernie should pull his endorsement of Crooked Hillary after she decieved him and then attacked him and his supporters.,13523,35655,,
782701472685420544,2016-10-02 16:59:07,"Melania and I extend our warmest greetings to those observing Rosh Hashanah here in the United States, in Israel, and around the world.",10138,31493,,
782728287718150144,2016-10-02 18:45:40,Just announced that Iraq (U.S.) is preparing for battle to reclaim Mosul. Why do they have to announce this? Makes mission much harder!,11468,30531,,
782946021957599232,2016-10-03 09:10:52,"Join me in Henderson, Nevada on Wednesday at 11:30am! # MAGA Tickets: https://www.donaldjtrump.com/schedule/register/henderson-nv1/ …",5063,11317,#MAGA,
783059449128759296,2016-10-03 16:41:35,"Thank you Pueblo, Colorado! # TrumpRally # AmericaFirst http://www.DonaldJTrump.com pic.twitter.com/rFAf7xYNhy",5437,12357,"#TrumpRally,#AmericaFirst",
783065029172088832,2016-10-03 17:03:46,We must bring the truth directly to hard-working Americans who want to take our country back. # BigLeagueTruth http://www.BigLeagueTruth.com pic.twitter.com/qM4zwgYtce,9719,20145,#BigLeagueTruth,
783129603363659776,2016-10-03 21:20:21,Thank you Colorado! # MAGA http://www.DonaldJTrump.com https://instagram.com/p/BLH1nOIDSyu/ pic.twitter.com/wIGNtKPA2X,7589,17628,#MAGA,
783149570721144832,2016-10-03 22:39:42,"Join me in Reno, Nevada on Wednesday at 3:30pm at the Reno-Sparks Convention Center! # MAGA Tickets: https://www.donaldjtrump.com/schedule/register/reno-nv2/ …pic.twitter.com/rys0Qu5Tw8",5643,12030,#MAGA,
783390310969651200,2016-10-04 14:36:19,"Join me in Reno, Nevada tomorrow at 3:30pm! # AmericaFirst # MAGA Tickets: https://www.donaldjtrump.com/schedule/register/reno-nv2/ …",2690,7514,"#AmericaFirst,#MAGA",
783391423663964160,2016-10-04 14:40:44,I will be watching the great Governor @ Mike_Pence and live tweeting the VP debate tonight starting at 8:30pm est! Enjoy!,6033,20891,,@Mike
783393314309484544,2016-10-04 14:48:15,"My childcare plan makes a difference for working families - more money, more freedom. # AmericaFirst means # FamilyFirst!pic.twitter.com/MO6i0RSUbp",7833,19237,"#AmericaFirst,#FamilyFirst",
783436108176629760,2016-10-04 17:38:18,"Thank you ARIZONA! This is a MOVEMENT like nobody has ever seen before. Together, we are going to MAKE AMERICA SAFE AND GREAT AGAIN!pic.twitter.com/iB2oYbFOaZ",5652,15825,,
783452759462850560,2016-10-04 18:44:28,Join the MOVEMENT! http://www.DonaldJTrump.com pic.twitter.com/BS5JLelPJd,4566,11325,,
783455640643514368,2016-10-04 18:55:55,"Wow, did you just hear Bill Clinton's statement on how bad ObamaCare is. Hillary not happy. As I have been saying, REPEAL AND REPLACE!",9635,27907,,
783459936361512960,2016-10-04 19:12:59,"Wow, @ CNN is so negative. Their panel is a joke, biased and very dumb. I'm turning to @ FoxNews where we get a fair shake! Mike will do great",6806,28704,,"@CNN,@FoxNews"
783461358436089856,2016-10-04 19:18:38,I will be live-tweeting the V.P. Debate. Very exciting! MAKE AMERICA GREAT AGAIN!,4388,17081,,
783472068796911616,2016-10-04 20:01:12,Here we go - Enjoy!,3306,14596,,
783473247694102528,2016-10-04 20:05:53,Both are looking good! Now we begin!,1795,9348,,
783473285535150080,2016-10-04 20:06:02,. @ megynkelly- I am in Nevada. Sorry to inform you Kellyanne is in the audience. Better luck next time.,3034,11853,,@megynkelly
783474976842059777,2016-10-04 20:12:45,""" @ RoadkingL: @ mike_pence Wow, Kaine couldn't go 12 seconds without a lie. Marines and military are scared of the liar running. # bengazi""",5490,17682,#bengazi,"@RoadkingL,@mike"
783475635712765952,2016-10-04 20:15:22,""" @ lainey34210: @ realDonaldTrump Great opening Pence""",3066,14873,,"@lainey34210,@realDonaldTrump"
783475795238858752,2016-10-04 20:16:00,""" @ Susiesentinel: # pence is so much more likeable than Kaine # cbsnews @ realDonaldTrump""",4548,19281,"#pence,#cbsnews","@Susiesentinel,@realDonaldTrump"
783477336645566464,2016-10-04 20:22:08,""" @ bigdog_joey: @ realDonaldTrump @ timkaine is so angry. Our @ mike_pence looks great. kaine can't defend all those lies # makeamericagreatagain",4913,17427,#makeamericagreatagain,"@bigdog,@realDonaldTrump,@timkaine,@mike"
783478348848574465,2016-10-04 20:26:09,""" @ elisac006: @ nycmia @ realDonaldTrump I agree. Kaine looks like a fool!!""",4128,16720,,"@elisac006,@nycmia,@realDonaldTrump"
783478918087004160,2016-10-04 20:28:25,""" @ Jnelson52722: @ realDonaldTrump @ Susiesentinel Kaine looks like an evil crook out of the Batman movies""",7489,24066,,"@Jnelson52722,@realDonaldTrump,@Susiesentinel"
783479122555080704,2016-10-04 20:29:13,""" @ TeamTrump: . @ mike_pence & @ realDonaldTrump are PROVEN job creators and are prepared to bring JOBS BACK to the American people!",4005,14426,,"@TeamTrump,@mike,@realDonaldTrump"
783479483873583105,2016-10-04 20:30:39,". @ mike_pence is doing a great job - so far, no contest!",9043,36859,,@mike
783480144614658048,2016-10-04 20:33:17,""" @ ARSenMissyIrvin: I want a ""you're fired"" president with people in Govt who are WASTING my tax $'s. @ realDonaldTrump""",4351,15225,,"@ARSenMissyIrvin,@realDonaldTrump"
783480283752390656,2016-10-04 20:33:50,"""@carol_lcnixon67: @ realDonaldTrump Kaine says Hillary and he have plans. She could care less what Kaine thinks.""",3682,14547,,@realDonaldTrump
783480517089828866,2016-10-04 20:34:46,"""@ifdanyt: @ realDonaldTrump Loving @ mike_pence he's so likeable and sensible. Kaine is just talking bull!",4028,16721,,"@realDonaldTrump,@mike"
783480600724328448,2016-10-04 20:35:06,""" @ bcuzimdamomma: @FreeDavidKing No she only gets # Americans killed # Benghazi - we need @ realDonaldTrump # MAGA""",3035,11375,"#Americans,#Benghazi,#MAGA","@bcuzimdamomma,@FreeDavidKing,@realDonaldTrump"
783480681229799424,2016-10-04 20:35:25,""" @ aldonturnaolco1: @ FrankLuntz @ marthamaccallum @ realDonaldTrump good!!""",1517,7104,,"@aldonturnaolco1,@FrankLuntz,@marthamaccallum,@realDonaldTrump"
783480766231552000,2016-10-04 20:35:45,". @ timkaine oversaw unemployment INCREASE by 179,249 while @ mike_pence DECREASED unemployment in Indiana by 113,826. # BigLeagueTruthpic.twitter.com/ksg9MQjA6R",8382,18067,#BigLeagueTruthpic,"@timkaine,@mike"
783481240108146688,2016-10-04 20:37:38,""" @ GeeVeeM: @ realDonaldTrump @ Susiesentinel Pence is so prepared! He did his homework to outperform Kaine.""",5727,23707,,"@GeeVeeM,@realDonaldTrump,@Susiesentinel"
783483379966554114,2016-10-04 20:46:08,. @ HillaryClinton Sneers At Millions Of Average Americans. http://bit.ly/2dtH6yD # VPDebate # BigLeagueTruth,5289,14555,"#VPDebate,#BigLeagueTruth",@HillaryClinton
783484550861037568,2016-10-04 20:50:48,"I agree Mike - thank you to all of our law enforcement officers! # VPDebate ""Police officers are the best of us..."" @ Mike_Pence",9402,31891,#VPDebate,@Mike
783485003795529728,2016-10-04 20:52:36,WHAT THEY ARE SAYING ABOUT MIKE PENCE “DOMINATING” THE DEBATE: http://bit.ly/2dIenoy # VPDebate,5815,18914,#VPDebate,
783485391084978176,2016-10-04 20:54:08,. @ mike_pence and I will defeat # ISIS. http://bit.ly/2dI98dg # VPDebate,5142,18166,"#ISIS,#VPDebate",@mike
783488370110451712,2016-10-04 21:05:58,CLINTON’S FLAILING SYRIA POLICY WAS JUDGED A FAILURE: http://bit.ly/2ddb08P # VPDebate,5296,13922,#VPDebate,
783489376651137025,2016-10-04 21:09:58,. @ timkaine is the ANTI-DEFENSE SENATOR. # VPDebate # BigLeagueTruthhttps://twitter.com/gop/status/783487781859385345 …,6032,12177,"#VPDebate,#BigLeagueTruthhttps",@timkaine
783489985718517760,2016-10-04 21:12:23,ICYMI: PENCE: I RAN A STATE THAT WORKED; KAINE RAN A STATE THAT FAILED. http://bit.ly/2dHIYSr,7513,18794,,
783490308818337796,2016-10-04 21:13:40,. @ timkaine is wrong for defense: http://bit.ly/2dqWnS7 # BigLeagueTruth # VPDebate,4506,12075,"#BigLeagueTruth,#VPDebate",@timkaine
783490731964981248,2016-10-04 21:15:21,Sanctions Relief From Clinton-Obama Iran Nuclear Deal Likely Go to Terrorists: http://bit.ly/2dqaJVp # BigLeagueTruth # VPDebate,5332,12141,"#BigLeagueTruth,#VPDebate",
783490959027732484,2016-10-04 21:16:15,CLINTON’S CLOSE TIES TO PUTIN DESERVE SCRUTINY: http://bit.ly/2dvfUPV # VPDebate,9133,16178,#VPDebate,
783491875885813761,2016-10-04 21:19:54,CLINTON IS WEAK ON NORTH KOREA: http://bit.ly/2dPSxnn # VPDebate,5366,14957,#VPDebate,
783492506319069184,2016-10-04 21:22:24,. @ HillaryClinton’s Careless Use Of A Secret Server Put National Security At Risk: http://bit.ly/2dQA5aL # VPDebate # BigLeagueTruth,7610,18631,"#VPDebate,#BigLeagueTruth",@HillaryClinton
783492660128419840,2016-10-04 21:23:01,""" @ FLifeforce: @ _CFJ_ @vine That is a reason to NOT Vote for Hillary Clinton. Vote for Liberty! Vote for @ realDonaldTrump""",5144,15502,,"@FLifeforce,@vine,@realDonaldTrump"
783493582803972096,2016-10-04 21:26:41,Clinton’s Top Aides Were Mired In Conflict Of Interest At The State Department: http://bit.ly/2dvfRDu # VPDebate # BigLeagueTruth,5596,13503,"#VPDebate,#BigLeagueTruth",
783493739486416896,2016-10-04 21:27:18,""" @ Gsimmons03Ginny: @ realDonaldTrump ..Kaine is awful, Trump and Pence are the ticket..no more lies, we are ready to see America Great Again!",7958,25838,,"@Gsimmons03Ginny,@realDonaldTrump"
783494014276218884,2016-10-04 21:28:24,""" @ AnyoneTennis: @ timkaine Cannot believe how often the moderator interrupts # Pence vs the other guy...so obvious @ FoxNews"" So true!",8635,27380,#Pence,"@AnyoneTennis,@timkaine,@FoxNews"
783495937708527616,2016-10-04 21:36:02,Mike Pence won big. We should all be proud of Mike!,29533,102384,,
783660227530862592,2016-10-05 08:28:52,The constant interruptions last night by Tim Kaine should not have been allowed. Mike Pence won big!,11023,40996,,
783738595987169280,2016-10-05 13:40:17,Beautiful morning- thank you @ ICLV!pic.twitter.com/xzJhrLgjHP,6511,16032,,@ICLV
783741835420110848,2016-10-05 13:53:09,"About to begin a rally here in Henderson, Nevada. New Reuters poll just out- thank you! Join the MOVEMENT: http://www.DonaldJTrump.com pic.twitter.com/64agtVBtkh – bei Henderson Pavilion",5192,12594,,
783776670339641344,2016-10-05 16:11:34,"Thank you Henderson, NV. This is a MOVEMENT like never seen before! Watch some of the rally via my Facebook page: http://bit.ly/2dFAezqNEVADAVideo …pic.twitter.com/mmNvjJUH4Q",5053,12361,,
783778741646270464,2016-10-05 16:19:48,"Bill Clinton is right: Obamacare is 'crazy', 'doesn't work' and 'doesn't make sense'. Thanks Bill for telling the truth.",13724,34022,,
783779512425119744,2016-10-05 16:22:52,Thank you @ SenJohnMcCain for your kind remarks on the important issue of PTSD and the dishonest media. Great to be in Arizona yesterday!,9036,25136,,@SenJohnMcCain
783789606663778304,2016-10-05 17:02:58,'Small business says Trump is their pick for president'http://www.cnbc.com/2016/10/05/small-business-says-trump-is-their-pick-for-president.html …,8242,18616,,
783803377977135104,2016-10-05 17:57:42,"EARLY VOTING: MN & IA already underway, more states coming up in the next week: OH, ME, AZ, IN — check w/local officials for details & VOTE!",6833,15675,,
783803924050350080,2016-10-05 17:59:52,Thank you South Carolina! Everyone has to get out and VOTE on 11/8/16. # MakeAmericaGreatAgain http://www.DonaldJTrump.com pic.twitter.com/sEWZGogAzr,5925,14043,#MakeAmericaGreatAgain,
783808918824681472,2016-10-05 18:19:43,Reuters polling just out- thank you! # MakeAmericaGreatAgainpic.twitter.com/UMY6kOiSTu,11341,24168,#MakeAmericaGreatAgainpic,
783838014363623424,2016-10-05 20:15:20,"Amazing rally in Reno, Nevada- thank you. Make sure you get out on 11/8 & VOTE # TrumpPence16. Together, we will put # AmericaFirst & # MAGA!pic.twitter.com/grCeHcSfw3",5984,15326,"#TrumpPence16,#AmericaFirst,#MAGA",
783842408949841921,2016-10-05 20:32:48,Such a great honor!http://dailycaller.com/2016/10/05/three-largest-police-unions-endorse-trump-in-crucial-battleground-state/ …,7450,16270,,
783847514088824832,2016-10-05 20:53:05,Nation's Immigration And Customs Enforcement Officers (ICE) Make First-Ever Presidential Endorsement: http://bit.ly/2dMMzucICE,7676,16825,,
783880036172623873,2016-10-05 23:02:19,Pennsylvania poll just released. Two rallies there on Mon- join me! Ambridge: https://www.donaldjtrump.com/schedule/register/ambridge-pa/ … Wilkes-Barre: https://www.donaldjtrump.com/schedule/register/wilkes-barre-pa1/ …pic.twitter.com/iYixfg6VEl,7333,15562,,
783881566510546944,2016-10-05 23:08:23,"New Virginia poll- thank you! We are going to show the whole world that America is back – BIGGER, and BETTER, and STRONGER than ever before!pic.twitter.com/r7prlnHZhP",10320,25997,,
783885674575491073,2016-10-05 23:24:43,"Praying for everyone in Florida. Hoping the hurricane dissipates, but in any event, please be careful.",14576,44616,,
784132532073881600,2016-10-06 15:45:38,Volunteer to be a Trump Election Observer. Sign up today! # MakeAmericaGreatAgain https://www.donaldjtrump.com/lp/volunteer-to-be-a-trump-election-observer …,6668,10752,#MakeAmericaGreatAgain,
784133078969090049,2016-10-06 15:47:49,'Donald Trump: A President for All Americans'http://www.foxbusiness.com/politics/2016/10/05/donald-trump-president-for-all-americans.html …,9285,19212,,
784149222870351872,2016-10-06 16:51:58,VOTE # TrumpPence16 on 11/8/16!pic.twitter.com/12zAk8VmgK,7607,16023,#TrumpPence16,
784150639689490432,2016-10-06 16:57:35,Thank you Tennessee! # MAGApic.twitter.com/OoDFmerQ5B,9273,23209,#MAGApic,
784164902780882944,2016-10-06 17:54:16,New National Rasmussen Poll:pic.twitter.com/BnAveA5OuP,10887,23749,,
784216198259085312,2016-10-06 21:18:06,""" @ kevcirilli: Trump speaking in exact same tone he did in Waterville Valley on 12/1. The night I first realized he was gonna be GOP nominee""",5810,16198,,@kevcirilli
784227699321634817,2016-10-06 22:03:48,"Thoughts & prayers with the millions of people in the path of Hurricane Matthew. Look out for neighbors, and listen to your local officials.pic.twitter.com/6MoZdcmYmT",14772,44524,,
784609194234306560,2016-10-07 23:19:43,Here is my statement.pic.twitter.com/WAZiGoQqMQ,42956,101065,,
784767399442653184,2016-10-08 09:48:22,Certainly has been an interesting 24 hours!,18037,50631,,
784840992734064641,2016-10-08 14:40:48,"The media and establishment want me out of the race so badly - I WILL NEVER DROP OUT OF THE RACE, WILL NEVER LET MY SUPPORTERS DOWN! # MAGA",34076,89199,#MAGA,
784916001783709696,2016-10-08 19:38:52,Thank you to my great supporters in Wisconsin. I heard that the crowd and enthusiasm was unreal!,12924,43286,,
785102728334893056,2016-10-09 08:00:51,"Tremendous support (except for some Republican ""leadership""). Thank you.",15197,47069,,
785106800572063744,2016-10-09 08:17:02,EXCLUSIVE — Video Interview: Bill Clinton Accuser Juanita Broaddrick Relives Brutal Rapes:http://www.breitbart.com/2016-presidential-race/2016/10/09/breitbart-news-exclusive-video-interview-bill-clinton-accuser-juanita-broaddrick-breaks-describing-brutal-rapes/ …,14451,20686,,
785118003696373762,2016-10-09 09:01:33,""" @ Jodygirl1010: @ realDonaldTrump I am a woman who continues to support & stand with # Trump! # dtmag pic.twitter.com/nFmY3FJuEf"" Thank you.",8828,20902,"#Trump,#dtmag","@Jodygirl1010,@realDonaldTrump"
785118235452665856,2016-10-09 09:02:28,""" @ eericmyers: @ realDonaldTrump ""Republican leadership"" should have only one job: Help elect the nominee we voted for, Donald J. Trump.""",9514,24754,,"@eericmyers,@realDonaldTrump"
785118470753095680,2016-10-09 09:03:24,""" @ CharleneOsbor17: @ realDonaldTrump politicians don't count. It's the people. We are behind trump all the way to White House.""",8805,22816,,"@CharleneOsbor17,@realDonaldTrump"
785118735543767040,2016-10-09 09:04:28,""" @ maidaa17: @ realDonaldTrump GOP traitors! Not supporting U is voting for her, destroying America.",8612,22215,,"@maidaa17,@realDonaldTrump"
785118941974757376,2016-10-09 09:05:17,""" @ HenryLeledog: @ realDonaldTrump This Black Democrat is on the ""TRUMP TRAIN""!!""",6920,18459,,"@HenryLeledog,@realDonaldTrump"
785120729364922369,2016-10-09 09:12:23,So many self-righteous hypocrites. Watch their poll numbers - and elections - go down!,15085,40957,,
785148463868735488,2016-10-09 11:02:35,LA Times- USC Dornsife Sunday Poll: Donald Trump Retains 2 Point Lead Over Hillary:http://www.thegatewaypundit.com/2016/10/la-times-usc-dornsife-sunday-poll-donald-trump-retains-2-point-lead-hillary/ …,8339,18124,,
785167148150820864,2016-10-09 12:16:50,"Exclusive Video–Broaddrick, Willey, Jones to Bill's Defenders: ‘These Are Crimes,’ ‘Terrified’ of ‘Enabler’ Hillaryhttp://www.breitbart.com/2016-presidential-race/2016/10/09/juanita-broaddrick-kathleen-willey-paula-jones-bill-clinton-sexual-assault/ …",11504,19017,,
785245066881216512,2016-10-09 17:26:27,The Palestinian terror attack today reminds the world of the grievous perils facing Israeli citizens....continued: https://www.facebook.com/DonaldTrump/posts/10157856656835725 …,5978,14100,,
785260151099961345,2016-10-09 18:26:24,Join me on # FacebookLive as I conclude my final # debate preparations.https://www.facebook.com/DonaldTrump/videos/10157857037430725/ …,3746,10807,"#FacebookLive,#debate",
785274843042230280,2016-10-09 19:24:46,My team of deplorables will be taking over my Twitter account for tonight's # debate # MakeAmericaGreatAgain,10444,34787,"#debate,#MakeAmericaGreatAgain",
785286584950198272,2016-10-09 20:11:26,It’s this simple. “Make America Great Again.” # debate # BigLeagueTruth,4796,12219,"#debate,#BigLeagueTruth",
785286990153543681,2016-10-09 20:13:03,I’m not proud of my locker room talk. But this world has serious problems. We need serious leaders. # debate # BigLeagueTruth,6906,20483,"#debate,#BigLeagueTruth",
785289587157504000,2016-10-09 20:23:22,There’s never been anyone more abusive to women in politics than Bill Clinton.My words were unfortunate-the Clintons’ actions were far worse,11739,32162,,
785289945837629440,2016-10-09 20:24:47,Donald J. Trump's History Of Empowering Women # BigLeagueTruth https://www.donaldjtrump.com/press-releases/donald-trumps-history-of-empowering-women …,3116,7715,#BigLeagueTruth,
785290517835841536,2016-10-09 20:27:04,If I win-I am going to instruct my AG to get a special prosecutor to look into your situation bc there's never been anything like your lies.,16373,37803,,
785290904093491200,2016-10-09 20:28:36,Basically nothing Hillary has said about her secret server has been true. # CrookedHillary,6894,19892,#CrookedHillary,
785291077649588226,2016-10-09 20:29:17,"Hillary’s 33,000 deleted emails about her daughter’s wedding. That’s a lot of wedding emails. # debate",10774,28055,#debate,
785291193194254336,2016-10-09 20:29:45,ATTN: @ HillaryClinton - Why did five of your staffers need FBI IMMUNITY?! # BigLeagueTruth # Debates,14772,32637,"#BigLeagueTruth,#Debates",@HillaryClinton
785291804816052225,2016-10-09 20:32:10,Obama and Clinton told the same lie to sell # ObamaCare. # Debates2016pic.twitter.com/vhOLtHrR66,7638,13917,"#ObamaCare,#Debates2016pic",
785292623623905280,2016-10-09 20:35:26,"We must repeal Obamacare and replace it with a much more competitive, comprehensive, affordable system. # debate # MAGA",5901,17756,"#debate,#MAGA",
785292868915236868,2016-10-09 20:36:24,. @ HillaryClinton : Bill “clarified” what he meant when calling Obamacare a “disaster.” Actually “disaster” is pretty clear. # Debate,5821,16110,#Debate,@HillaryClinton
785293229390454784,2016-10-09 20:37:50,. @ HillaryClinton is NOT above the law! # Debates2016pic.twitter.com/4arYZcGgYZ,22764,42614,#Debates2016pic,@HillaryClinton
785294546326417408,2016-10-09 20:43:04,# CrookedHillary has FAILED all over the world! 􏰀 # BigLeagueTruth # Debates2016pic.twitter.com/dalk9JKcFg,5978,13137,"#BigLeagueTruth,#Debates2016pic",
785295100674998272,2016-10-09 20:45:16,". @ HillaryClinton # ICYMI- ""WE ARE NOT IN A NARRATIVE FIGHT."" @ Mike_Pence # MAGApic.twitter.com/FUQzXlyPwY",6251,15321,"#ICYMI,#MAGApic","@HillaryClinton,@Mike"
785295867863568384,2016-10-09 20:48:19,. @ HillaryClinton - ITS CALLED EXTREME VETTING! # Debates2016pic.twitter.com/ueq7cbOg9Y,5978,11911,#Debates2016pic,@HillaryClinton
785296272890662912,2016-10-09 20:49:56,I hope when the MSM runs its “interruption counters” they consider the #of times the moderators interrupted me compared to Hillary. # Debatepic.twitter.com/R0Yuh3pX9O,9421,28443,"#of,#Debatepic",
785296480672382979,2016-10-09 20:50:45,Hypocrite! @ HillaryClinton claims she needs a “public and a private stance” in discussions with Wall Street banks. # Debate,6307,16121,#Debate,@HillaryClinton
785296681847906306,2016-10-09 20:51:33,"""YOU NEED BOTH A PUBLIC AND A PRIVATE POSITION"" @ HillaryClinton # Debates2016pic.twitter.com/oI2qi2HAdO",5823,11387,#Debates2016pic,@HillaryClinton
785298212513021953,2016-10-09 20:57:38,We're going to cut taxes BIG LEAGUE for the middle class. She's raising your taxes and I'm lowering your taxes! https://www.donaldjtrump.com/press-releases/clintons-tax-agenda-promises-to-harm-the-u.s.-economy …,5084,14181,,
785298936751882240,2016-10-09 21:00:31,"History lesson: There’s a big difference between Hillary Clinton and Abraham Lincoln. For one, his nickname is Honest Abe. # RattledHillarypic.twitter.com/A2RESNihb4",25642,58441,#RattledHillarypic,
785300490716348416,2016-10-09 21:06:41,"Here are Hillary Clinton's ""accomplishments"" at the State Department. # Debates2016 # RattledHillarypic.twitter.com/iouuqXYAdq",9568,18966,"#Debates2016,#RattledHillarypic",
785300814051041281,2016-10-09 21:07:58,"The world is most peaceful, and most prosperous when America is strongest.pic.twitter.com/Y2Dx7xyBBs",6641,17830,,
785301286816210944,2016-10-09 21:09:51,This is the definition of ransom pic.twitter.com/370piI2JLp,7458,14902,,
785301685157695492,2016-10-09 21:11:26,We cannot let this evil continue! # Debates2016pic.twitter.com/f6BxYyRJID,6164,14685,#Debates2016pic,
785302681560748033,2016-10-09 21:15:24,"In my administration, EVERY American will be treated equally, protected equally, and honored equally # Debate # BigLeagueTruth",9472,23411,"#Debate,#BigLeagueTruth",
785303494551044097,2016-10-09 21:18:37,"FACT on “red line” in Syria: HRC ""I wasn’t there."" Fact: line drawn in Aug ’12. HRC Secy of State til Feb ’13.http://theatln.tc/2ehyZYB",9864,17305,,
785303736868560897,2016-10-09 21:19:35,"If @ HillaryClinton is president, she’ll be all talk and nothing will get done. # Debate # BigLeagueTruth",8310,21738,"#Debate,#BigLeagueTruth",@HillaryClinton
785303987700527104,2016-10-09 21:20:35,"We agree @ POTUS- ""SHE'LL (Hillary Clinton) SAY ANYTHING & CHANGE NOTHING. IT'S TIME TO TURN THE PAGE"" -President Obama",12081,28922,,@POTUS
785304300364922880,2016-10-09 21:21:50,This country cannot take four more years of Barack Obama! # Debate,12379,33385,#Debate,
785304682960916480,2016-10-09 21:23:21,@ AC360: “How can you unite a country if you’ve written off tens of millions of Americans?” # Deplorables # BigLeagueTruth # Debate,4090,8687,"#Deplorables,#BigLeagueTruth,#Debate",
785305058757971968,2016-10-09 21:24:50,Our country has the slowest growth since 1929. # BigLeagueTruth # debate,8004,19958,"#BigLeagueTruth,#debate",
785306429250998272,2016-10-09 21:30:17,"Hypocrite: @ HillaryClinton is the single biggest beneficiary of Citizens United in history, by far. # debate # bigleaguetruth",10151,24161,"#debate,#bigleaguetruth",@HillaryClinton
785306782033907713,2016-10-09 21:31:41,MY PRO-GROWTH Econ Plan: Eliminate excessive regulations! Lean government! Lower taxes! # Debates # BigLeagueTruthpic.twitter.com/JLiycYj6Ob,10004,21953,"#Debates,#BigLeagueTruthpic",
785323809062653952,2016-10-09 22:39:21,"Thank you St. Louis, Missouri! # MakeAmericaGreatAgain https://instagram.com/p/BLXhklOj69p/ pic.twitter.com/wBmVxf1a9D",13718,46929,#MakeAmericaGreatAgain,
785527400528568320,2016-10-10 12:08:21,Thank you for all of the great comments on the debate last night. Very exciting!,9994,42123,,
785530928256933888,2016-10-10 12:22:22,"Paul Ryan should spend more time on balancing the budget, jobs and illegal immigration and not waste his time on fighting Republican nominee",25213,67920,,
785559022082658305,2016-10-10 14:14:00,CNN is the worst - fortunately they have bad ratings because everyone knows they are biased.https://twitter.com/danscavino/status/785385324000182272 …,11981,27640,,
785561269571026946,2016-10-10 14:22:56,Debate polls look great - thank you! # MAGA # AmericaFirstpic.twitter.com/4peQ3Sswdz,13364,29527,"#MAGA,#AmericaFirstpic",
785563318652178432,2016-10-10 14:31:04,"Wow, @ CNN got caught fixing their ""focus group"" in order to make Crooked Hillary look better. Really pathetic and totally dishonest!",23835,57793,,@CNN
785608815962099712,2016-10-10 17:31:52,Is this really America? Terrible!pic.twitter.com/WiwC61PIFu,16777,31789,,
785654535234531329,2016-10-10 20:33:32,"Thank you Pennsylvania. This is a MOVEMENT like we have never seen before! # VoteTrumpPence16 on 11/8/16- together, we will # MAGA!pic.twitter.com/vS64Cuvczc",12947,32595,"#VoteTrumpPence16,#MAGA",
785816454042124288,2016-10-11 07:16:57,"Despite winning the second debate in a landslide (every poll), it is hard to do well when Paul Ryan and others give zero support!",15333,48643,,
785828772423561216,2016-10-11 08:05:53,"Our very weak and ineffective leader, Paul Ryan, had a bad conference call where his members went wild at his disloyalty.",14992,35825,,
785842546878578688,2016-10-11 09:00:38,It is so nice that the shackles have been taken off me and I can now fight for America the way I want to.,19867,53313,,
785846205750337537,2016-10-11 09:15:10,With the exception of cheating Bernie out of the nom the Dems have always proven to be far more loyal to each other than the Republicans!,12603,34349,,
785854588654092290,2016-10-11 09:48:29,Disloyal R's are far more difficult than Crooked Hillary. They come at you from all sides. They don’t know how to win - I will teach them!,19574,48930,,
785863826361184257,2016-10-11 10:25:11,Wow. Unbelievable.https://twitter.com/tom_winter/status/785845815373856768 …,15988,25437,,
785885793340448769,2016-10-11 11:52:28,"The very foul mouthed Sen. John McCain begged for my support during his primary (I gave, he won), then dropped me over locker room remarks!",18788,40281,,
785890855760465920,2016-10-11 12:12:35,"In Texas now, leaving soon for BIG rally in Florida!",6892,23652,,
785898532645502980,2016-10-11 12:43:06,I hope people are looking at the disgraceful behavior of Hillary Clinton as exposed by WikiLeaks. She is unfit to run.,19831,47429,,
785910334427058177,2016-10-11 13:29:59,"Crooked's State Dept gave special attention to ""Friends of Bill"" after the Haiti Earthquake. Unbelievable!http://abcn.ws/2d5mmzH",11301,17879,,
785913754194104320,2016-10-11 13:43:35,DON'T LET HER FOOL US AGAIN.pic.twitter.com/3QSoADFh7S,24426,43418,,
785947219216125952,2016-10-11 15:56:33,VOTER REGISTRATION DEADLINES TODAY. You can register now at: http://VOTE.GOP and get out to # VoteTrumpPence2016! # MAGApic.twitter.com/7Y3kuTELyt,6876,13561,"#VoteTrumpPence2016,#MAGApic",
785957064480653313,2016-10-11 16:35:41,Thank you Texas! If you haven't registered to VOTE- today is your last day. Go to: http://VOTE.GOP & get out on 11/8/16 to # MAGA!pic.twitter.com/KlRx4GoO64,10844,25749,#MAGA,
785979396620324865,2016-10-11 18:04:25,"Wow, @ CNN Town Hall questions were given to Crooked Hillary Clinton in advance of big debates against Bernie Sanders. Hillary & CNN FRAUD!",24165,49559,,@CNN
786007502639038464,2016-10-11 19:56:06,"Join me Thursday in Florida & Ohio! West Palm Beach, FL at noon: https://www.donaldjtrump.com/schedule/register/west-palm-beach-fl/ … Cincinnati, OH this 7:30pm: https://www.donaldjtrump.com/schedule/register/cincinnati-oh2/# …",6647,15458,,
786054986534969344,2016-10-11 23:04:47,Thank you Florida- a MOVEMENT that has never been seen before and will never be seen again. Lets get out & # VoteTrumpPence16 on 11/8! # MAGApic.twitter.com/e90a2AL7vO,16193,41676,"#VoteTrumpPence16,#MAGApic",
786189446274248704,2016-10-12 07:59:05,Crooked Hillary Clinton likes to talk about the things she will do but she has been there for 30 years - why didn't she do them?,15539,41992,,
786201435486781440,2016-10-12 08:46:43,Very little pick-up by the dishonest media of incredible information provided by WikiLeaks. So dishonest! Rigged system!,19934,46130,,
786204978629185536,2016-10-12 09:00:48,PAY TO PLAY POLITICS. # CrookedHillarypic.twitter.com/wjsl8ITVvk,21219,35151,#CrookedHillarypic,
786285509668696065,2016-10-12 14:20:48,The people of Cuba have struggled too long. Will reverse Obama's Executive Orders and concessions towards Cuba until freedoms are restored.,12375,32430,,
786310855843512320,2016-10-12 16:01:31,"The MOVEMENT in Lakeland, Florida. Voter registration extended to 10/18. REGISTER ASAP @http://VOTE.GOP & get out to VOTE on 11/8!pic.twitter.com/BROFXGSpjw",9964,21982,,@http
786340623804751872,2016-10-12 17:59:48,"I will be in Cincinnati, Ohio tomorrow night at 7:30pm- join me! # OhioVotesEarly # VoteTrumpPence16 Tickets: https://www.donaldjtrump.com/schedule/register/cincinnati-oh2/ …pic.twitter.com/XUFuGc4Fg5",7546,18448,"#OhioVotesEarly,#VoteTrumpPence16",
786554517680693248,2016-10-13 08:09:45,"Why didn't the writer of the twelve year old article in People Magazine mention the ""incident"" in her story. Because it did not happen!",13125,34243,,
786560925113266176,2016-10-13 08:35:12,The phony story in the failing @ nytimes is a TOTAL FABRICATION. Written by same people as last discredited story on women. WATCH!,12265,29208,,@nytimes
786565208663785476,2016-10-13 08:52:14,"Join me in Ohio & Maine! Cincinnati, Ohio- tonight @7:30pm: https://www.donaldjtrump.com/schedule/register/cincinnati-oh2/ … Bangor, Maine - Saturday @3pm: https://www.donaldjtrump.com/schedule/register/bangor-me1/ …pic.twitter.com/mRwnb6vqCj",6216,14907,,"@7,@3pm"
786589172911964161,2016-10-13 10:27:27,Thank you! # MAGA # AmericaFirstpic.twitter.com/fG313wjlKm,11888,26432,"#MAGA,#AmericaFirstpic",
786589454991499264,2016-10-13 10:28:34,"I am making a major speech in West Palm Beach, Florida at noon. Tune in!",8100,25452,,
786658827429154816,2016-10-13 15:04:14,Just left a great rally in Florida - now heading to Ohio for two more. Will be there soon.,7497,26041,,
786691718062235649,2016-10-13 17:14:56,Great event in Columbus- taking off for Cincinnati now. Great new Ohio poll out- thank you! OHIO NBC/WSJ/MARIST POLL Trump 42% Clinton 41%,8985,25644,,
786700864752914433,2016-10-13 17:51:17,Dem Gov. of MN. just announced that the Affordable Care Act (Obamacare) is no longer affordable. I've been saying this for years- disaster!,13985,35926,,
786710113163812864,2016-10-13 18:28:02,"Join me in Greensboro, North Carolina tomorrow at 2:00pm! # TrumpRally https://www.donaldjtrump.com/schedule/register/greensboro-nc1/ …pic.twitter.com/dRra2AqayJ",6604,16119,#TrumpRally,
786716631644897280,2016-10-13 18:53:56,"Join me live in Cincinnati, Ohio! # TrumpRally # MAGAhttps://www.facebook.com/DonaldTrump/videos/10157884961280725/ …",4834,13860,"#TrumpRally,#MAGAhttps",
786737820669009921,2016-10-13 20:18:07,"Thank you to our U.S. Navy for protecting our country, both in times of peace & war. Together, WE WILL MAKE AMERICA SAFE & GREAT AGAIN!pic.twitter.com/PGO6uuFXL6",14899,40154,,
786950598826532864,2016-10-14 10:23:38,WHAT THEY ARE SAYING ABOUT THE CLINTON CAMPAIGN’S ANTI-CATHOLIC BIGOTRY: http://bit.ly/2dcbtvkCrooked,12219,22439,,
787012170630455297,2016-10-14 14:28:18,"Thank you for your support Greensboro, North Carolina. Next stop - Charlotte! # MAGA http://www.DonaldJTrump.com pic.twitter.com/jjde4W1hz2",8440,21363,#MAGA,
787025537483046913,2016-10-14 15:21:25,Make sure you're registered to vote! Let's # MakeAmericaGreatAgain! We can't afford more years of FAILURE! All info: http://VOTE.GOP pic.twitter.com/FkkGYNLs1V,10697,22701,#MakeAmericaGreatAgain,
787099202291634177,2016-10-14 20:14:08,"Thank you Charlotte, North Carolina! We are going to have an AMAZING victory on November 8th...because this is all about the people! # MAGApic.twitter.com/WPgEuijDOJ",10425,27797,#MAGApic,
787127225581707265,2016-10-14 22:05:29,Thank you @ TrumpWomensTour! # MakeAmericaGreatAgainpic.twitter.com/R4oxaHpsAB,13137,26757,#MakeAmericaGreatAgainpic,@TrumpWomensTour
787244543003467776,2016-10-15 05:51:40,"100% fabricated and made-up charges, pushed strongly by the media and the Clinton Campaign, may poison the minds of the American Voter. FIX!",13399,34517,,
787258211283918848,2016-10-15 06:45:58,"This election is being rigged by the media pushing false and unsubstantiated charges, and outright lies, in order to elect Crooked Hillary!",25421,66762,,
787266044213723138,2016-10-15 07:17:06,"Will be in Bangor, Maine today at 3pm- join me! # MAGA Tickets: https://www.donaldjtrump.com/schedule/register/bangor-me1/ …pic.twitter.com/5TN2wvnR7J",5471,12969,#MAGA,
787267564405653505,2016-10-15 07:23:08,Hillary Clinton should have been prosecuted and should be in jail. Instead she is running for president in what looks like a rigged election,29736,71365,,
787320326573228032,2016-10-15 10:52:48,The truth is a beautiful weapon.https://twitter.com/teamtrump/status/787125285401624576 …,11495,21810,,
787320961934688257,2016-10-15 10:55:19,"Landing in New Hampshire soon to talk about the massive drug problem there, and all over the country.",6323,19293,,
787355131062943744,2016-10-15 13:11:06,"The MOVEMENT in Portsmouth, New Hampshire w/ 7K supporters. THANK YOU! This is the biggest election of our lifetime- get out & VOTE on 11/8!pic.twitter.com/6UwL1fJWLo",10993,27098,,
787359730465329152,2016-10-15 13:29:22,Nothing ever happened with any of these women. Totally made up nonsense to steal the election. Nobody has more respect for women than me!,17392,49933,,
787425145489072128,2016-10-15 17:49:18,"The failing @ nytimes reporters don't even call us anymore, they just write whatever they want to write, making up sources along the way!",13323,31868,,@nytimes
787430717387055105,2016-10-15 18:11:27,"Thank you Bangor, Maine! Get out & # VoteTrumpPence16 on 11/8/16- and together we will MAKE AMERICA SAFE AND GREAT AGAIN!pic.twitter.com/BafUd899CI",9528,22029,#VoteTrumpPence16,
787443714239164416,2016-10-15 19:03:06,A great day in New Hampshire and Maine. Fantastic crowds and energy! # MAGA,7194,18655,#MAGA,
787443829146353664,2016-10-15 19:03:33,Thank you for sharing Amy. https://twitter.com/amithacolley/status/787425945665802240 …,8108,17556,,
787444478512603136,2016-10-15 19:06:08,""" @ davidshiloach: @ realDonaldTrump Go Mr. Trump! Israel is behind you!""",8409,21393,,"@davidshiloach,@realDonaldTrump"
787612552654155776,2016-10-16 06:14:00,Watched Saturday Night Live hit job on me.Time to retire the boring and unfunny show. Alec Baldwin portrayal stinks. Media rigging election!,15378,44089,,
787618207444131840,2016-10-16 06:36:28,"Polls close, but can you believe I lost large numbers of women voters based on made up events THAT NEVER HAPPENED. Media rigging election!",14961,40585,,
787632098794467328,2016-10-16 07:31:40,"Election is being rigged by the media, in a coordinated effort with the Clinton campaign, by putting stories that never happened into news!",15854,38495,,
787642321072513024,2016-10-16 08:12:17,"They let Crooked & the Gang off the hook for the crime, but it looks like the cover-up is just as bad. Unbelievable!http://www.weeklystandard.com/an-attempted-hillary-email-coverup/article/2004907 …",10909,20340,,
787643017234636800,2016-10-16 08:15:03,A country that Crooked Hillary says has funded ISIS also gave Wild Bill $1 million for his birthday? SO CORRUPT!http://www.washingtontimes.com/news/2016/oct/14/seven-more-hillary-clinton-scandals-exposed-wikile/ …,13730,24125,,
787686322001612800,2016-10-16 11:07:08,Hillary's staff thought her email scandal might just blow over. Who would trust these people with national security? http://bigstory.ap.org/article/2e8afe2cdaca4ef0be159f263ae7d85d/leaks-show-clinton-inner-circle-grappling-email-issue …,11129,19788,,
787686533209939968,2016-10-16 11:07:58,We've all wondered how Hillary avoided prosecution for her email scheme. Wikileaks may have found the answer. Obama!http://www.nationalreview.com/article/441115/hillary-clinton-barack-obama-emails-wikileaks-john-podesta-concern …,21066,32114,,
787699930718695425,2016-10-16 12:01:12,The election is absolutely being rigged by the dishonest and distorted media pushing Crooked Hillary - but also at many polling places - SAD,17913,47557,,
787736416671367168,2016-10-16 14:26:11,"“The vast majority felt she should be prosecuted..."" -- even senior FBI officials thought Crooked was guilty.http://www.foxnews.com/politics/2016/10/13/fbi-doj-roiled-by-comey-lynch-decision-to-let-clinton-slide-by-on-emails-says-insider.html …",11870,22180,,
787748349898264576,2016-10-16 15:13:36,Join me in Wisconsin tomorrow or Colorado on Tuesday! Green Bay- 6pm https://www.donaldjtrump.com/schedule/register/green-bay-wi1/ … Colorado Springs- 1pm https://www.donaldjtrump.com/schedule/register/colorado-springs-co4/ …pic.twitter.com/ykDqnCJstK,5842,13427,,
787756849453989889,2016-10-16 15:47:23,"The Democrats have a corrupt political machine pushing crooked Hillary Clinton. We have Paul Ryan, always fighting the Republican nominee!",10404,26902,,
787758668565581824,2016-10-16 15:54:37,"Paul Ryan, a man who doesn't know how to win (including failed run four years ago), must start focusing on the budget, military, vets etc.",9331,24918,,
787760670590791680,2016-10-16 16:02:34,"Finally, in the new ABC News/Washington Post Poll, Hillary Clinton is down 11 points with WOMEN VOTERS and the election is close at 47-43!",12282,31920,,
787779039079624704,2016-10-16 17:15:33,"Wow, interview released by Wikileakes shows ""quid pro quo"" in Crooked Hillary e-mail probe.Such a dishonest person - & Paul Ryan does zilch!",12255,27002,,
787782613633208320,2016-10-16 17:29:46,Animals representing Hillary Clinton and Dems in North Carolina just firebombed our office in Orange County because we are winning @ NCGOP,18875,37175,,@NCGOP
787783828358258688,2016-10-16 17:34:35,"ALL SAFE IN ORANGE COUNTY, NORTH CAROLINA. With you all the way, will never forget. Now we have to win. Proud of you all! @ NCGOP",12327,32198,,@NCGOP
787990502415167488,2016-10-17 07:15:50,"Can't believe these totally phoney stories, 100% made up by women (many already proven false) and pushed big time by press, have impact!",8500,23043,,
787991439196229632,2016-10-17 07:19:33,""" @ MarkSimoneNY: Watch Joe Biden's Long History Of Grabbing, Kissing and Groping Women Who Are Cringing: http://710wor.iheart.com/onair/mark-simone-52176/watch-joe-bidens-long-history-of-13133819/#ixzz4NJ5E8GFG …""",9964,15317,,@MarkSimoneNY
787992753829478400,2016-10-17 07:24:47,""" @ PrisonPlanet: Trump accuser praised him in an email as recently as April! This is all yet another hoax. http://dailycaller.com/2016/10/15/trump-sexual-assault-accuser-sent-glowing-email-to-his-assistant-in-april/ …"" Terrible",8652,15218,,@PrisonPlanet
787993803504414720,2016-10-17 07:28:57,""" @ RosieGray: Peter Thiel chooses now to give $1.25mil in support of Trump http://www.nytimes.com/2016/10/16/technology/peter-thiel-donald-j-trump.html?partner=rss&emc=rss&smid=tw-nytimes&smtyp=cur …""",6985,15307,,@RosieGray
787995025527410688,2016-10-17 07:33:48,Of course there is large scale voter fraud happening on and before election day. Why do Republican leaders deny what is going on? So naive!,11830,29436,,
787995512448380928,2016-10-17 07:35:45,We have all got to come together and win this election. We can't have four more years of Obama (or worse!).,15874,40010,,
788031447932215300,2016-10-17 09:58:32,"WikiLeaks proves even the Clinton campaign knew Crooked mishandled classified info, but no one gets charged? RIGGED!http://www.bloomberg.com/politics/articles/2016-10-13/clinton-aides-sought-to-deny-any-classified-data-wikileaks …",12603,22164,,
788036918764269568,2016-10-17 10:20:17,Unbelievable.https://twitter.com/tom_winter/status/788032222636965889 …,12121,21469,,
788037987556794368,2016-10-17 10:24:31,"Voter fraud! Crooked Hillary Clinton even got the questions to a debate, and nobody says a word. Can you imagine if I got the questions?",16532,39032,,
788050035539865600,2016-10-17 11:12:24,"Wow, new polls just came out from @ CNN Great numbers, especially after total media hit job. Leading Ohio 48 - 44.",11787,30675,,@CNN
788095098902962176,2016-10-17 14:11:28,"""State Department official accused of offering 'quid pro quo' in Clinton email scandal""http://www.politico.com/story/2016/10/fbi-state-department-clinton-email-229880 …",9314,14760,,
788098066075230208,2016-10-17 14:23:15,"""Journalists shower Hillary Clinton with campaign cash"" https://www.publicintegrity.org/2016/10/17/20330/journalists-shower-hillary-clinton-campaign-cash …pic.twitter.com/NsWbJN01Uu",12322,17841,,
788100107220709376,2016-10-17 14:31:22,"New polls are good because the media has deceived the public by putting women front and center with made-up stories and lies, and got caught",11436,30432,,
788123233442824192,2016-10-17 16:03:16,Crooked Hillary colluded w/FBI and DOJ and media is covering up to protect her. It's a # RiggedSystem! Our country deserves better!pic.twitter.com/n2NpH3zmcy,23782,46138,#RiggedSystem,
788132030429233153,2016-10-17 16:38:13,"Join me in Colorado Springs, Colorado tomorrow at 1:00pm! # MAGA Tickets: https://www.donaldjtrump.com/schedule/register/colorado-springs-co4/ …",4612,10737,#MAGA,
788133616593276928,2016-10-17 16:44:31,Trump Virginia Office Announces Statewide TV Ad Strategy and Leadership Team: https://www.donaldjtrump.com/press-releases/trump-campaign-announces-virginia-leadership-team …pic.twitter.com/JUBRu4mqCE,6470,13099,,
788138062853332997,2016-10-17 17:02:11,I will sign the first bill to repeal # Obamacare and give Americans many choices and much lower rates!,12354,32021,#Obamacare,
788144305701548032,2016-10-17 17:27:00,"My wife, Melania, will be interviewed tonight at 8:00pm by Anderson Cooper on @ CNN. I have no doubt she will do very well. Enjoy!",6765,24792,,@CNN
788149137820614657,2016-10-17 17:46:12,Yet more evidence of a media-rigged election:http://www.lifezette.com/polizette/wikileaks-politico-reporter-asked-podesta-edit-story/ …,9998,15596,,
788150475258343424,2016-10-17 17:51:31,Get rich quick! Crooked Hillary Clinton's pay to play guide:pic.twitter.com/uKh5sCFfrv,38461,56722,,
788193441733808128,2016-10-17 20:42:15,EXCLUSIVE: FBI Agents Say Comey ‘Stood In The Way’ Of Clinton Email Investigation:http://dailycaller.com/2016/10/17/exclusive-fbi-agents-say-comey-stood-in-the-way-of-clinton-email-investigation/#ixzz4NOfCXizH …,13812,21103,,
788193776577675264,2016-10-17 20:43:34,Donald J. Trump Ethics Reform Plan For Washington D.C. https://www.donaldjtrump.com/press-releases/trump-details-ethics-reform-p …,9484,17748,,
788199901209452544,2016-10-17 21:07:55,Great night in WI. I’m going to fight for every person in this country who believes government should serve the PEOPLE -- not the donors!pic.twitter.com/aC6fbm0hW2,13879,34901,,
788342075582328832,2016-10-18 06:32:52,""" @ THEREALMOGUL: 41% of American voters believe the election could be ""stolen"" from DonaldTrump due to widespread voter fraud. - Politico""",11629,26723,,@THEREALMOGUL
788402585816276992,2016-10-18 10:33:18,"I will Make Our Government Honest Again -- believe me. But first, I'm going to have to # DrainTheSwamp in DC. https://www.donaldjtrump.com/press-releases/donald-j.-trumps-five-point-plan-for-ethics-reform …",11418,22741,#DrainTheSwamp,
788402786970939392,2016-10-18 10:34:06,Pay-to-play. Collusion. Cover-ups. And now bribery? So CROOKED. I will # DrainTheSwamp.https://nypost.com/2016/10/17/state-department-brokered-deal-with-fbi-to-declassify-clinton-emails/ …,13054,21591,#DrainTheSwamp,
788403448593002496,2016-10-18 10:36:44,"If we let Crooked run the govt, history will remember 2017 as the year America lost its independence. # DrainTheSwamphttps://www.lifezette.com/polizette/trump-time-drain-swamp-washington/ …",16861,31388,#DrainTheSwamphttps,
788440948275421184,2016-10-18 13:05:45,Hillary’s Aides Urged Her to Take Foreign Lobbyist Donation And Deal With Attacks: http://newsninja2012.com/wikileaks-hillarys-aides-urged-her-to-take-foreign-lobbyist-donation-and-deal-with-attacks/?utm_content=buffer5d6bb&utm_medium=social&utm_source=twitter.com&utm_campaign=buffer …,9558,14221,,
788450384809340928,2016-10-18 13:43:15,"FL, KS, ME, MD, MN, NJ, OR & WV! It's the LAST DAY to mail in voter reg forms. Get the forms at http://VOTE.GOP so we can # MAGA!pic.twitter.com/NndExJrXam",6992,12560,#MAGA,
788468036541874176,2016-10-18 14:53:23,Thank you Colorado Springs. If I’m elected President I am going to keep Radical Islamic Terrorists out of our country! # DrainTheSwamppic.twitter.com/Te4gCaosDz,10904,27363,#DrainTheSwamppic,
788495515021299713,2016-10-18 16:42:34,'Trump rally disrupter was once on Clinton's payroll'http://nypost.com/2016/10/18/trump-rally-disrupter-was-once-on-clinton-campaigns-payroll/ …,14211,21374,,
788538003836678144,2016-10-18 19:31:25,'Clinton Campaign Tried to Limit Damage From Classified Info on Email Server' # DrainTheSwamphttp://freebeacon.com/politics/clinton-campaign-tried-limit-damage-classified-info-email-server/ …,8664,13555,#DrainTheSwamphttp,
788538743950938112,2016-10-18 19:34:21,Hillary is the most corrupt person to ever run for the presidency of the United States. # DrainTheSwamppic.twitter.com/xA3YO8YzCq,21768,43590,#DrainTheSwamppic,
788543616926912512,2016-10-18 19:53:43,"Time to # DrainTheSwamp in Washington, D.C. and VOTE # TrumpPence16 on 11/8/2016. Together, we will MAKE AMERICA SAFE AND GREAT AGAIN!pic.twitter.com/1JCHmBuCRF",19558,34788,"#DrainTheSwamp,#TrumpPence16",
788545364664070144,2016-10-18 20:00:40,# DrainTheSwamphttp://thehill.com/blogs/pundits-blog/presidential-campaign/301513-from-libya-to-orlando-following-hillarys-scorched …,8082,13262,,
788552360326893568,2016-10-18 20:28:27,‘Food Groups’ – Emails Show Clinton Campaign Organized Potential VPs By Race And Gender:http://dailycaller.com/2016/10/18/food-groups-emails-show-clinton-campaign-organized-potential-vps-by-race-and-gender/#ixzz4NURlQGZ7 …,9381,14614,,
788765196584038400,2016-10-19 10:34:12,It is time to # DrainTheSwamp!http://thehill.com/business-a-lobbying/business-a-lobbying/301392-lobbyists-rain-cash-on-clinton …,7952,15118,#DrainTheSwamp,
788786220671176704,2016-10-19 11:57:44,More Anti-Catholic Emails From Team Clinton: http://gop.cm/5Y3g7j pic.twitter.com/f8Z7olUvlM,8159,12463,,
788786885015457792,2016-10-19 12:00:22,The State Department's 'shadow government' # DrainTheSwamphttp://nypost.com/2016/10/17/the-state-departments-shadow-government/ …,6891,11659,#DrainTheSwamphttp,
788803222496346112,2016-10-19 13:05:18,'Scandals surround Clinton's gatekeeper at State' # DrainTheSwamphttp://www.washingtonexaminer.com/scandals-surround-hillary-clintons-gatekeeper-at-state/article/2604934 …,5896,10643,#DrainTheSwamphttp,
788803495507832833,2016-10-19 13:06:23,"'State works hard, and illegally, for Clinton' # DrainTheSwamphttp://www.washingtonexaminer.com/state-works-hard-and-illegally-for-clinton/article/2604917 …",6601,11795,#DrainTheSwamphttp,
788804579106226176,2016-10-19 13:10:41,'Dem Operative Who Oversaw Trump Rally Agitators Visited White House 342 Times' # DrainTheSwamphttp://dailycaller.com/2016/10/18/exposed-dem-operative-who-oversaw-trump-rally-agitators-visited-white-house-342-times/#ixzz4NYWeNY7o …,10003,15124,#DrainTheSwamphttp,
788819370919157760,2016-10-19 14:09:28,"'Top Hillary Adviser Mocked, Plotted Attacks on Pro-Sanders Civil Rights Leader' # DrainTheSwamphttp://freebeacon.com/politics/top-hillary-adviser-mocked-plotted-attacks-pro-sanders-civil-rights-leader/ …",5389,9587,#DrainTheSwamphttp,
788824835019255808,2016-10-19 14:31:10,"Join me in Delaware, Ohio tomorrow at 12:30pm! # DrainTheSwamp Tickets: https://www.donaldjtrump.com/schedule/register/delaware-oh/ …pic.twitter.com/Zd1KjzlCtJ",3888,9664,#DrainTheSwamp,
788831347036917760,2016-10-19 14:57:03,'Hillary Clinton Deleted Emails With Her Email Server Technician'http://dailycaller.com/2016/10/19/hillary-clinton-deleted-emails-with-her-email-server-technician/ …,6581,11764,,
788852833810427905,2016-10-19 16:22:26,Obamacare premiums increasing 33% in Pennsylvania - a complete disaster. It must be repealed and replaced! # DrainTheSwamppic.twitter.com/mc86Fcjzx8,8782,16952,#DrainTheSwamppic,
788853838191075328,2016-10-19 16:26:25,I am going to expand the definition of LOBBYIST - so we close all the LOOPHOLES! # DrainTheSwamppic.twitter.com/PBPrrEnfSK,7344,17143,#DrainTheSwamppic,
788854422105235456,2016-10-19 16:28:45,I will issue a lifetime ban against senior executive branch officials lobbying on behalf of a FOREIGN GOVERNMENT! # DrainTheSwamppic.twitter.com/g5NrUrzHTt,12168,28628,#DrainTheSwamppic,
788865913822916608,2016-10-19 17:14:24,Join my team tonight at 8:30pmE! http://www.Facebook.com/DonaldTrump https://twitter.com/danscavino/status/788809859751747584 …,3987,9345,,
788866344733114368,2016-10-19 17:16:07,"'Over 250,000 to Lose Health Insurance in Battleground North Carolina Due to # Obamacare'http://www.breitbart.com/big-government/2016/10/16/250000-lose-health-insurance-battleground-north-carolina-due-obamacare/ …",6395,10282,#Obamacare,
788876733332062208,2016-10-19 17:57:24,UNBELIEVABLE! Clinton campaign contractor caught in voter-fraud video is a felon who visited White House 342 times:http://www.dailymail.co.uk/news/article-3852710/Clinton-campaign-contractor-caught-voter-fraud-video-sting-felon-visited-White-House-342-times-including-meeting-OVAL-OFFICE-Obama-s-spokesman-won-t-defend-him.html …,15732,21570,,
788904702528229376,2016-10-19 19:48:32,I will be handing over my Twitter account to my team of deplorables for tonight's # debate # MakeAmericaGreatAgain,6219,21240,"#debate,#MakeAmericaGreatAgain",
788906847906304004,2016-10-19 19:57:04,"Tune in at http://donaldjtrump.com and get the word out # BigLeagueTruth # Debate Help us spread the TRUTH, stop the LIES!pic.twitter.com/vTRPhRijmw",4164,6889,"#BigLeagueTruth,#Debate",
788907319434158080,2016-10-19 19:58:56,"This is an incredible MOVEMENT- WE are going to take our country BACK! # November8th # BigLeagueTruth # Debatepic.twitter.com/BT4VgYTkBr – bei University of Nevada, Las Vegas",4029,9133,"#November8th,#BigLeagueTruth,#Debatepic",
788908831304654848,2016-10-19 20:04:57,Ready to lead. Ready to Make America Great Again. # Debate # MAGA,5858,15104,"#Debate,#MAGA",
788909516775567360,2016-10-19 20:07:40,Hillary Clinton wants to create the most liberal Supreme Court in history # debate # DrainTheSwamppic.twitter.com/fKJBNXvluh,6090,10176,"#debate,#DrainTheSwamppic",
788910201755742208,2016-10-19 20:10:23,The 2nd Amendment is under siege. We need SCOTUS judges who will uphold the US Constitution. # Debate # BigLeagueTruth,5078,11330,"#Debate,#BigLeagueTruth",
788910896026357761,2016-10-19 20:13:09,. @ HillaryClinton lists litany of ways she plans to restrict gun rights. 2A will not survive a Hillary presidency. # Debate # BigLeagueTruth,4107,9018,"#Debate,#BigLeagueTruth",@HillaryClinton
788911161605443584,2016-10-19 20:14:12,It is so imperative that we have the right justices. # DrainTheSwamp # Debates # BigLeagueTruthpic.twitter.com/RHryqijTlu,4068,8234,"#DrainTheSwamp,#Debates,#BigLeagueTruthpic",
788912156234227712,2016-10-19 20:18:09,"# SecondAmendment # 2A # Debatespic.twitter.com/QbOaf8Dlhs – bei University of Nevada, Las Vegas",4255,8880,"#2A,#Debatespic",
788913202474000384,2016-10-19 20:22:19,"Drugs are pouring into this country. If we have no border, we have no country. That’s why ICE endorsed me. # Debate # BigLeagueTruth",6480,14059,"#Debate,#BigLeagueTruth",
788913356656652289,2016-10-19 20:22:56,Hillary Clinton will use American tax dollars to provide amnesty for thousands of illegals. I will put # AmericaFirst! # BigLeagueTruthpic.twitter.com/nudgLtspyJ,5800,10680,"#AmericaFirst,#BigLeagueTruthpic",
788913564765478913,2016-10-19 20:23:45,One of my first acts as President will be to deport the drug lords and then secure the border. # Debate # MAGA,5480,13640,"#Debate,#MAGA",
788913709313699840,2016-10-19 20:24:20,Plain & Simple: We should only admit into this country those who share our VALUES and RESPECT our people.pic.twitter.com/TlJo8dtVjZ,5066,11145,,
788914665136922624,2016-10-19 20:28:08,"Hillary is too weak to lead on border security-no solutions, no ideas, no credibility.She supported NAFTA, worst deal in US history. # Debate",4863,12696,#Debate,
788914805583208449,2016-10-19 20:28:41,TRUMP & CLINTON ON IMMIGRATION # Debate # BigLeagueTruthpic.twitter.com/OP4c7Jc8Ad,4024,7883,"#Debate,#BigLeagueTruthpic",
788914975779663872,2016-10-19 20:29:22,"Moderator: Hillary paid $225,000 by a Brazilian bank for a speech that called for “open borders.” That’s a quote! # Debate # BigLeagueTruth",9254,17411,"#Debate,#BigLeagueTruth",
788915831094677507,2016-10-19 20:32:46,"Hey @ POTUS - WE AGREE! # BigLeagueTruth # DrainTheSwamppic.twitter.com/WnofYy60fc – bei University of Nevada, Las Vegas",5247,9977,"#BigLeagueTruth,#DrainTheSwamppic",@POTUS
788916346432000000,2016-10-19 20:34:49,"Hillary has called for 550% more Syrian immigrants, but won’t even mention “radical Islamic terrorists.” # Debate # BigLeagueTruthpic.twitter.com/DggR0QjRSk",7264,13152,"#Debate,#BigLeagueTruthpic",
788917052337557505,2016-10-19 20:37:37,". @ HillaryClinton- you have failed, failed, and failed. # BigLeagueTruth Time to # DrainTheSwamp!pic.twitter.com/c2EiyU8XKK – bei University of Nevada, Las Vegas",5707,10493,"#BigLeagueTruth,#DrainTheSwamp",@HillaryClinton
788917347826278404,2016-10-19 20:38:47,Moderator: Hillary plan calls for more regulation and more government spending. # Debate # BigLeagueTruth,3678,8444,"#Debate,#BigLeagueTruth",
788917524322627585,2016-10-19 20:39:29,. @ HillaryClinton has been a foreign policy DISASTER for the American people. I will # MakeAmericaStrongAgain # Debate # BigLeagueTruthpic.twitter.com/XeXXV18Nco,4527,8159,"#MakeAmericaStrongAgain,#Debate,#BigLeagueTruthpic",@HillaryClinton
788917570317320192,2016-10-19 20:39:40,". @ HillaryClinton talking about jobs? Remember what she promised upstate New York. # BigLeagueTruth # Debatespic.twitter.com/SmjNuHi7XB – bei University of Nevada, Las Vegas",5902,10513,"#BigLeagueTruth,#Debatespic",@HillaryClinton
788918380082319360,2016-10-19 20:42:53,. @ HillaryClinton's tax hikes will CRUSH our economy. I will cut taxes -- BIG LEAGUE. https://www.donaldjtrump.com/press-releases/clintons-tax-agenda-promises-to-harm-the-u.s.-economy2 …pic.twitter.com/NgMDP4wilI,3121,6990,,@HillaryClinton
788918790624948224,2016-10-19 20:44:31,# BigLeagueTruthpic.twitter.com/jhDLwFez3v,3365,7762,,
788918810040344576,2016-10-19 20:44:36,"This is what we can expect from # CrookedHillary. More Taxes. More Spending. # BigLeageTruth # DrainTheSwamp # Debatespic.twitter.com/5yxnt0gNUF – bei University of Nevada, Las Vegas",5248,9163,"#CrookedHillary,#BigLeageTruth,#DrainTheSwamp,#Debatespic",
788919099275390976,2016-10-19 20:45:45,"I will renegotiate NAFTA. If I can’t make a great deal, we’re going to tear it up. We’re going to get this economy running again. # Debate",5105,13910,#Debate,
788919388850094080,2016-10-19 20:46:54,"THE CHOICE IS CLEAR! # BigLeagueTruth # DrainTheSwamppic.twitter.com/kGx88PEpmX – bei University of Nevada, Las Vegas",5262,10615,"#BigLeagueTruth,#DrainTheSwamppic",
788919918007758849,2016-10-19 20:49:00,"# CrookedHillary gives Obama an “A” for an economic recovery that’s the slowest since WWII... # BigLeagueTruth # DrainTheSwamppic.twitter.com/mNcTzoMFhB – bei University of Nevada, Las Vegas",3847,7817,"#BigLeagueTruth,#DrainTheSwamppic",
788920252931280896,2016-10-19 20:50:20,". @ HillaryClinton has been doing this for THIRTY YEARS....where has she been? # BigLeagueTruth – bei University of Nevada, Las Vegas",4222,10302,#BigLeagueTruth,@HillaryClinton
788920482238038016,2016-10-19 20:51:15,Crooked Hillary has never created a job in her life. We will create 25 million jobs. Think she can do that? Not a chance. # BigLeagueTruthpic.twitter.com/V8WGjAIyKV,6720,12743,#BigLeagueTruthpic,
788920628535435265,2016-10-19 20:51:49,Our country is stagnant. We’ve lost jobs and business. We don’t make things anymore b/c of the bill Hillary’s husband signed and she blessed,5461,14529,,
788921604130562052,2016-10-19 20:55:42,"Brought to you by @ HillaryClinton & her campaign- in Chicago, Illinois. # BigLeagueTruth # DrainTheSwamppic.twitter.com/10iUBOcECp – bei University of Nevada, Las Vegas",9310,14127,"#BigLeagueTruth,#DrainTheSwamppic",@HillaryClinton
788921683629400064,2016-10-19 20:56:01,# CrookedHillary is nothing more than a Wall Street PUPPET! # BigLeagueTruth # Debatepic.twitter.com/skhBWG6AQ3,11162,20379,"#BigLeagueTruth,#Debatepic",
788921907835830272,2016-10-19 20:56:54,"Crooked's camp incited violence at my rallies. These incidents weren't ""spontaneous"" - like she claimed in Benghazi!http://dailycaller.com/2016/10/17/hidden-camera-video-shows-democrats-sent-agitators-to-trump-rallies/ …",7868,12585,,
788921932523593728,2016-10-19 20:57:00,"I will do more in the first 30 days in office than Hillary has done in the last 30 years! # Debate # BigLeagueTruthpic.twitter.com/tuNQePu8Vk – bei University of Nevada, Las Vegas",6064,13342,"#Debate,#BigLeagueTruthpic",
788922326729367552,2016-10-19 20:58:34,She'll say anything and change NOTHING! # MAGA # BigLeagueTruthpic.twitter.com/6E767Uw6Dj,5440,11648,"#MAGA,#BigLeagueTruthpic",
788922462733869056,2016-10-19 20:59:07,. @ HillaryClinton loves to lie. America has had enough of the CLINTON'S! It is time to # DrainTheSwamp! Debatespic.twitter.com/3Mz4T7qTTR,7113,13310,#DrainTheSwamp,@HillaryClinton
788923253473419264,2016-10-19 21:02:15,"Moderator: “Respectfully, you won’t answer the pay-to-play question.” # Debate # BigLeagueTruth",5989,13093,"#Debate,#BigLeagueTruth",
788923410353008640,2016-10-19 21:02:53,Crooked @ HillaryClinton's foundation is a CRIMINAL ENTERPRISE. Time to # DrainTheSwamp! https://www.donaldjtrump.com/press-releases/pay-to-play-clintons-state-department … # BigLeagueTruth # Debate,5532,10648,"#DrainTheSwamp,#BigLeagueTruth,#Debate",@HillaryClinton
788924731541958656,2016-10-19 21:08:08,Crooked’s top aides were MIRED in massive conflicts of interests at the State Dept. We MUST # DrainTheSwamp http://www.donaldjtrump.com/press-releases/clintons-top-aides-were-mired-in-conflict-of-interest-at-the-state-dep … # Debate,4876,9431,"#DrainTheSwamp,#Debate",
788925593051992065,2016-10-19 21:11:33,"You should give the money back @ HillaryClinton! # DrainTheSwamphttps://twitter.com/foxnews/status/788923395018625025 … – bei University of Nevada, Las Vegas",6371,13527,#DrainTheSwamphttps,@HillaryClinton
788926328976187392,2016-10-19 21:14:29,"Hillary says ""take back Mosul?"" We would have NEVER lost Mosul- if it wasn't for # CrookedHillary. # DrainTheSwamppic.twitter.com/TmsY0ApFLQ – bei University of Nevada, Las Vegas",6412,13864,"#CrookedHillary,#DrainTheSwamppic",
788926818162139136,2016-10-19 21:16:25,"HILLARY FAILED ALL OVER THE WORLD. # BigLeagueTruth LIBYA SYRIA IRAN IRAQ ASIA PIVOT RUSSIAN RESET BENGHAZI # DrainTheSwamppic.twitter.com/9vEKQ1A3L0 – bei University of Nevada, Las Vegas",9860,17949,"#BigLeagueTruth,#DrainTheSwamppic",
788927558288969729,2016-10-19 21:19:22,Bernie Sanders on HRC: Bad Judgement. John Podesta on HRC: Bad Instincts. # BigLeagueTruth # Debate,5291,12542,"#BigLeagueTruth,#Debate",
788928050008207360,2016-10-19 21:21:19,"# BigLeagueTruth # DrainTheSwamppic.twitter.com/eoBiXFPc5f – bei University of Nevada, Las Vegas",3542,7715,#DrainTheSwamppic,
788928106950070272,2016-10-19 21:21:32,"I opposed going into Iraq. Hillary voted for it. As with everything else she's supported, it was a DISASTER. https://www.donaldjtrump.com/press-releases/hillary-clinton-is-the-only-candidate-on-stage-to-vote-for-iraq-war …",5492,11806,,
788929328696348674,2016-10-19 21:26:24,"After Crooked @ HillaryClinton allowed ISIS to rise, she now claims she'll defeat them? LAUGHABLE! Here's my plan: https://www.donaldjtrump.com/policies/foreign-policy-and-defeating-isis/ …",6016,12229,,@HillaryClinton
788929609458823168,2016-10-19 21:27:31,"I WILL DEFEAT ISIS. THEY HAVE BEEN AROUND TOO LONG! What has our leadership been doing? # DrainTheSwamppic.twitter.com/tU0iW3Gi9v – bei University of Nevada, Las Vegas",5517,11398,#DrainTheSwamppic,
788929804351385600,2016-10-19 21:28:17,USA has the greatest business people in the world but we let political hacks negotiate our deals. We need change! # BigLeagueTruth # Debate,7070,17432,"#BigLeagueTruth,#Debate",
788930105976299521,2016-10-19 21:29:29,"Together we can save American JOBS, American LIVES, and AMERICAN FUTURES! # Debatespic.twitter.com/2Yfd0Omn4X – bei University of Nevada, Las Vegas",5790,12528,#Debatespic,
788930515520724992,2016-10-19 21:31:07,"The economy cannot take four more years of these same failed policies. # BigLeagueTruth # DrainTheSwamppic.twitter.com/o8g2E5xXy6 – bei University of Nevada, Las Vegas",6586,13104,"#BigLeagueTruth,#DrainTheSwamppic",
788930678255517696,2016-10-19 21:31:45,"ISIS has infiltrated countries all over Europe by posing as refugees, and @ HillaryClinton will allow it to happen here, too! # BigLeagueTruthpic.twitter.com/U5hDdIc4rC",13682,28385,#BigLeagueTruthpic,@HillaryClinton
788930977301090304,2016-10-19 21:32:57,"We have to repeal & replace # Obamacare! Look at what is doing to people! # DrainTheSwamppic.twitter.com/fsv7P11mWV – bei University of Nevada, Las Vegas",12848,20466,"#Obamacare,#DrainTheSwamppic",
788931248672563200,2016-10-19 21:34:01,"HILLARY'S HEALTH CARE POLICIES # DrainTheSwamp # Debatepic.twitter.com/t1Sr8dk2Xi – bei University of Nevada, Las Vegas",6128,12709,"#DrainTheSwamp,#Debatepic",
788932604460347392,2016-10-19 21:39:25,I started this campaign to Make America Great Again. That’s what I’m going to do. # MAGA # debate,12103,30655,"#MAGA,#debate",
788932848317116416,2016-10-19 21:40:23,We cannot take four more years of Barack Obama and that’s what you’ll get if you vote for Hillary. # BigLeagueTruth,15775,38856,#BigLeagueTruth,
788934601506889728,2016-10-19 21:47:21,"The era of division is coming to an end. We will create a new future of # AmericanUnity. First, we need to # DrainTheSwamp! # Debatespic.twitter.com/DHPBb7IR91 – bei University of Nevada, Las Vegas",8489,19994,"#AmericanUnity,#DrainTheSwamp,#Debatespic",
788935685088477185,2016-10-19 21:51:39,Join my team over on my Facebook page- live now! # Debates https://www.facebook.com/DonaldTrump/videos/10157932697660725/ …pic.twitter.com/5v1tWzHrxq,3915,10083,#Debates,
788937644642213888,2016-10-19 21:59:26,That was really exciting. Made all of my points. MAKE AMERICA GREAT AGAIN!,18629,60589,,
788954581346779136,2016-10-19 23:06:44,"Great poll - thank you America! Once we # DrainTheSwamp, together we will # MAGA # Debatepic.twitter.com/SvcjmrsHKD",12729,30370,"#DrainTheSwamp,#MAGA,#Debatepic",
788955427975393281,2016-10-19 23:10:06,Join the MOVEMENT to # MAGA! http://www.DonaldJTrump.com https://twitter.com/frankluntz/status/788930109457637378 …,7649,16197,#MAGA,
788957439542587392,2016-10-19 23:18:06,"The Washington Times Presidential Debate Poll: TRUMP 77% (18,290) CLINTON 17% (4,100) # DrainTheSwamp # Debatepic.twitter.com/wsgsf5nv6H",17692,37212,"#DrainTheSwamp,#Debatepic",
788959791179767808,2016-10-19 23:27:27,Totally dishonest Donna Brazile chokes on the truth. Highly illegal! Watch: https://m.facebook.com/DonaldTrump/videos/10157934436595725/ …pic.twitter.com/FYoRo6MUjX,14753,28954,,
789001728632946688,2016-10-20 02:14:05,Just landed in Ohio. Thank you America- I am honored to win the final debate for our MOVEMENT. It is time to # DrainTheSwamp & # MAGA!pic.twitter.com/NjCm5W9o0x,16178,37683,"#DrainTheSwamp,#MAGA",
789095747635572736,2016-10-20 08:27:41,Thank you America! # MAGA Rasmussen National Poll Donald Trump 43% Hillary Clinton 40%pic.twitter.com/n4eZ3qpcjg,16831,36801,#MAGA,
789117930801926148,2016-10-20 09:55:50,Why didn't Hillary Clinton announce that she was inappropriately given the debate questions - she secretly used them! Crooked Hillary.,16126,41967,,
789132223479947264,2016-10-20 10:52:38,"If elected POTUS - I will stop RADICAL ISLAMIC TERRORISM in this country! In order to do this, we need to # DrainTheSwamp!pic.twitter.com/hfrRusrTy0",13792,32240,#DrainTheSwamp,
789157526378012672,2016-10-20 12:33:10,"Thank you Delaware County, Ohio! Remember- either we WIN this election, or we are going to LOSE this country! # DrainTheSwamp # TrumpPence16pic.twitter.com/0Z5x5mhEE0 – bei Delaware County Fairgrounds",9404,22573,"#DrainTheSwamp,#TrumpPence16pic",
789170710270742528,2016-10-20 13:25:34,Want access to Crooked Hillary? Don't forget - it's going to cost you! # DrainTheSwamp # PayToPlaypic.twitter.com/qjMBZkEnK9,13018,24377,"#DrainTheSwamp,#PayToPlaypic",
789192376002551810,2016-10-20 14:51:39,# ICYMI - OHIO RALLY! Watch here: https://www.facebook.com/DonaldTrump/videos/10157937570415725/ …pic.twitter.com/fpShHiXI31 – bei Delaware County Fairgrounds,4345,10599,,
789192459179790337,2016-10-20 14:51:59,"UPCOMING RALLIES - JOIN ME! TOMORROW Fletcher, NC @12pm. https://www.donaldjtrump.com/schedule/register/fletcher-nc1/ … SATURDAY Cleveland, OH @7pm. https://www.donaldjtrump.com/schedule/register/cleveland-oh3/ …",4823,10238,,"@12pm,@7pm"
789196063819390976,2016-10-20 15:06:18,'Trump won the third debate'https://www.washingtonpost.com/blogs/post-partisan/wp/2016/10/19/trump-won-tonights-debate/?utm_term=.db187b0862de …,8897,21501,,
789201022442962944,2016-10-20 15:26:01,"Crooked took MILLIONS from oppressive ME countries. Will she give the $$$ back? Probably not. Don't forget her slogan -- ""TAKE THE MONEY!""pic.twitter.com/qLAc6T3lgG",10584,19384,,
789202030493634560,2016-10-20 15:30:01,"Crooked Hillary promised 200k jobs in NY and FAILED. We'll create 25M jobs when I'm president, and I will DELIVER!https://www.washingtonpost.com/world/national-security/as-senator-clinton-promised-200000-jobs-in-upstate-new-york-her-efforts-fell-flat/2016/08/07/339d3384-58d2-11e6-831d-0324760ca856_story.html …",10205,20113,,
789224624320028672,2016-10-20 16:59:48,In addition to those without health coverage- those that have disastrous # Obamacare are seeing MASSIVE PREMIUM INCREASES. Repeal & replace!https://twitter.com/teamtrump/status/789209913713188865 …,9616,19720,#Obamacare,
789226753831075841,2016-10-20 17:08:15,Hillary & Obama's Broken Promises. # RepealObamacarepic.twitter.com/oz24r2xW7G,11296,20058,#RepealObamacarepic,
789487320290430976,2016-10-21 10:23:39,"Huma calls it a ""MESS,"" the rest of us call it CORRUPT! WikiLeaks catches Crooked in the act - again. # DrainTheSwamphttp://dailycaller.com/2016/10/20/wikileaks-hillary-got-12-million-for-clinton-charity-as-quid-pro-quo-for-morocco-meeting/ …",13174,20954,#DrainTheSwamphttp,
789520268972601344,2016-10-21 12:34:35,"The results are in on the final debate and it is almost unanimous, I WON! Thank you, these are very exciting times.",14035,47284,,
789522551462428672,2016-10-21 12:43:39,"Great crowd in Fletcher, North Carolina- thank you! Heading to Johnstown, Pennsylvania now! Get out on November 8th and # VoteTrumpPence16!pic.twitter.com/3ee0tk8A8t",8576,21558,#VoteTrumpPence16,
789540253791059974,2016-10-21 13:54:00,# CrookedHillary “was at center of negotiating $12M commitment from King Mohammed VI of Morocco” to Clinton Fdn.http://www.foxnews.com/politics/2016/10/20/abedin-implicated-clinton-in-foundation-trade-off-with-morocco-amid-12-million-commitment.html …,10230,15581,,
789541345216036864,2016-10-21 13:58:20,A top Clinton Foundation official said he could name “500 different examples” of conflicts of interest.http://www.bloomberg.com/politics/articles/2016-10-20/clinton-foundation-aide-said-to-have-cited-conflicts-of-interest …,10225,16540,,
789573953144680448,2016-10-21 16:07:54,"Great crowd in Johnstown, Pennsylvania- thank you. Get out & VOTE on 11/8! Watch the MOVEMENT in PA. this afternoon: https://www.facebook.com/DonaldTrump/videos/10157945368585725/ …pic.twitter.com/DdsC6nq2sI – bei Cambria County War Memorial",8912,19953,,
789589818581848064,2016-10-21 17:10:57,"VERY IRONIC: ""In 2010 video, Clinton lectured underlings on cybersecurity and guarding ‘sensitive information’"" http://www.mediaite.com/tv/in-2010-video-clinton-lectured-underlings-on-cybersecurity-and-guarding-sensitive-information/ …",9644,16666,,
789590785733918721,2016-10-21 17:14:47,'Clinton Campaign And Harry Reid Worked With New York Times To Smear State Dept Watchdog' Time to # DrainTheSwamp!http://dailycaller.com/2016/10/20/clinton-campaign-and-harry-reid-worked-with-nyt-to-smear-state-dept-watchdog/ …,8173,13364,#DrainTheSwamp,
789594671387447297,2016-10-21 17:30:14,"""{Crooked Hillary Clinton} created this mess, and she knows it."" # DrainTheSwamp http://fxn.ws/2esXyzt pic.twitter.com/sjwkuq3nkk",9625,15732,#DrainTheSwamp,
789596138462650372,2016-10-21 17:36:04,Donna Brazile Shreds Obama Economy - Acting DNC chair says 'people are more in despair about how things are'http://www.lifezette.com/polizette/wikileaks-donna-brazile-shreds-obama-economy/ …,9641,16653,,
789598795315150853,2016-10-21 17:46:37,WikiLeaks reveals Clinton camp’s work with ‘VERY friendly and malleable reporters’ # DrainTheSwamp # CrookedHillaryhttp://m.washingtontimes.com/news/2016/oct/21/wikileaks-reveals-hillary-clinton-camps-work-with-/ …,7965,13675,"#DrainTheSwamp,#CrookedHillaryhttp",
789599646821806085,2016-10-21 17:50:00,# CrookedHillary sending U.S. intelligence info. to Podesta’s hacked email is ‘unquestionably an OPSEC violation’http://dailycaller.com/2016/10/21/unquestionably-an-opsec-violation-clinton-sent-us-operations-info-to-podestas-hacked-email/ …,10153,16809,,
789631866714386432,2016-10-21 19:58:02,"Thank you to the great crowd of supporters in Newtown, Pennsylvania. Get out & VOTE on 11/8/16. Lets # MAGA! Watch: https://www.facebook.com/DonaldTrump/videos/10157946929405725/ …pic.twitter.com/3PptVcow50",8133,18332,#MAGA,
789657808052621313,2016-10-21 21:41:07,"Governor @ Mike_Pence and I will be in Cleveland, Ohio tomorrow night at 7pm - join us! # MAGA Tickets: https://www.donaldjtrump.com/schedule/register/cleveland-oh3/ …pic.twitter.com/5lhrb7POGl",7223,17535,#MAGA,@Mike
789668492480016384,2016-10-21 22:23:34,"Just returned from Pennsylvania where we will be bringing back their jobs. Amazing crowd. Will be going back tomorrow, to Gettysburg!",9425,30423,,
789671091182632960,2016-10-21 22:33:54,The media refuses to talk about the three new national polls that have me in first place. Biggest crowds ever - watch what happens!,19860,52945,,
789792240390533124,2016-10-22 06:35:18,""" @ jensen4law: Best way to pay Hillary back for what she did to @ BernieSanders # DNCleak is a DonaldTrump LANDSLIDE https://twitter.com/youngdems4trump/status/789672574275813376 …""",11944,20646,#DNCleak,"@jensen4law,@BernieSanders"
789792909969195009,2016-10-22 06:37:58,""" @ AZTRUMPTRAIN: I # Voted for DonaldTrump! # Arizona ☉ # Economy # Immigration # Jobs # Veterans # BorderControl # Trade… https://twitter.com/i/web/status/789697364193742848 …""",5215,12401,"#Voted,#Arizona,#Economy,#Immigration,#Jobs,#Veterans,#BorderControl,#Trade",@AZTRUMPTRAIN
789828981197602816,2016-10-22 09:01:18,"Will be in Cleveland, Ohio w/ @ mike_pence tonight- join us: https://www.donaldjtrump.com/schedule/register/cleveland-oh3/ … Naples, Florida-tomorrow @6pm: https://www.donaldjtrump.com/schedule/register/naples-fl/ …",5027,11942,,"@mike,@6pm"
789833922590957568,2016-10-22 09:20:56,"Landing in Pennsylvania now. Great new poll this morning, thank you. Lets # DrainTheSwamp and # MakeAmericaGreatAgain! TRUMP 42% CLINTON 40%pic.twitter.com/RJlGk6YiX4",12655,29251,"#DrainTheSwamp,#MakeAmericaGreatAgain",
789886518303330304,2016-10-22 12:49:56,"Thank you Gettysburg, Pennsylvania! # DrainTheSwamphttps://twitter.com/foxnews/status/789877206004617216 …",8322,18744,#DrainTheSwamphttps,
789887588178006017,2016-10-22 12:54:11,Crooked Hillary Clinton Tops Middle East Forum’s ‘Islamist Money List'http://www.breitbart.com/big-government/2016/10/21/hillary-clinton-tops-middle-east-forums-islamist-money-list/ …,8184,13328,,
789893765397897216,2016-10-22 13:18:43,Change has to come from outside our very broken system. # MAGApic.twitter.com/OH9Lvo3R7K,11854,26727,#MAGApic,
789899250834534400,2016-10-22 13:40:31,Today I introduced my Contract with the American Voter - our economy will be STRONG & our people will be SAFE. https://www.donaldjtrump.com/press-releases/donald-j.-trump-delivers-groundbreaking-contract-for-the-american-vote1 …pic.twitter.com/bS6iQTHJLF,12607,26814,,
789917911821520898,2016-10-22 14:54:40,"In order to # DrainTheSwamp & create a new GOVERNMENT of, by, & for the PEOPLE, I need your VOTE! Go to http://VOTE.GOP - LET'S # MAGA!",10439,21687,"#DrainTheSwamp,#MAGA",
789936850051932161,2016-10-22 16:09:56,"Unbelievable crowd of supporters in Virginia Beach, Virginia. Thank you! Next stop - Cleveland, Ohio. # DrainTheSwamp http://VOTE.GOP pic.twitter.com/8xRyu9YIf1",8059,20855,#DrainTheSwamp,
789943092564652032,2016-10-22 16:34:44,Hillary Clinton: 'Architect of failure' # DrainTheSwamp # CrookedHillaryhttp://www.washingtonexaminer.com/hillary-clinton-architect-of-failure/article/2605268#.WAvTt0wbzRA.twitter …,8526,15682,"#DrainTheSwamp,#CrookedHillaryhttp",
789966670630715394,2016-10-22 18:08:25,"Just arrived in Cleveland, Ohio- join Governor @ Mike_Pence and I now, LIVE via:http://bit.ly/2dYXztrOHIOLive – bei Cleveland I-X Exhibition and Convention Center",5504,13592,,@Mike
790011110984445952,2016-10-22 21:05:01,'Huma Abedin told Clinton her secret email account caused problems'http://m.washingtontimes.com/news/2016/oct/21/more-clinton-classified-email-emerges/ …,10019,15953,,
790015269074792448,2016-10-22 21:21:32,'Trump lays out policies for first 100 days in White House'http://nypost.com/2016/10/22/trump-lays-out-policies-for-first-100-days-of-white-house/ …,10194,20479,,
790016528011890688,2016-10-22 21:26:32,WikiLeaks: 'Clinton-Kaine Even Lied About Timing of Veep Pick'http://www.lifezette.com/polizette/wikileaks-kaine-clinton-lied-vp-selection/ …,10408,16987,,
790025084870287360,2016-10-22 22:00:32,"Thank you for the massive turnout tonight- Cleveland, Ohio! Get out & VOTE # TrumpPence16 on 11/8. Watch rally here: https://www.facebook.com/DonaldTrump/videos/10157952895095725/ …pic.twitter.com/xSws2vGWNG",12394,30067,#TrumpPence16,
790174395985788929,2016-10-23 07:53:51,"""If you can't run your own house you certainly can't run the White House"" A statement made by Mrs. Obama about Crooked Hillary Clinton",21455,49202,,
790192053489729538,2016-10-23 09:04:01,"Well, Iran has done it again. Taken two of our people and asking for a fortune for their release. This doesn't happen if I'm president!",21449,49169,,
790227242500644864,2016-10-23 11:23:50,Thank you Las Vegas Review Journal! EDITORIAL: 'Donald Trump for president' https://shar.es/1E9NsO via @ reviewjournal,7789,16118,,@reviewjournal
790228805986217985,2016-10-23 11:30:03,"Former Prosecutor: The Clintons Are So Corrupt, Everything ‘They Touch Turns To Molten Lead’http://dailycaller.com/2016/10/22/former-prosecutor-the-clintons-are-so-corrupt-everything-they-touch-turns-to-molten-lead-video/#ixzz4NvVWFrs …",10026,18184,,
790229932341354496,2016-10-23 11:34:32,Remember - get out on November 8th & VOTE # TrumpPence16. It is time to # DrainTheSwamp -- this is our last chance!http://www.investors.com/politics/trump-up-2-points-nationwide-while-clinton-campaigns-as-if-the-race-is-already-won-ibdtipp-poll/ …,9708,19628,"#TrumpPence16,#DrainTheSwamp",
790250615398133760,2016-10-23 12:56:43,"Join me in Naples, Florida this evening at 6:00pm! Tickets: https://www.donaldjtrump.com/schedule/register/naples-fl/ …pic.twitter.com/g9LBxI1dJ8",5391,13712,,
790268732354461696,2016-10-23 14:08:42,# CrookedHillary # PayToPlaypic.twitter.com/BT1Nv0ZMYg,13802,21981,#PayToPlaypic,
790337063489040384,2016-10-23 18:40:14,The attack on Mosul is turning out to be a total disaster. We gave them months of notice. U.S. is looking so dumb. VOTE TRUMP and WIN AGAIN!,13686,33859,,
790343447987314692,2016-10-23 19:05:36,"Thank you Naples, Florida! Get out and VOTE # TrumpPence16 on 11/8. Lets # MakeAmericaGreatAgain! Full Naples rally: https://www.facebook.com/DonaldTrump/videos/10157958946770725/ …pic.twitter.com/kpEIfcSVG6",9495,21775,"#TrumpPence16,#MakeAmericaGreatAgain",
790343997814403072,2016-10-23 19:07:47,"'Clinton Charity Got Up To $56 Million From Nations That Are Anti-Women, Gays' # CrookedHillaryhttp://dailycaller.com/2016/10/20/clinton-charity-got-up-to-56-million-from-nations-that-are-anti-women-gays/#ixzz4NxMX6wTv …",14350,20103,#CrookedHillaryhttp,
790378549395988480,2016-10-23 21:25:05,'Clinton Ally Aided Campaign of FBI Official’s Wife'http://www.wsj.com/articles/clinton-ally-aids-campaign-of-fbi-officials-wife-1477266114 …,10994,16140,,
790523240351498241,2016-10-24 07:00:02,"Wow, just came out on secret tape that Crooked Hillary wants to take in as many Syrians as possible. We cannot let this happen - ISIS!",21536,45030,,
790534428942622721,2016-10-24 07:44:29,Major story that the Dems are making up phony polls in order to suppress the the Trump . We are going to WIN!,16089,37371,,
790539740118446080,2016-10-24 08:05:36,Why has nobody asked Kaine about the horrible views emanated on WikiLeaks about Catholics? Media in the tank for Clinton but Trump will win!,12336,30699,,
790557856806371328,2016-10-24 09:17:35,We are winning and the press is refusing to report it. Don't let them fool you- get out and vote! # DrainTheSwamp on November 8th!,18983,41035,#DrainTheSwamp,
790565076159922177,2016-10-24 09:46:16,Get out to VOTE on 11/8/2016- and we will # DrainTheSwamp! RASMUSSEN NATIONAL Trump 43% Clinton 41%pic.twitter.com/jIOR7Bq816,12591,26178,#DrainTheSwamp,
790582555871326208,2016-10-24 10:55:44,"Departing Farmers Round Table in Boynton Beach, Florida. Get out & VOTE- lets # MAGA! EARLY VOTING BY FL. COUNTY: http://dos.myflorida.com/elections/for-voters/voting/early-voting/ …pic.twitter.com/GSuG96U6Dd",5674,13016,#MAGA,
790584855150997504,2016-10-24 11:04:52,'The Clinton Foundation’s Most Questionable Foreign Donations' # PayToPlay # DrainTheSwamphttp://dailycaller.com/2016/10/23/heres-a-dirty-laundry-list-of-the-clinton-foundations-most-questionable-foreign-donations/#ixzz4O1FJvi7f …,8702,13520,"#PayToPlay,#DrainTheSwamphttp",
790592685144846336,2016-10-24 11:35:59,"Leaving West Palm Beach, Florida now - heading to St. Augustine for a 3pm rally. Will be in Tampa at 7pm - join me: https://www.donaldjtrump.com/schedule/register/tampa-fl4/ …pic.twitter.com/GlH9r2NjkV – bei Palm Beach International Airport (PBI)",6507,16352,,
790593186787840000,2016-10-24 11:37:58,'Hillary Clinton Had Gun Control Supporters Planted In Town Hall Audience'http://www.breitbart.com/wikileaks/2016/10/23/wikileaks-hillary-gun-control-supporters-planted-town-hall-audience/ … – bei Palm Beach International Airport (PBI),9698,14895,,
790621559920615424,2016-10-24 13:30:43,"Honored to receive an endorsement from @ SJSOPIO - thank you! Together, we are going to MAKE AMERICA SAFE & GREAT AGAIN! # LESM # MAGApic.twitter.com/lKKuu10jn1",8523,18988,"#LESM,#MAGApic",@SJSOPIO
790629257546379264,2016-10-24 14:01:18,"Join me LIVE on my Facebook page in St. Augustine, Florida! Lets # DrainTheSwamp & MAKE AMERICA GREAT AGAIN! https://www.facebook.com/DonaldTrump/videos/10157965289060725/ …pic.twitter.com/yMynXvudwM – bei St. Augustine Amphitheatre",4557,10804,#DrainTheSwamp,
790654003981918208,2016-10-24 15:39:38,"THANK YOU St. Augustine, Florida! Get out and VOTE! Join the MOVEMENT - and lets # DrainTheSwamp! Off to Tampa now! # AmericaFirstpic.twitter.com/oP11CEOH3p – bei Northeast Florida Regional Airport / St. Augustine Airport (SGJ)",10230,25019,"#DrainTheSwamp,#AmericaFirstpic",
790662999841333249,2016-10-24 16:15:23,"Join me tomorrow in Sanford or Tallahassee, Florida! Sanford at 3pm: https://www.donaldjtrump.com/schedule/register/sanford-fl/ … Tallahassee at 6pm: https://www.donaldjtrump.com/schedule/register/tallahassee-fl/ …",5046,10781,,
790671814276083712,2016-10-24 16:50:25,'Democratic operative caught on camera: Hillary PERSONALLY ordered 'Donald Duck' troll campaign that broke the law'http://www.dailymail.co.uk/news/article-3867558/Democratic-operative-caught-camera-Hillary-PERSONALLY-ordered-Donald-Duck-troll-campaign-broke-law-coordinating-tax-exempt-pressure-group.html …,16260,23953,,
790672365466316800,2016-10-24 16:52:36,Peter Navarro: 'Trump the Bull vs. Clinton the Bear' # DrainTheSwamphttp://www.foxnews.com/opinion/2016/10/24/peter-navarro-trump-bull-vs-clinton-bear.html?platform=hootsuite …,5189,10548,#DrainTheSwamphttp,
790712761407926272,2016-10-24 19:33:07,"My contract with the American voter will restore honesty, accountability & CHANGE to Washington! # DrainTheSwamppic.twitter.com/sbVwctT1Sj",18427,33843,#DrainTheSwamppic,
790726388978515968,2016-10-24 20:27:16,Thank you Bobby Bowden for the intro tonight and your support! I hope I can do as well for Florida as you have done!pic.twitter.com/Vx5iltoaXj,13564,31901,,
790730455129714688,2016-10-24 20:43:26,"Record crowd in Tampa, Florida- thank you! We will WIN FLORIDA, # DrainTheSwamp in Washington D.C. and MAKE AMERICA GREAT AGAIN!pic.twitter.com/gjifLddB3d",13142,28859,#DrainTheSwamp,
790923701193768960,2016-10-25 09:31:19,"As election looms, some bad news for Clinton, Democrats:http://www.mcclatchydc.com/news/politics-government/election/article110299617.html …",7038,12304,,
790924363348541445,2016-10-25 09:33:57,# Obamacare premiums are about to SKYROCKET --- again. Crooked H will only make it worse. We will repeal & replace!http://money.cnn.com/2016/10/24/news/economy/obamacare-premiums/ …,7871,14077,,
790925669937123328,2016-10-25 09:39:09,Key Obamacare premiums to jump 25% next year:http://www.politico.com/story/2016/10/hhs-benchmark-obamacare-premiums-jump-25-percent-next-year-230263#ixzz4O6kO7znL …,6866,11149,,
790927104921767940,2016-10-25 09:44:51,Get out and vote! I am your voice and I will fight for you! We will make America great again!http://www.foxnews.com/politics/2016/10/25/early-voting-suggests-tight-race-in-key-states-despite-clinton-camp-boast.html …,11024,22933,,
790936027871477764,2016-10-25 10:20:18,# ObamacareFailpic.twitter.com/Mb0YW1rg6g,10481,18630,,
790936360953716736,2016-10-25 10:21:37,# ObamacareFailhttp://thehill.com/policy/healthcare/302554-obamacare-hikes-leave-dems-exposed …,5905,11374,,
790936603590033408,2016-10-25 10:22:35,Obamacare is a disaster! Time to repeal & replace! # ObamacareFailhttp://www.washingtonexaminer.com/press-grudgingly-admit-obamacare-hikes/article/2605465#.WA9nDF3Y4rU.twitter …,6665,13713,#ObamacareFailhttp,
790948782288596992,2016-10-25 11:10:59,# ObamacareFailpic.twitter.com/90Aixp25Oc,9983,16798,,
790951230906458113,2016-10-25 11:20:43,Obamacare is a disaster - as I've been saying from the beginning. Time to repeal & replace! # ObamacareFailpic.twitter.com/5CvoMbVceT,14381,25881,#ObamacareFailpic,
790983039056769024,2016-10-25 13:27:06,Truly honored to receive the first ever presidential endorsement from the Bay of Pigs Veterans Association. # MAGA # ImWithYoupic.twitter.com/U7xVj1ajMs,16822,41477,"#MAGA,#ImWithYoupic",
791017424426504192,2016-10-25 15:43:45,Obamacare is a disaster. Rates going through the sky - ready to explode. I will fix it. Hillary can't! # ObamacareFailed,10966,26941,#ObamacareFailed,
791022438486343680,2016-10-25 16:03:40,'Obama Warned Of Rigged Elections In 2008.' Time to # DrainTheSwamp http://bit.ly/2dGeiObama2008 pic.twitter.com/7mIkwAHTuV,13098,20711,#DrainTheSwamp,
791030789001605126,2016-10-25 16:36:51,Get your ballots in Colorado - I will see you soon -- and we will win! # MakeAmericaGreatAgainpic.twitter.com/oDLvZg7MLk,7487,18144,#MakeAmericaGreatAgainpic,
791035128176844800,2016-10-25 16:54:05,I have met & spent a lot of time with families @The Remembrance Project. I will fight for them everyday! # ImWithYou http://www.theremembranceproject.org/about-us.html pic.twitter.com/lEiiWsNoBC,10621,22655,#ImWithYou,@The
791037075030179840,2016-10-25 17:01:50,REPEAL AND REPLACE!!! # ObamaCareInThreeWords,13826,31521,#ObamaCareInThreeWords,
791043842124439552,2016-10-25 17:28:43,"Thank you Sanford, Florida. Get out & VOTE # TrumpPence16! # ICYMI- watch this afternoons rally here: https://www.facebook.com/DonaldTrump/videos/10157973171305725/ …pic.twitter.com/cwGqKECVtX",8558,20184,"#TrumpPence16,#ICYMI",
791059759663288321,2016-10-25 18:31:58,"Thank you Tallahassee, Florida! A beautiful evening with the MOVEMENT! Get out & VOTE! # ICYMI- watch here:https://www.facebook.com/DonaldTrump/videos/10157973074675725/ …",8438,20828,#ICYMI,
791233632593739776,2016-10-26 06:02:53,REPEAL AND REPLACE OBAMACARE!,16579,44826,,
791351142760321024,2016-10-26 13:49:49,JOIN ME IN OHIO TOMORROW! Springfield-1pm: https://www.donaldjtrump.com/schedule/register/springfield-oh/ … Toledo-4pm: https://www.donaldjtrump.com/schedule/register/toledo-oh2/ … Geneva-7pm: https://www.donaldjtrump.com/schedule/register/geneva-o …pic.twitter.com/Qfq8CvTzBG – bei Ronald Reagan Washington National Airport (DCA),7028,14330,,
791398814049456128,2016-10-26 16:59:15,Hillary said she was under sniper fire (while surrounded by USSS.) Turned out to be a total lie. She is not fit to lead our country.pic.twitter.com/g5kCwxxUbK,31534,59499,,
791457576030535680,2016-10-26 20:52:45,"Thank you Charlotte, North Carolina. Great afternoon! # ICYMI - I delivered a speech on urban renewal. Full speech: https://www.facebook.com/DonaldTrump/videos/10157980288935725/ …pic.twitter.com/pWIzcZObVG",9073,21662,#ICYMI,
791458860930392065,2016-10-26 20:57:51,"Beautiful evening in Kinston, North Carolina - thank you! Get out and VOTE!! You can watch tonight's rally here: https://www.facebook.com/DonaldTrump/videos/10157984269835725/ …pic.twitter.com/dv8amARoTU",8418,20946,,
791614912833449984,2016-10-27 07:17:57,"Obamacare is a disaster. We must REPEAL & REPLACE. Tired of the lies, and want to # DrainTheSwamp? Get out & VOTE # TrumpPence16 & lets # MAGA!pic.twitter.com/IO5fwVHLeT",12554,25483,"#DrainTheSwamp,#TrumpPence16,#MAGA",
791625798792974336,2016-10-27 08:01:12,A lot of call-ins about vote flipping at the voting booths in Texas. People are not happy. BIG lines. What is going on?,16414,32776,,
791642669256769536,2016-10-27 09:08:15,'WikiLeaks Drip-Drop Releases Prove One Thing: There's No Nov. 8 Deadline on Clinton's Dishonesty and Scandals' http://nation.foxnews.com/2016/10/27/wikileaks-drip-drop-releases-prove-one-thing-theres-no-nov-8-deadline-clintons-dishonesty …,10637,19031,,
791643269109350400,2016-10-27 09:10:38,"Ron Fournier: ""Clinton Used Secret Server To Protect # CircleOfEnrichment”https://m.youtube.com/watch?feature=youtu.be&v=droqK2or8Bs …",7237,11813,#CircleOfEnrichment,
791643789609865216,2016-10-27 09:12:42,"""Clinton Foundation’s Fundraisers Pressed Donors to Steer Business to Former President""http://www.wsj.com/articles/clinton-foundations-fundraisers-pressed-donors-to-steer-business-to-former-president-1477527597 …",7795,12182,,
791648893725450240,2016-10-27 09:32:59,"I agree, @ MMFlint- To all Americans, I see you & I hear you. I am your voice. Vote to # DrainTheSwamp w/ me on 11/8. https://m.youtube.com/watch?v=pADHLsECWxY …",9848,19869,#DrainTheSwamp,@MMFlint
791651860889427968,2016-10-27 09:44:46,"JOIN ME! # MAGA TODAY: Springfield, OH Toledo, OH Geneva, OH FRIDAY: Manchester, NH Lisbon, ME Cedar Rapids, IA https://www.donaldjtrump.com/schedule",6045,14065,#MAGA,
791653174994202624,2016-10-27 09:49:59,Inside ‘Bill Clinton Inc.’: Hacked memo reveals intersection of charity and personal income. # DrainTheSwamp!https://www.washingtonpost.com/politics/inside-bill-clinton-inc-hacked-memo-reveals-intersection-of-charity-and-personal-income/2016/10/26/3bf84bba-9b92-11e6-b3c9-f662adaa0048_story.html …,11119,17461,#DrainTheSwamp,
791697302519947264,2016-10-27 12:45:20,"Join me live in Springfield, Ohio! https://www.facebook.com/DonaldTrump/videos/10157990081530725/ …",3718,9973,,
791722658358439936,2016-10-27 14:26:05,"Thank you Springfield, Ohio. Get out and # VoteTrumpPence16! # ICYMI - watch here: https://www.facebook.com/DonaldTrump/videos/10157991657715725/ … # MakeAmericaGreatAgainpic.twitter.com/HlAL9uP43i – bei Springfield, Ohio",6154,14009,"#VoteTrumpPence16,#ICYMI,#MakeAmericaGreatAgainpic",
791738173462310912,2016-10-27 15:27:44,"# ICYMI: I agree- To all Americans, I see you & I hear you. I am your voice. Vote to # DrainTheSwamp with me on 11/8. https://www.facebook.com/DonaldTrump/videos/10157990104410725/ …pic.twitter.com/hypGfcOYTY",12759,26002,#DrainTheSwamp,
791746832686682112,2016-10-27 16:02:09,"Join me in Cedar Rapids, Iowa tomorrow at 7:00pm! # MAGA https://www.donaldjtrump.com/schedule/register/cedar-rapids-ia4/ …pic.twitter.com/CniHGkjp0v",4256,10125,#MAGA,
791748254991912960,2016-10-27 16:07:48,"Join me live in Toledo, Ohio. Time to # DrainTheSwamp & # MAGA!https://www.facebook.com/DonaldTrump/videos/10157991985830725/ …",3743,10116,"#DrainTheSwamp,#MAGA",
791762650195632128,2016-10-27 17:05:00,"I delivered a speech in Charlotte, North Carolina yesterday. I appreciate all of the feedback & support. Lets # MAGA! http://bit.ly/2eLk8p2Charlotte …pic.twitter.com/Obj1B6ZqDP",11562,24371,#MAGA,
791767413465419777,2016-10-27 17:23:56,I will be interviewed on @ oreillyfactor tonight at 8:00 P.M. Enjoy!,4963,14979,,@oreillyfactor
791768269615169538,2016-10-27 17:27:20,""" @ KeithRowland: People in Arizona just got a taste of Obamacare with a 116% increase in premiums. @ realDonaldTrump"" Repeal and replace!",12490,23889,,"@KeithRowland,@realDonaldTrump"
791770795165057025,2016-10-27 17:37:22,Crooked Hillary launched her political career by letting terrorists off the hook. # DrainTheSwamp http://freebeacon.com/politics/trump-ad-clinton-launched-political-career-pardoning-puerto-rican-terrorists/ …pic.twitter.com/vAsn25cdbK,14048,22504,#DrainTheSwamp,
791795308162408448,2016-10-27 19:14:46,"Join @ TeamTrump on Facebook & watch tonight's rally from Geneva, Ohio- our 3rd rally of the day. # AmericaFirst # MAGA http://www.Facebook.com/DonaldTrump",5431,12747,"#AmericaFirst,#MAGA",@TeamTrump
791818552600821761,2016-10-27 20:47:08,"Thank you Geneva, Ohio. If I am elected President, I am going to keep RADICAL ISLAMIC TERRORISTS OUT of our country! # MakeAmericaSafeAgainpic.twitter.com/lJ3MoRDEgO",14229,35632,#MakeAmericaSafeAgainpic,
792024896616407040,2016-10-28 10:27:05,""" @ Jmoschetti1363: @ Johnatsrs1949 FBI must be outraged that their hands r tied she has no regard or t secret service, FBI, or (Dallas)police""",6879,16031,,"@Jmoschetti1363,@Johnatsrs1949"
792027901126406144,2016-10-28 10:39:01,"Join me tonight in Cedar Rapids, Iowa at 7pm: https://www.donaldjtrump.com/schedule/register/cedar-rapids-ia4/ … Phoenix, Arizona tomorrow night at 3pm: https://www.donaldjtrump.com/schedule/register/phoenix-az3/ …",4805,11134,,
792031499075944448,2016-10-28 10:53:19,"If my people said the things about me that Podesta & Hillary's people said about her, I would fire them out of self respect. ""Bad instincts""",14710,40283,,
792049535195439104,2016-10-28 12:04:59,Heading to New Hampshire. Will be talking about the disaster known as ObamaCare!,6433,20687,,
792054354991800320,2016-10-28 12:24:08,"Just out: Neera Tanden, Hillary Clinton adviser said, “Israel is depressing.” I think Israel is inspiring!",12843,31099,,
792083605405171712,2016-10-28 14:20:22,We must not let # CrookedHillary take her CRIMINAL SCHEME into the Oval Office. # DrainTheSwamppic.twitter.com/GtPkj4xIz6,21865,45398,"#CrookedHillary,#DrainTheSwamppic",
792176315478609920,2016-10-28 20:28:46,Just landed in Iowa - speaking soon!,5356,20299,,
792176856086622208,2016-10-28 20:30:55,""" @ piersmorgan: BOMBSHELL: FBI reopening its investigation into HillaryClinton's email server after new discovery!",12785,34935,,@piersmorgan
792215485941186560,2016-10-28 23:04:25,"Thank you Maine, New Hampshire and Iowa. The waiting is OVER! The time for change is NOW! We are going to # DrainTheSwamp & # MAGA! # ImWithYoupic.twitter.com/wBVNBQJN5F",11078,28231,"#DrainTheSwamp,#MAGA,#ImWithYoupic",
792217215114342400,2016-10-28 23:11:17,Join me in Colorado at 12pm tomorrow - or Arizona at 3pm! TICKETS: Golden: https://www.donaldjtrump.com/schedule/register/golden-co/ … Phoenix: https://www.donaldjtrump.com/schedule/register/phoenix-az3/ …pic.twitter.com/fyychVfsxr,7171,16303,,
792352376828993538,2016-10-29 08:08:22,I am in Colorado - big day planned - but nothing can be as big as yesterday!,10499,35591,,
792389892298780672,2016-10-29 10:37:26,"""@DeplorableCBTP: ""In my mind, # DonaldTrump is the only way out of this mess."" - # PhilRobertson of TV's # DuckDynasty"" Thank you Phil!",9956,25660,"#DonaldTrump,#PhilRobertson,#DuckDynasty",
792409386073202688,2016-10-29 11:54:54,"Tomorrow! Las Vegas, NV- 11a: https://www.donaldjtrump.com/schedule/register/las-vegas-nv4/ … Greeley, CO- 4p: https://www.donaldjtrump.com/schedule/register/greeley-co/ … Albuquerque, NM- 7p: https://www.donaldjtrump.com/schedule/register/albuquerque-nm2/ …",5039,10811,,
792411187547734016,2016-10-29 12:02:04,# ObamacareFailpic.twitter.com/iusXk4n9w7,9367,16325,,
792455164615544832,2016-10-29 14:56:49,"Departing Golden, CO. for Arizona now - after an unbelievable rally. Watch here: http://bit.ly/2f3wsxwInside Overflow:http://bit.ly/2f3wTb6Outside",8230,21737,,
792456539151806464,2016-10-29 15:02:16,So nice - great Americans outside Trump Tower right now. Thank you!pic.twitter.com/34ATTgICTz,19483,51078,,
792537371291987968,2016-10-29 20:23:28,"THANK YOU Phoenix, Arizona! Time for new POWERFUL leadership. Just imagine what WE can accomplish in our first 100 days! # DrainTheSwamppic.twitter.com/0PsRXMXShU",13070,32618,#DrainTheSwamppic,
792540629548933120,2016-10-29 20:36:25,"Great day in Colorado & Arizona. Will be in Nevada, Colorado and New Mexico tomorrow - join me! Tickets: https://www.donaldjtrump.com/schedule pic.twitter.com/IAuoAchEvy",9250,21980,,
792726526127067136,2016-10-30 08:55:06,"We are now leading in many polls, and many of these were taken before the criminal investigation announcement on Friday - great in states!",17519,53963,,
792728791743291392,2016-10-30 09:04:06,"Hillary and the Dems loved and praised FBI Director Comey just a few days ago. Original evidence was overwhelming, should not have delayed!",16059,40071,,
792734426912337920,2016-10-30 09:26:30,"Wow, Twitter, Google and Facebook are burying the FBI criminal investigation of Clinton. Very dishonest media!",30983,61760,,
792787872789045248,2016-10-30 12:58:52,"See you tomorrow Michigan! Grand Rapids, MI tomorrow at noon: https://www.donaldjtrump.com/schedule/register/grand-rapids-mi2/ … Warren, MI tomorrow at 3pm: https://www.donaldjtrump.com/schedule/register/warren-mi1/ …pic.twitter.com/b2rESr9mHi",6628,16528,,
792804645542305792,2016-10-30 14:05:31,"Thank you Las Vegas, Nevada- I love you! Departing for Greeley, Colorado now. Get out & VOTE! # ICYMI- watch here: https://www.facebook.com/DonaldTrump/videos/10158015875825725/ …pic.twitter.com/rSue79mIls – bei Sands Convention Center",7028,18687,#ICYMI,
792868471734345728,2016-10-30 18:19:09,"Thank you Greeley, CO! REAL change means restoring honesty to the govt. Our plan will END govt. corruption! Watch: https://www.facebook.com/DonaldTrump/videos/10158017552765725/ …pic.twitter.com/Pf4JSPsmWq",9986,22487,,
792869550593146880,2016-10-30 18:23:26,""" @ slh: I follow Mr.Trump at all of his rallies by watching them on http://www.rsbn.tv/trump . He is a lion-hearted warrior, who inspires hope",9576,22990,,@slh
792922071437287428,2016-10-30 21:52:08,"Beautiful rally in Albuquerque, New Mexico this evening - thank you. Get out & VOTE! # DrainTheSwamp Watch rally: https://www.facebook.com/DonaldTrump/videos/10158018669815725/ …pic.twitter.com/cfOfoI8m7h",10873,23928,#DrainTheSwamp,
792939101494337540,2016-10-30 22:59:48,Join me tomorrow in Michigan! Grand Rapids at 12pm: https://www.donaldjtrump.com/schedule/register/grand-rapids-mi2/ … Warren at 3pm: https://www.donaldjtrump.com/schedule/register/warren-mi1/ …pic.twitter.com/iyXwiP0rvd,6739,15918,,
793120426541056000,2016-10-31 11:00:19,'Hillary's Two Official Favors To Morocco Resulted In $28 Million For Clinton Foundation' # DrainTheSwamphttp://dailycaller.com/2016/10/31/hillarys-two-official-favors-to-morocco-resulted-in-28-million-for-clinton-foundation/ …,12138,18548,#DrainTheSwamphttp,
793129964476436480,2016-10-31 11:38:13,"Legendary basketball coach Bobby Knight who has 900+ wins, many championships and a gold medal will be introducing me in Michigan shortly.pic.twitter.com/RZUYpuS5yG",11103,36169,,
793155579019681792,2016-10-31 13:20:00,$25 Million+ raised online in just one week! RECORD WEEK. # DrainTheSwamp Today we set a bigger record. Contribute >http://bit.ly/finalmonth,7675,17973,#DrainTheSwamp,
793165820889358338,2016-10-31 14:00:42,"Thank you Grand Rapids, Michigan! # ICYMI- watch: https://www.facebook.com/DonaldTrump/videos/10158023562820725/ …pic.twitter.com/gN7BYfLD9K",7981,18804,#ICYMI,
793167761509851137,2016-10-31 14:08:25,# ObamacareFail # HillarycareFailpic.twitter.com/gaXOWVI0Xa,13497,22606,#HillarycareFailpic,
793193310219272198,2016-10-31 15:49:56,"Wow! I hear you Warren, Michigan. Streaming live - join us America. It is time to DRAIN THE SWAMP! Watch: https://www.facebook.com/DonaldTrump/videos/10158027399210725/ …",7173,19795,,
793400131525677056,2016-11-01 05:31:46,Look at the way Crooked Hillary is handling the e-mail case and the total mess she is in. She is unfit to be president. Bad judgement!,17743,45859,,
793421274043285504,2016-11-01 06:55:47,"Wow, now leading in @ ABC / @ washingtonpost Poll 46 to 45. Gone up 12 points in two weeks, mostly before the Crooked Hillary blow-up!",13713,32264,,"@ABC,@washingtonpost"
793422633111023616,2016-11-01 07:01:11,"Crooked Hillary should not be allowed to run for president. She deleted 33,000 e-mails AFTER getting a subpoena from U.S. Congress. RIGGED!",19668,49465,,
793446442031575040,2016-11-01 08:35:47,JOIN ME TOMORROW IN FLORIDA! MIAMI•12pm https://www.donaldjtrump.com/schedule/register/miami-fl3/ … ORLANDO•4pm https://www.donaldjtrump.com/schedule/register/orlando-fl1/ … PENSACOLA•7pm https://www.donaldjtrump.com/schedule/register/pensacola-fl3/ …pic.twitter.com/1cfccp8lVb,7417,13692,,
793456094198759424,2016-11-01 09:14:09,"So terrible that Crooked didn't report she got the debate questions from Donna Brazile, if that were me it would have been front page news!",27214,67802,,
793503948313419776,2016-11-01 12:24:18,"# ICYMI: Governor @ mike_pence and I were in Valley Forge, Pennsylvania today. You can watch it here: https://www.facebook.com/DonaldTrump/posts/10158034483755725 …pic.twitter.com/zNMU7xr8B0",6481,17066,,@mike
793524189240188928,2016-11-01 13:44:44,. @ DarrellIssa is a very good man. Help him win his congressional seat in California.,8926,19561,,@DarrellIssa
793562183573442560,2016-11-01 16:15:42,'Kept me out of jail': Top DOJ official involved in Clinton probe represented her campaign chairman:http://www.foxnews.com/politics/2016/11/01/kept-me-out-jail-top-doj-official-involved-in-clinton-probe-represented-her-campaign-chairman.html …,9192,14928,,
793562498100178945,2016-11-01 16:16:57,Trump promises special session to repeal Obamacare:http://www.washingtonexaminer.com/trump-promises-special-session-to-repeal-obamacare/article/2606172?custom_click=rss …,7156,14910,,
793563282854383617,2016-11-01 16:20:04,Hillary Advisers Wanted Her To Avoid Supporting Israel When Talking To Democrats:http://dailycaller.com/2016/11/01/hillary-advisers-wanted-her-to-avoid-supporting-israel-when-talking-to-democrats/#ixzz4OnJE8InA …,7634,12423,,
793565506431168512,2016-11-01 16:28:55,Mika Brzezinski: Dem Criticism of Comey Reinforcing Idea ‘There’s Something There' http://freebeacon.com/politics/brzezinski-dem-criticism-comey-reinforcing-idea-theres-something-there/ …pic.twitter.com/QIDBiDpat8,8925,17431,,
793569883409657856,2016-11-01 16:46:18,'Podesta urged Clinton team to hand over emails after use of private server emerged'http://nypost.com/2016/11/01/clinton-campaign-chair-told-aide-to-dump-all-those-emails-after-report-surfaced/ …,7022,13441,,
793572802729086976,2016-11-01 16:57:54,WikiLeaks emails reveal Podesta urging Clinton camp to 'dump' emails. Time to # DrainTheSwamp!http://www.washingtontimes.com/news/2016/nov/1/wikileaks-emails-reveal-john-podesta-urging-hillar/ …,12223,21165,#DrainTheSwamp,
793611795156111360,2016-11-01 19:32:51,Thank you for your incredible support Wisconsin and Governor @ ScottWalker! It is time to # DrainTheSwamp & # MAGA! https://www.facebook.com/DonaldTrump/videos/10158036981695725/ …pic.twitter.com/Le6A3KXva5,10797,26764,"#DrainTheSwamp,#MAGA",@ScottWalker
793659710054498304,2016-11-01 22:43:15,Join me in Florida tomorrow! MIAMI•12pm https://www.donaldjtrump.com/schedule/register/miami-fl3/ … ORLANDO•4pm https://www.donaldjtrump.com/schedule/register/orlando-fl1/ … PENSACOLA•7pm https://www.donaldjtrump.com/schedule/register/pensacola-fl3/ …pic.twitter.com/RwlGsWLDjs,7023,15332,,
793763567837253633,2016-11-02 05:35:56,"You can change your vote in six states. So, now that you see that Hillary was a big mistake, change your vote to MAKE AMERICA GREAT AGAIN!",20999,49290,,
793769750056677376,2016-11-02 06:00:30,"I am going to repeal and replace ObamaCare. We will have MUCH less expensive and MUCH better healthcare. With Hillary, costs will triple!",14724,43539,,
793796754193936385,2016-11-02 07:47:48,"Crooked Hillary Clinton deleted 33,000 e-mails AFTER they were subpoenaed by the United States Congress. Guilty - cannot run. Rigged system!",15344,41025,,
793802617428160513,2016-11-02 08:11:06,""" @ Ravenrantz: # Billygraham's grand daughter # SupportsTrump https://twitter.com/foxandfriends/status/793794278262607873 …"" So nice, thank you Cissy Graham Lynch!!!!",6760,16348,"#Billygraham,#SupportsTrump",@Ravenrantz
793804514583252992,2016-11-02 08:18:39,""" @ PYNance: Evangelical women live at # trumptower @ pdpryor1 @ CissieGLynch @ SaysGabrielle pic.twitter.com/k5kGXPR2WA""",6265,16803,#trumptower,"@PYNance,@pdpryor1,@CissieGLynch,@SaysGabrielle"
793824247168765952,2016-11-02 09:37:03,Praying for the families of the two Iowa police who were ambushed this morning. An attack on those who keep us safe is an attack on us all.,25432,75366,,
793864122987323393,2016-11-02 12:15:30,"Thank you Miami! In 6 days, we are going to WIN the GREAT STATE of FLORIDA - and we are going to win back the White House! # VOTE!pic.twitter.com/OYp9aIoZaX",10442,28328,#VOTE,
793889694064967680,2016-11-02 13:57:07,"""It pays to have friends in high places- like the Justice Department. Clearly the Clintons do."" # DrainTheSwamp!http://www.bostonherald.com/opinion/editorials/2016/11/editorial_inside_player_at_justice …",9334,18320,#DrainTheSwamp,
793890059510505472,2016-11-02 13:58:34,Clinton camp fumed when surrogate told supporters Clinton planned to betray labor on TPP post-election:http://freebeacon.com/uncategorized/clinton-surrogate-told-supporters-clinton-planned-betrayal-tpp/ …,8351,16056,,
793892802040041472,2016-11-02 14:09:28,"After decades of lies and scandal, Crooked Hillary's corruption is closing in. # DrainTheSwamp!pic.twitter.com/YivCacmkKq",22188,40993,#DrainTheSwamp,
793928267250171904,2016-11-02 16:30:24,"Thank you Orlando, Florida! We are just six days away from delivering justice for every forgotten man, woman and child in this country!pic.twitter.com/s4NR23uodt",13951,39126,,
793959470585913345,2016-11-02 18:34:23,# MakeAmericaGreatAgain # 6Dayspic.twitter.com/eHTGIEpFsm,14881,31598,#6Dayspic,
794025263604625409,2016-11-02 22:55:49,Thank you Arlene! We will MAKE AMERICA SAFE AND GREAT AGAIN! # ImWithYou # DrainTheSwamphttp://www.wjhg.com/content/news/94-Year-old-goes-the-extra-mile-for-Donald-Trump-399739221.html …,9306,24551,"#ImWithYou,#DrainTheSwamphttp",
794154017983238145,2016-11-03 07:27:27,"My wife, Melania, will be speaking in Pennsylvania this afternoon. So exciting, big crowds! I will be watching from North Carolina.",10191,39509,,
794155725152980992,2016-11-03 07:34:14,"ObamaCare is a total disaster. Hillary Clinton wants to save it by making it even more expensive. Doesn't work, I will REPEAL AND REPLACE!",13053,39245,,
794197242471124992,2016-11-03 10:19:12,Looking at Air Force One @MIA. Why is he campaigning instead of creating jobs & fixing Obamacare? Get back to work for the American people!,25206,63451,,@MIA
794259252613414915,2016-11-03 14:25:37,"Watching my beautiful wife, Melania, speak about our love of country and family. We will make you all very proud. https://instagram.com/p/BMXBCL7jNfE/ pic.twitter.com/s1MoWKROTt",14246,47898,,
794281211963338752,2016-11-03 15:52:52,"Thank you Concord, North Carolina! When WE win on November 8th, we are going to Washington, D.C. and we are going to # DrainTheSwamp!pic.twitter.com/EpnUScWZ7b",10425,28629,#DrainTheSwamp,
794281898570825728,2016-11-03 15:55:36,# CrookedHillary is unfit to serve.pic.twitter.com/bSuGvInNF1,16473,30592,,
794290058685661184,2016-11-03 16:28:01,"Join me in Wilmington, Ohio tomorrow at 4:00pm! It is time to # DrainTheSwamp! Tickets: https://www.donaldjtrump.com/schedule/register/wilmington-oh1/ …pic.twitter.com/sb5irRxjxJ",5428,15842,#DrainTheSwamp,
794367345359732740,2016-11-03 21:35:08,"There is no challenge too great, no dream outside of our reach! Thank you Selma, North Carolina! # ICYMI, watch here: https://www.facebook.com/DonaldTrump/videos/10158050611675725/ …pic.twitter.com/eBLHZn5KOK",10117,27353,#ICYMI,
794562979652128772,2016-11-04 10:32:31,"Join me today in Wilmington, Ohio at 4pm: https://www.donaldjtrump.com/schedule/register/wilmington-oh1/ … Tomorrow- Tampa, Florida at 10am: https://www.donaldjtrump.com/schedule/register/tampa-fl5/ …",3514,10991,,
794574267878928384,2016-11-04 11:17:22,"""The Clinton Campaign at Obama Justice"" # DrainTheSwamphttp://www.wsj.com/articles/the-clinton-campaign-at-obama-justice-1478216727 …",6251,12611,#DrainTheSwamphttp,
794577092453212160,2016-11-04 11:28:36,Clinton Aides: ‘Definitely’ Not Releasing Some HRC Emails:http://dailycaller.com/2016/11/03/clinton-aides-definitely-not-releasing-some-hrc-emails/#ixzz4P3fHzuxE …,6672,13342,,
794611850499489793,2016-11-04 13:46:42,"Thank you NH! We will end illegal immigration, stop the drugs, deport all criminal aliens&save American lives! Watch http://bit.ly/2embjxvNH pic.twitter.com/jBeQEMLyth",6273,17651,,
794614251709169664,2016-11-04 13:56:15,"'ICE OFFICERS WARN HILLARY IMMIGRATION PLAN WILL UNLEASH GANGS, CARTELS & DRUG VIOLENCE NATIONWIDE' https://www.donaldjtrump.com/press-releases/ice-union-statement-in-support-of-trumps-immigration-plan …pic.twitter.com/4viaN8jJG8",14418,22086,,
794617042888491008,2016-11-04 14:07:20,"If Obama worked as hard on straightening out our country as he has trying to protect and elect Hillary, we would all be much better off!",34607,87757,,
794638650382368768,2016-11-04 15:33:12,"Join me live in Wilmington, Ohio!https://www.facebook.com/DonaldTrump/posts/10158057072840725 …",3122,11500,,
794679364289986560,2016-11-04 18:14:59,Thank you Ohio! VOTE so we can replace Obamacare and save healthcare for every family in the United States! Watch: https://www.facebook.com/DonaldTrump/posts/10158057072840725 …pic.twitter.com/uxBVvxhCVg,8116,21844,,
794683513853382656,2016-11-04 18:31:28,The only thing that can stop this corrupt machine is YOU. The only force strong enough to save our country is US. # VoteTrumpPence16pic.twitter.com/KhEU0u9D8Q,28555,56068,#VoteTrumpPence16pic,
794688416663437312,2016-11-04 18:50:57,"Join me live in Hershey, Pennsylvania! # MakeAmericaGreatAgain LIVE: http://bit.ly/2fMJnrmHersheyPA …pic.twitter.com/JWfGI1vlwW",5630,16819,#MakeAmericaGreatAgain,
794690094594740224,2016-11-04 18:57:37,"Join me in Denver, Colorado tomorrow at 9:30pm! Tickets: https://www.donaldjtrump.com/schedule/register/denver-co3/ …",4559,14212,,
794734211559292928,2016-11-04 21:52:56,"Thank you Hershey, Pennsylvania. Get out & VOTE on November 8th & we will # MAGA! # RallyForRiley # ICYMI, watch here: http://bit.ly/2fMJnrmHersheyPA …pic.twitter.com/lLxAN6VZNo",8690,24222,"#MAGA,#RallyForRiley,#ICYMI",
794895332941381633,2016-11-05 08:33:10,MAKE AMERICA GREAT AGAIN!,48072,98535,,
794943632176451584,2016-11-05 11:45:05,"Join me in Denver, Colorado tonight at 9:30pm: https://www.donaldjtrump.com/schedule/register/denver-co3/ … NEW- Scranton, Pennsylvania Monday @5:30pm: https://www.donaldjtrump.com/schedule/register/scranton-pa2/ …",4850,14005,,@5
794994280829952000,2016-11-05 15:06:21,"Thank you for the incredible support this morning Tampa, Florida! # ICYMI- watch here: https://www.facebook.com/DonaldTrump/videos/10158062116155725/ …pic.twitter.com/1GscFNaV4L",7029,20331,#ICYMI,
794996097370427392,2016-11-05 15:13:34,"Thank you Wilmington, North Carolina. We are 3 days away from the CHANGE you've been waiting for your entire life! # MAGA # VoteTrumpPence16!pic.twitter.com/QIlz0PmLV9",9464,28098,"#MAGA,#VoteTrumpPence16",
795014711716757504,2016-11-05 16:27:32,Watch Coach Mike Ditka- a great guy and supporter tonight at 8pmE on # WattersWorld with @ jessebwatters @ FoxNews.,5677,17908,#WattersWorld,"@jessebwatters,@FoxNews"
795017350688935936,2016-11-05 16:38:01,‘Must Act Immediately’: Clinton Charity Lawyer Told Execs They Were Breaking The Lawhttp://dailycaller.com/2016/11/05/must-act-immediately-clinton-charity-lawyer-told-execs-they-were-breaking-the-law/ …,10578,18013,,
795017781423067136,2016-11-05 16:39:44,"Top Clinton Aides Bemoan Campaign ‘All Tactics,’ No Vision:http://www.lifezette.com/polizette/wikileaks-top-clinton-aides-bemoan-campaign-tactics-no-vision/ …",6721,13802,,
795019500345233408,2016-11-05 16:46:34,# DrainTheSwamp!http://ijr.com/wildfire/2016/11/729300-homeland-security-committee-chairman-takes-hillary-clintons-scandal-to-highest-level-its-treason/ …,9040,18538,,
795057936565313536,2016-11-05 19:19:18,JOIN ME TOMORROW! MINNESOTA • 2pm https://www.donaldjtrump.com/schedule/register/minneapolis-mn/ … MICHIGAN • 6pm https://www.donaldjtrump.com/schedule/register/sterling-heights-mi/ … VIRGINIA • 9:30pm https://www.donaldjtrump.com/schedule/register/leesburg-va/ …pic.twitter.com/v4HF2UIIfP,5836,15606,,
795058179168055296,2016-11-05 19:20:16,"Join me live in Reno, Nevada! http://bit.ly/2fcz3wnRENO pic.twitter.com/EPqRXHa1CM",3939,15099,,
795084117192810496,2016-11-05 21:03:20,"Thank you Reno, Nevada. NOTHING will stop us in our quest to MAKE AMERICA SAFE AND GREAT AGAIN! # AmericaFirst https://www.donaldjtrump.com/press-releases/donald-j.-trump-statement13 …pic.twitter.com/OoM3hsDWS1",15606,40228,#AmericaFirst,
795145824586137600,2016-11-06 01:08:32,"Great night in Denver, Colorado- thank you! Together, we will MAKE AMERICA GREAT AGAIN! # ICYMI watch rally here: https://www.facebook.com/DonaldTrump/videos/10158066779845725/ …pic.twitter.com/nGcRi3laqa",9270,27229,#ICYMI,
795311315304714242,2016-11-06 11:06:08,Van Jones: ‘There Is A Crack in the Blue Wall’ — It Has to Do With Trade:http://www.breitbart.com/video/2016/11/06/van-jones-crack-blue-wall/ …,7134,16326,,
795346759119736832,2016-11-06 13:26:58,Thank you Iowa - Get out & # VoteTrumpPence16! http://VOTE.GOP pic.twitter.com/QsukELQmKb – bei Sioux City Gateway Airport (SUX),7775,22882,#VoteTrumpPence16,
795402627701964800,2016-11-06 17:08:58,"MONDAY - 11/7/2016 Scranton, Pennsylvania at 5:30pm. https://www.donaldjtrump.com/schedule/register/scranton-pa2/ … Grand Rapids, Michigan at 11pm. https://www.donaldjtrump.com/schedule/register/grand-rapids-mi3/ …pic.twitter.com/AWHDdPfjux",8586,23345,,
795411058357837825,2016-11-06 17:42:28,Thank you Minnesota! It is time to # DrainTheSwamp & # MAGA! # ICYMI- watch: https://www.facebook.com/DonaldTrump/videos/10158071461455725/ …pic.twitter.com/e8SaXiJrxj,8060,21730,"#DrainTheSwamp,#MAGA,#ICYMI",
795417907476000768,2016-11-06 18:09:41,"Our American comeback story begins 11/8/16. Together, we will MAKE AMERICA SAFE & GREAT again for everyone! Watch: https://www.facebook.com/DonaldTrump/videos/10158072146545725/ …pic.twitter.com/fjKEkQEmOv",12808,31990,,
795443728282505216,2016-11-06 19:52:18,Thank you Michigan! This is a MOVEMENT that will never be seen again- it's our last chance to # DrainTheSwamp! Watch: https://www.facebook.com/DonaldTrump/videos/10158072699325725/ …pic.twitter.com/Fd11eK876G,13231,33659,#DrainTheSwamp,
795479521520717825,2016-11-06 22:14:31,Thank you Pennsylvania- I am forever grateful for your amazing support. Lets MAKE AMERICA GREAT AGAIN! # MAGA http://VOTE.GOP pic.twitter.com/Q8PXiktPqD,15637,41671,#MAGA,
795515037632921601,2016-11-07 00:35:39,Thank you for you support Virginia! In ONE DAY - get out and # VoteTrumpPence16! # ICYMI: https://www.facebook.com/DonaldTrump/videos/10158074771180725/ …pic.twitter.com/WOsEcjM8sm,10615,28885,"#VoteTrumpPence16,#ICYMI",
795674761309417472,2016-11-07 11:10:20,"Starting tomorrow it's going to be # AmericaFirst! Thank you for a great morning Sarasota, Florida! Watch here: https://www.facebook.com/DonaldTrump/videos/10158077455590725/ …pic.twitter.com/p6f2TRwbLB – bei Sarasota-Bradenton International Airport (SRQ)",11805,30958,#AmericaFirst,
795709959245856768,2016-11-07 13:30:12,Just landed in North Carolina- heading to the J.S. Dorton Arena. See you all soon! Lets # MakeAmericaGreatAgain!pic.twitter.com/EUo0keWX1Y,12195,35023,#MakeAmericaGreatAgain,
795710386855088129,2016-11-07 13:31:54,On my way!https://twitter.com/teamtrump/status/795705755005571072 …,7111,22487,,
795733366842806272,2016-11-07 15:03:13,I love you North Carolina- thank you for your amazing support! Get out and http://VOTE.GOP tomorrow! Watch: https://www.facebook.com/DonaldTrump/videos/10158078712110725/ …pic.twitter.com/ws5EXUjT2h,9068,26604,,
795740720388866048,2016-11-07 15:32:26,'Why Trump'http://www.realclearpolitics.com/articles/2016/11/07/why_trump_132272.html …,5916,15204,,
795741423756840960,2016-11-07 15:35:14,'What I Like About Trump ... and Why You Need to Vote for Him' http://m.townhall.com/columnists/arthurschaper/2016/11/07/what-i-like-about-trump--and-why-you-need-to-vote-for-him-n2242246 …,7973,20352,,
795741975022604293,2016-11-07 15:37:25,"'America must decide between failed policies or fresh perspective, a corrupt system or an outsider'http://www.lifezette.com/polizette/trump-is-the-safe-smart-choice-for-change/ …",13407,31805,,
795753162623815680,2016-11-07 16:21:53,Hey Missouri let's defeat Crooked Hillary & @ koster4missouri! Koster supports Obamacare & amnesty! Vote outsider Navy SEAL @ EricGreitens!,10479,31401,,"@koster4missouri,@EricGreitens"
795770006306861057,2016-11-07 17:28:48,LIVE on # Periscope: Join me for a few minutes in Pennsylvania. Get out & VOTE tomorrow. LETS # MAGA!!https://www.pscp.tv/w/au-0MDEyMzE3NDF8MXlvS01EQmFNYmx4UXtaU1dFdbs2hR83RLldPOOt9N_C3W-1tUxAlJep-jBY …,8599,26921,"#Periscope,#MAGA",
795779987152523264,2016-11-07 18:08:28,Thank you Pennsylvania! Going to New Hampshire now and on to Michigan. Watch PA rally here: https://www.facebook.com/DonaldTrump/videos/10158079260770725/ … The big vote tomorrow!pic.twitter.com/E2t1C7dmYj,7608,25277,,
795781945607278592,2016-11-07 18:16:15,"Today in Florida, I pledged to stand with the people of Cuba and Venezuela in their fight against oppression- cont: https://www.facebook.com/DonaldTrump/posts/10158080188865725 … – bei Wilkes-Barre/Scranton International Airport (AVP)",11959,32003,,
795782371895349250,2016-11-07 18:17:57,Big news to share in New Hampshire tonight! Polls looking great! See you soon. – bei Wilkes-Barre/Scranton International Airport (AVP),11072,37598,,
795834203430645760,2016-11-07 21:43:54,"Unbelievable evening in New Hampshire - THANK YOU! Flying to Grand Rapids, Michigan now. Watch NH rally here: http://bit.ly/2fzummrNewHampshire …pic.twitter.com/cdRfnxIZqj",7639,27680,,
795879172795203584,2016-11-08 00:42:36,Today we are going to win the great state of MICHIGAN and we are going to WIN back the White House! Thank you MI! https://www.facebook.com/DonaldTrump/videos/10158081600190725/ …pic.twitter.com/4tRB8VlJXT – bei Gerald R. Ford International Airport (GRR),14525,46601,,
795954831718498305,2016-11-08 05:43:14,TODAY WE MAKE AMERICA GREAT AGAIN!,289872,508758,,
796029413318082560,2016-11-08 10:39:36,VOTE TODAY! Go to http://vote.gop to find your polling location. We are going to Make America Great Again! # VoteTrump # ElectionDaypic.twitter.com/SH5NJYjeGE,24779,57263,"#VoteTrump,#ElectionDaypic",
796050609254395905,2016-11-08 12:03:49,We need your vote. Go to the POLLS! Let's continue this MOVEMENT! Find your poll location: https://vote.gop # ElectionDay # VoteTrumppic.twitter.com/9hdO88iLdE,19792,53180,"#ElectionDay,#VoteTrumppic",
796055597594578944,2016-11-08 12:23:39,# ElectionDay http://vote.gop pic.twitter.com/FZhOncih21,20816,52642,,
796099494442057728,2016-11-08 15:18:04,I will be watching the election results from Trump Tower in Manhattan with my family and friends. Very exciting!,20296,107906,,
796102093727793152,2016-11-08 15:28:24,"Just out according to @ CNN: ""Utah officials report voting machine problems across entire country""",17575,39708,,@CNN
796102830352465921,2016-11-08 15:31:20,"Don't let up, keep getting out to vote - this election is FAR FROM OVER! We are doing well but there is much time left. GO FLORIDA!",29489,100491,,
796126077647196160,2016-11-08 17:03:42,Still time to # VoteTrump! # iVoted # ElectionNightpic.twitter.com/UZtYAY1Ba6 – bei Trump Tower,21389,55581,"#VoteTrump,#iVoted,#ElectionNightpic",
796182637622816768,2016-11-08 20:48:27,Watching the returns at 9:45pm. # ElectionNight # MAGApic.twitter.com/HfuJeRZbod – bei Trump Tower,37631,165457,"#ElectionNight,#MAGApic",
796315640307060738,2016-11-09 05:36:58,Such a beautiful and important evening! The forgotten man and woman will never be forgotten again. We will all come together as never before,182839,551521,,
796797436752707585,2016-11-10 13:31:27,Happy 241st birthday to the U.S. Marine Corps! Thank you for your service!!pic.twitter.com/Lz2dhrXzo4,37942,146349,,
796897928048766976,2016-11-10 20:10:46,"A fantastic day in D.C. Met with President Obama for first time. Really good meeting, great chemistry. Melania liked Mrs. O a lot!",31331,166651,,
796900183955095552,2016-11-10 20:19:44,"Just had a very open and successful presidential election. Now professional protesters, incited by the media, are protesting. Very unfair!",56719,197199,,
797034721075228672,2016-11-11 05:14:20,Love the fact that the small groups of protesters last night have passion for our great country. We will all come together and be proud!,45581,190777,,
797069763801387008,2016-11-11 07:33:35,Busy day planned in New York. Will soon be making some very important decisions on the people who will be running our government!,27512,153388,,
797098212599496704,2016-11-11 09:26:37,Today we express our deepest gratitude to all those who have served in our armed forces. # ThankAVetpic.twitter.com/wPk7QWpK8Z,39112,145679,#ThankAVetpic,
797455295928791040,2016-11-12 09:05:33,"This will prove to be a great time in the lives of ALL Americans. We will unite and we will win, win, win!",43913,172664,,
797805407179866112,2016-11-13 08:16:46,"Wow, the @ nytimes is losing thousands of subscribers because of their very poor and highly inaccurate coverage of the ""Trump phenomena""",28512,107369,,@nytimes
797812048805695488,2016-11-13 08:43:09,The @ nytimes sent a letter to their subscribers apologizing for their BAD coverage of me. I wonder if it will change - doubt it?,17942,73318,,@nytimes
797812630312382464,2016-11-13 08:45:28,Mitt Romney called to congratulate me on the win. Very nice!,12604,94698,,
797822192931262470,2016-11-13 09:23:28,"Jeb Bush, George W and George H.W. all called to express their best wishes on the win. Very nice!",14918,92189,,
797823553244712960,2016-11-13 09:28:52,"Governor John Kasich of the GREAT, GREAT, GREAT State of Ohio called to congratulate me on the win. The people of Ohio were incredible!",18889,107766,,
797832229800050688,2016-11-13 10:03:21,"The @ nytimes states today that DJT believes ""more countries should acquire nuclear weapons."" How dishonest are they. I never said this!",24111,78908,,@nytimes
797839801735114752,2016-11-13 10:33:26,I will be interviewed on @ 60Minutes tonight after the NFL game - 7:00 P.M. Enjoy!,13576,66937,,@60Minutes
797873313561198593,2016-11-13 12:46:36,"The debates, especially the second and third, plus speeches and intensity of the large rallies, plus OUR GREAT SUPPORTERS, gave us the win!",19234,96376,,
798519600413601792,2016-11-15 07:34:43,If the election were based on total popular vote I would have campaigned in N.Y. Florida and California and won even bigger and more easily,40318,152874,,
798521053551140864,2016-11-15 07:40:29,"The Electoral College is actually genius in that it brings all states, including the smaller ones, into play. Campaigning is much different!",31970,108839,,
798721142525665280,2016-11-15 20:55:34,Very organized process taking place as I decide on Cabinet and many other positions. I am the only one who knows who the finalists are!,23040,102627,,
798850338384023552,2016-11-16 05:28:57,"I am not trying to get ""top level security clearance"" for my children. This was a typically false news story.",28184,86339,,
798861300453539840,2016-11-16 06:12:30,"The failing @ nytimes story is so totally wrong on transition. It is going so smoothly. Also, I have spoken to many foreign leaders.",17127,65605,,@nytimes
798862483255652352,2016-11-16 06:17:12,"I have recieved and taken calls from many foreign leaders despite what the failing @ nytimes said. Russia, U.K., China, Saudi Arabia, Japan,",21048,75065,,@nytimes
798864532433211392,2016-11-16 06:25:21,"Australia, New Zealand, and more. I am always available to them. @ nytimes is just upset that they looked like fools in their coverage of me.",19625,76088,,@nytimes
799232214793760768,2016-11-17 06:46:23,"My transition team, which is working long hours and doing a fantastic job, will be seeing many great candidates today. # MAGA",17609,82649,#MAGA,
799432403727028224,2016-11-17 20:01:52,"Just got a call from my friend Bill Ford, Chairman of Ford, who advised me that he will be keeping the Lincoln plant in Kentucky - no Mexico",40949,143639,,
799435824622252032,2016-11-17 20:15:28,I worked hard with Bill Ford to keep the Lincoln plant in Kentucky. I owed it to the great State of Kentucky for their confidence in me!,24369,101772,,
799742847310319616,2016-11-18 16:35:27,Will be working all weekend in choosing the great men and women who will be helping to MAKE AMERICA GREAT AGAIN!,21993,104504,,
799969130237542400,2016-11-19 07:34:38,I settled the Trump University lawsuit for a small fraction of the potential award because as President I have to focus on our country.,13417,77550,,
799970371705380864,2016-11-19 07:39:34,The ONLY bad thing about winning the Presidency is that I did not have the time to go through a long but winning trial on Trump U. Too bad!,10643,52889,,
799972624713420804,2016-11-19 07:48:31,"Our wonderful future V.P. Mike Pence was harassed last night at the theater by the cast of Hamilton, cameras blazing.This should not happen!",28002,105046,,
799974635274194947,2016-11-19 07:56:30,"The Theater must always be a safe and special place.The cast of Hamilton was very rude last night to a very good man, Mike Pence. Apologize!",36140,128567,,
800298286204723200,2016-11-20 05:22:34,"The cast and producers of Hamilton, which I hear is highly overrated, should immediately apologize to Mike Pence for their terrible behavior",20847,88876,,
800303776615854080,2016-11-20 05:44:23,Numerous patriots will be coming to Bedminster today as I continue to fill out the various positions necessary to MAKE AMERICA GREAT AGAIN!,11573,58330,,
800329364986626048,2016-11-20 07:26:04,"I watched parts of @ nbcsnl Saturday Night Live last night. It is a totally one-sided, biased show - nothing funny at all. Equal time for us?",13225,58702,,@nbcsnl
800332639844659201,2016-11-20 07:39:05,"General James ""Mad Dog"" Mattis, who is being considered for Secretary of Defense, was very impressive yesterday. A true General's General!",18241,70518,,
800339165829283840,2016-11-20 08:05:01,I have always had a good relationship with Chuck Schumer. He is far smarter than Harry R and has the ability to get things done. Good news!,9666,47616,,
800850810490023937,2016-11-21 17:58:06,. @ transition2017 update and policy plans for the first 100 days.pic.twitter.com/HTgPXfPWeJ,34635,87037,,@transition2017
800885097775955974,2016-11-21 20:14:21,Prior to the election it was well known that I have interests in properties all over the world.Only the crooked media makes this a big deal!,15744,67748,,
800887087780294656,2016-11-21 20:22:16,Many people would like to see @ Nigel_Farage represent Great Britain as their Ambassador to the United States. He would do a great job!,17838,54838,,@Nigel
801021596228091905,2016-11-22 05:16:45,I cancelled today's meeting with the failing @ nytimes when the terms and conditions of the meeting were changed at the last moment. Not nice,14244,57843,,@nytimes
801025256487940096,2016-11-22 05:31:18,Perhaps a new meeting will be set up with the @ nytimes. In the meantime they continue to cover me inaccurately and with a nasty tone!,7721,32687,,@nytimes
801026635579424768,2016-11-22 05:36:46,The failing @ nytimes just announced that complaints about them are at a 15 year high. I can fully understand that - but why announce?,9704,41655,,@nytimes
801029194906038272,2016-11-22 05:46:57,Great meetings will take place today at Trump Tower concerning the formation of the people who will run our government for the next 8 years.,14207,69399,,
801057215226544128,2016-11-22 07:38:17,'President-elect Donald J. Trump's CIA Director Garners Praise' http://bit.ly/2gghLjvPOMPEO pic.twitter.com/MrPaG7OziQ,7190,26500,,
801057586162319360,2016-11-22 07:39:46,"'Jeff Sessions, a Fitting Selection for Attorney General'http://www.nationalreview.com/article/442334/jeff-sessions-attorney-general-justice-department-trump-administration …",8745,32181,,
801087976889520128,2016-11-22 09:40:31,The meeting with the @ nytimes is back on at 12:30 today. Look forward to it!,5940,28676,,@nytimes
801110690387857408,2016-11-22 11:10:47,I am seriously considering Dr. Ben Carson as the head of HUD. I've gotten to know him well--he's a greatly talented person who loves people!,22583,121514,,
801219908910469120,2016-11-22 18:24:46,Bus crash in Tennessee so sad & so terrible. Condolences to all family members and loved ones. These beautiful children will be remembered!,23162,115050,,
801610648010575872,2016-11-23 20:17:26,"Let us give thanks for all that we have, and let us boldly face the exciting new frontiers that lie ahead. Happy Thanksgiving.pic.twitter.com/yH6LYdS2ts",41020,146439,,
801629061831331840,2016-11-23 21:30:36,"Happy Thanksgiving to everyone. We will, together, MAKE AMERICA GREAT AGAIN!",40181,160699,,
801805564577808385,2016-11-24 09:11:58,"I am working hard, even on Thanksgiving, trying to get Carrier A.C. Company to stay in the U.S. (Indiana). MAKING PROGRESS - Will know soon!",25678,119650,,
802499192237080576,2016-11-26 07:08:11,Fidel Castro is dead!,80173,176523,,
802671162383802368,2016-11-26 18:31:32,The Green Party scam to fill up their coffers by asking for impossible recounts is now being joined by the badly defeated & demoralized Dems,25715,81714,,
802723588759375873,2016-11-26 21:59:52,"The Democrats, when they incorrectly thought they were going to win, asked that the election night tabulation be accepted. Not so anymore!",25475,84542,,
802849330176659456,2016-11-27 06:19:31,Hillary Clinton conceded the election when she called me just prior to the victory speech and after the results were in. Nothing will change,21747,82098,,
802858273284255744,2016-11-27 06:55:03,"Hillary's debate answer on delay: ""That is horrifying. That is not the way our democracy works. Been around for 240 years. We've had free --",9193,37086,,
802859802749784064,2016-11-27 07:01:08,"and fair elections. We've accepted the outcomes when we may not have liked them, and that is what must be expected of anyone standing on a -",8133,34503,,
802861553905238017,2016-11-27 07:08:05,"during a general election. I, for one, am appalled that somebody that is the nominee of one of our two major parties would take that kind --",7384,31839,,
802864075822788608,2016-11-27 07:18:06,"of position."" Then, separately she stated, ""He said something truly horrifying ... he refused to say that he would respect the results of --",7804,32825,,
802865382490968064,2016-11-27 07:23:18,"this election. That is a direct threat to our democracy."" She then said, ""We have to accept the results and look to the future, Donald --",10374,42191,,
802866941820071937,2016-11-27 07:29:30,"Trump is going to be our President. We owe him an open mind and the chance to lead."" So much time and money will be spent - same result! Sad",14126,63356,,
802972944532209664,2016-11-27 14:30:43,"In addition to winning the Electoral College in a landslide, I won the popular vote if you deduct the millions of people who voted illegally",44009,139041,,
802973848022847489,2016-11-27 14:34:18,It would have been much easier for me to win the so-called popular vote than the Electoral College in that I would only campaign in 3 or 4--,9429,40499,,
802975667197386752,2016-11-27 14:41:32,states instead of the 15 states that I visited. I would have won even more easily and convincingly (but smaller states are forgotten)!,8794,40693,,
803033642545115140,2016-11-27 18:31:54,"Serious voter fraud in Virginia, New Hampshire and California - so why isn't the media reporting on this? Serious bias - big problem!",25583,85682,,
803237535178772481,2016-11-28 08:02:06,"If Cuba is unwilling to make a better deal for the Cuban people, the Cuban/American people and the U.S. as a whole, I will terminate deal.",20325,71115,,
803343150907617284,2016-11-28 15:01:47,Just met with General Petraeus--was very impressed!,11432,58587,,
803421742815412224,2016-11-28 20:14:04,""" @ HighonHillcrest: @ jeffzeleny what PROOF do u have DonaldTrump did not suffer from millions of FRAUD votes? Journalist? Do your job! @ CNN""",6474,25105,,"@HighonHillcrest,@jeffzeleny,@CNN"
803422200594309120,2016-11-28 20:15:54,""" @ JoeBowman12: @ jeffzeleny just another generic CNN part time wannabe journalist !"" @ CNN still doesn't get it. They will never learn!",6224,25994,,"@JoeBowman12,@jeffzeleny,@CNN"
803423203620245504,2016-11-28 20:19:53,""" @ FiIibuster: @ jeffzeleny Pathetic - you have no sufficient evidence that Donald Trump did not suffer from voter fraud, shame! Bad reporter.",6340,27222,,"@FiIibuster,@jeffzeleny"
803423503978532864,2016-11-28 20:21:04,""" @ sdcritic: @ HighonHillcrest @ jeffzeleny @ CNN There is NO QUESTION THAT # voterfraud did take place, and in favor of # CorruptHillary !""",7495,27937,"#voterfraud,#CorruptHillary","@sdcritic,@HighonHillcrest,@jeffzeleny,@CNN"
803434300846862336,2016-11-28 21:03:59,". @ CNN is so embarrassed by their total (100%) support of Hillary Clinton, and yet her loss in a landslide, that they don't know what to do.",20406,76839,,@CNN
803558077144399873,2016-11-29 05:15:49,The Great State of Michigan was just certified as a Trump WIN giving all of our MAKE AMERICA GREAT AGAIN supporters another victory - 306!,17713,83699,,
803562827776720896,2016-11-29 05:34:42,"I thought that @ CNN would get better after they failed so badly in their support of Hillary Clinton however, since election, they are worse!",15465,61585,,@CNN
803567993036754944,2016-11-29 05:55:13,"Nobody should be allowed to burn the American flag - if they do, there must be consequences - perhaps loss of citizenship or year in jail!",62453,186940,,
803692055897788424,2016-11-29 14:08:12,My thoughts and prayers are with the great people of Tennessee during these terrible wildfires. Stay safe!,23992,92671,,
803704881278230528,2016-11-29 14:59:10,'President-Elect Donald J. Trump Intends to Nominate Congressman Tom Price and Seema Verma.' http://bit.ly/2fIWEgpTeamTrump …pic.twitter.com/twIgAKJs3s,5546,20748,,
803744769566339072,2016-11-29 17:37:40,'President-Elect Donald J. Trump Nominates Elaine Chao as Secretary of the Department of Transportation' http://bit.ly/2gDBBRgTransportation …,5471,23509,,
803805823503925250,2016-11-29 21:40:16,I will be going to Indiana on Thursday to make a major announcement concerning Carrier A.C. staying in Indianapolis. Great deal for workers!,13061,60730,,
803808454620094465,2016-11-29 21:50:44,Big day on Thursday for Indiana and the great workers of that wonderful state.We will keep our companies and jobs in the U.S. Thanks Carrier,15665,72588,,
803921522784092160,2016-11-30 05:20:01,ISIS is taking credit for the terrible stabbing attack at Ohio State University by a Somali refugee who should not have been in our country.,27982,90884,,
803926488579973120,2016-11-30 05:39:45,I will be holding a major news conference in New York City with my children on December 15 to discuss the fact that I will be leaving my ...,9330,38348,,
803927774784344064,2016-11-30 05:44:52,great business in total in order to fully focus on running the country in order to MAKE AMERICA GREAT AGAIN! While I am not mandated to ....,8780,38388,,
803930240661811200,2016-11-30 05:54:40,"do this under the law, I feel it is visually important, as President, to in no way have a conflict of interest with my various businesses..",9443,43517,,
803931490514075648,2016-11-30 05:59:38,"Hence, legal documents are being crafted which take me completely out of business operations. The Presidency is a far more important task!",14480,66153,,
803982850081099776,2016-11-30 09:23:43,"Join me in Cincinnati, Ohio tomorrow evening at 7:00pm. I am grateful for all of your support. THANK YOU! Tickets: https://www.facebook.com/DonaldTrump/posts/10158207729460725:0 …pic.twitter.com/flwHDZV6Pf",6726,26092,,
803997374016167936,2016-11-30 10:21:26,"'President-elect Donald J. Trump today announced his intent to nominate Steven Mnuchin, Wilbur Ross & Todd Ricketts' https://www.facebook.com/DonaldTrump/posts/10158207891610725:0 …pic.twitter.com/G9ToTxedjB",5916,22248,,
804052438546317312,2016-11-30 14:00:14,'Donald Trump is already helping the working class'http://nypost.com/2016/11/30/donald-trump-is-already-helping-the-working-class/ …,12139,44371,,
804170300908781570,2016-11-30 21:48:35,Look forward to going to Indiana tomorrow in order to be with the great workers of Carrier. They will sell many air conditioners!,10437,57948,,
804333718999539712,2016-12-01 08:37:57,My thoughts and prayers are with those affected by the tragic storms and tornadoes in the Southeastern United States. Stay safe!,10058,56387,,
804333771021570048,2016-12-01 08:38:09,Getting ready to leave for the Great State of Indiana and meet the hard working and wonderful people of Carrier A.C.,8130,48869,,
804458095569158144,2016-12-01 16:52:10,"Heading to U.S. Bank Arena in Cincinnati, Ohio for a 7pm rally. Join me! Tickets: https://www.donaldjtrump.com/schedule/register/cincinnati-oh3/ …",4573,26495,,
804516764562374656,2016-12-01 20:45:18,"Thank you Ohio! Together, we made history – and now, the real work begins. America will start winning again! # AmericaFirstpic.twitter.com/kDRQgmmlZR",14484,62308,#AmericaFirstpic,
804848711599882240,2016-12-02 18:44:20,The President of Taiwan CALLED ME today to wish me congratulations on winning the Presidency. Thank you!,20388,94716,,
804863098138005504,2016-12-02 19:41:30,Interesting how the U.S. sells Taiwan billions of dollars of military equipment but I should not accept a congratulatory call.,31647,103808,,
804884532671430658,2016-12-02 21:06:41,Rexnord of Indiana is moving to Mexico and rather viciously firing all of its 300 workers. This is happening all over our country. No more!,14364,54529,,
805088569765359616,2016-12-03 10:37:27,""" @ TigerWoods: Can’t wait to get back out there and mix it up with the boys. –TW # heroworldchallenge"" Great to have you back Tiger - Special!",7677,32270,#heroworldchallenge,@TigerWoods
805126876779913216,2016-12-03 13:09:40,State Treasurer John Kennedy is my choice for US Senator from Louisiana. Early voting today; election next Saturday.,8099,32909,,
805127720749383680,2016-12-03 13:13:01,"Our great VPE, @ mike_pence, is in Louisiana campaigning for John Kennedy for US Senate. John will be a tremendous help to us in Washington.",7648,33265,,@mike
805278955150471168,2016-12-03 23:13:58,"Just tried watching Saturday Night Live - unwatchable! Totally biased, not funny and the Baldwin impersonation just can't get any worse. Sad",22709,97659,,
805376548882776064,2016-12-04 05:41:47,"The U.S. is going to substantialy reduce taxes and regulations on businesses, but any business that leaves our country for another country,",11161,44985,,
805378393537658880,2016-12-04 05:49:06,"fires its employees, builds a new factory or plant in the other country, and then thinks it will sell its product back into the U.S. ......",9705,38791,,
805380553008680961,2016-12-04 05:57:41,"without retribution or consequence, is WRONG! There will be a tax on our soon to be strong border of 35% for these companies ......",9961,40548,,
805382541343653888,2016-12-04 06:05:35,"wanting to sell their product, cars, A.C. units etc., back across the border. This tax will make leaving financially difficult, but.....",7834,33943,,
805386422807105536,2016-12-04 06:21:01,"these companies are able to move between all 50 states, with no tax or tariff being charged. Please be forewarned prior to making a very ...",8446,35434,,
805387038048612356,2016-12-04 06:23:27,expensive mistake! THE UNITED STATES IS OPEN FOR BUSINESS,11989,48721,,
805486509914779649,2016-12-04 12:58:43,The Green Party just dropped its recount suit in Pennsylvania and is losing votes in Wisconsin recount. Just a Stein scam to raise money!,20465,79907,,
805528947190616065,2016-12-04 15:47:21,". @ FoxNews will be re-running ""Objectified: Donald Trump,"" the ratings hit produced by the great Harvey Levin of TMZ, at 8:00 P.M. Enjoy!",5368,26600,,@FoxNews
805538149157969924,2016-12-04 16:23:55,"Did China ask us if it was OK to devalue their currency (making it hard for our companies to compete), heavily tax our products going into..",16839,56797,,
805539770864693253,2016-12-04 16:30:22,their country (the U.S. doesn't tax them) or to build a massive military complex in the middle of the South China Sea? I don't think so!,11758,43626,,
805772007220645888,2016-12-05 07:53:11,I am thrilled to nominate Dr. @ RealBenCarson as our next Secretary of the US Dept. of Housing and Urban Development: https://www.facebook.com/DonaldTrump/posts/10158231301535725:0 …pic.twitter.com/1D9NXlHc2b,22666,92695,,@RealBenCarson
805804034309427200,2016-12-05 10:00:27,"If the press would cover me accurately & honorably, I would have far less reason to ""tweet."" Sadly, I don't know if that will ever happen!",31823,120737,,
805911307270713348,2016-12-05 17:06:43,# ThankYouTour2016 12/6- North Carolina http://bit.ly/2gZxU8oNorthCarolina … 12/8- Iowa http://bit.ly/2gZHk4dIowa 12/9- Michigan http://bit.ly/2gZJwzuMichigan pic.twitter.com/QKGpE52Ukg – bei Trump Tower,6725,22699,,
806134244384899072,2016-12-06 07:52:35,"Boeing is building a brand new 747 Air Force One for future presidents, but costs are out of control, more than $4 billion. Cancel order!",35760,121842,,
806177746397306883,2016-12-06 10:45:27,"Join me tonight in Fayetteville, North Carolina at 7pm! # ThankYouTour2016 Tickets: http://bit.ly/2gZxU8oNorthCarolina …pic.twitter.com/KoZCE7JeG7 – bei Trump Tower",5372,22729,#ThankYouTour2016,
806214078465245185,2016-12-06 13:09:49,"Masa (SoftBank) of Japan has agreed to invest $50 billion in the U.S. toward businesses and 50,000 new jobs....",23510,75598,,
806214236053667842,2016-12-06 13:10:27,Masa said he would never do this had we (Trump) not won the election!,10677,40723,,
806246271405162500,2016-12-06 15:17:45,"Departing New York with General James 'Mad Dog' Mattis for tonight's rally in Fayetteville, North Carolina! See you soon! # ThankYouTour2016pic.twitter.com/gvRkQkwblE",11681,60207,#ThankYouTour2016pic,
806340792247795715,2016-12-06 21:33:20,"A great night in Fayetteville, North Carolina. Thank you! # ICYMI watch here: http://bit.ly/2giIk1rFAYETTEVILLE …pic.twitter.com/EF9xRWmciA",6374,31001,#ICYMI,
806473064703725568,2016-12-07 06:18:56,I will be interviewed on the @ TODAYshow at 7:30. Enjoy!,4445,27251,,@TODAYshow
806568460620857349,2016-12-07 12:38:00,"We pause today to remember the 2,403 American heroes who selflessly gave their lives at Pearl Harbor 75 years ago... https://www.facebook.com/DonaldTrump/posts/10158244280375725 …",15359,66468,,
806583438748815361,2016-12-07 13:37:32,"Join me tomorrow in Des Moines, Iowa with Vice President-Elect @ mike_pence - at 7:00pm! # ThankYouTour2016 # MAGA http://bit.ly/2gZHk4dIowa pic.twitter.com/GONlD0i11O – bei Trump Tower",5254,23401,"#ThankYouTour2016,#MAGA",@mike
806660011904614408,2016-12-07 18:41:48,"Chuck Jones, who is President of United Steelworkers 1999, has done a terrible job representing workers. No wonder companies flee country!",10421,41824,,
806678853305384960,2016-12-07 19:56:40,"If United Steelworkers 1999 was any good, they would have kept those jobs in Indiana. Spend more time working-less time talking. Reduce dues",11558,48510,,
806970576359325696,2016-12-08 15:15:52,Today we lost a great pioneer of air and space in John Glenn. He was a hero and inspired generations of future explorers. He will be missed.,16670,81992,,
806995622117122048,2016-12-08 16:55:24,"On my way to Des Moines, Iowa- will see you soon with @ mike_pence. Join us! Tickets: http://bit.ly/2gZHk4dIowa # ThankYouTour2016",3357,18477,#ThankYouTour2016,@mike
806999846674698240,2016-12-08 17:12:11,"Join me tomorrow! # MAGA 10am- Baton Rouge, LA. Tickets: http://bit.ly/2haqQ9dLouisiana … 7pm- Grand Rapids, MI. Tickets: http://bit.ly/2gZJwzuMichigan",5012,17312,#MAGA,
807057700857188355,2016-12-08 21:02:04,THANK YOU IOWA! # ThankYouTour2016pic.twitter.com/v6EB2OQMeO – bei Des Moines International Airport (DSM),7773,34637,#ThankYouTour2016pic,
807309464705630208,2016-12-09 13:42:30,"Join me live in Louisiana! Tomorrow, we need you to go to the polls & send John Kennedy to the U.S. Senate.https://www.facebook.com/DonaldTrump/videos/10158266355460725/ …",4435,19510,,
807347429062443009,2016-12-09 16:13:21,Thank you Louisiana! Get out & vote for John Kennedy tomorrow. Electing Kennedy will help enact our agenda on behalf of the people.pic.twitter.com/5Fzamedm1F,7539,31252,,
807427326522884096,2016-12-09 21:30:50,"Thank you Michigan. We are going to bring back your jobs & together, we will MAKE AMERICA GREAT AGAIN! Watch: http://bit.ly/2guG3krMICHIGAN pic.twitter.com/JjhIdFXCGV",7576,32717,,
807545243608420352,2016-12-10 05:19:24,". @ RudyGiuliani, one of the finest people I know and a former GREAT Mayor of N.Y.C., just took himself out of consideration for ""State"".",5902,25494,,@RudyGiuliani
807547249681166336,2016-12-10 05:27:22,I have NOTHING to do with The Apprentice except for fact that I conceived it with Mark B & have a big stake in it. Will devote ZERO TIME!,9279,42131,,
807565127021109252,2016-12-10 06:38:24,"As a show of support for our Armed Forces, I will be going to The Army-Navy Game today. Looking forward to it, should be fun!",15358,91826,,
807588632877998081,2016-12-10 08:11:49,"Reports by @ CNN that I will be working on The Apprentice during my Presidency, even part time, are ridiculous & untrue - FAKE NEWS!",20434,62902,,@CNN
807589280071684096,2016-12-10 08:14:23,"A very interesting read. Unfortunately, so much is true.https://www.washingtonpost.com/investigations/pentagon-buries-evidence-of-125-billion-in-bureaucratic-waste/2016/12/05/e0668c76-9af6-11e6-a0ed-ab0774c1eaa5_story.html?utm_term=.7765826ffbc7 …",10123,26119,,
807663477322027008,2016-12-10 13:09:13,October 2015 - thanks Chris Wallace @ FoxNewsSunday!https://vine.co/v/e9vHVIMn5Al,5977,23452,,@FoxNewsSunday
807932020236124160,2016-12-11 06:56:18,I will be interviewed today on Fox News Sunday with Chris Wallace at 10:00 (Eastern) Network. ENJOY!,4676,25632,,
807935995316408322,2016-12-11 07:12:06,"Being at the Army - Navy Game was fantastic. There is nothing like the spirit in that stadium. A wonderful experience, and congrats to Army!",10777,68194,,
807945982633709570,2016-12-11 07:51:47,"I spent Friday campaigning with John Kennedy, of the Great State of Louisiana, for the U.S.Senate. The election is over - JOHN WON!",8156,43501,,
807970490635743237,2016-12-11 09:29:10,"Whether I choose him or not for ""State""- Rex Tillerson, the Chairman & CEO of ExxonMobil, is a world class player and dealmaker. Stay tuned!",10582,44889,,
808107215492091904,2016-12-11 18:32:28,Will be interviewed on @ FoxNews at 10:00 P.M. Enjoy!,4429,23496,,@FoxNews
808114703922843649,2016-12-11 19:02:14,"Just watched @ NBCNightlyNews - So biased, inaccurate and bad, point after point. Just can't get much worse, although @ CNN is right up there!",16155,60320,,"@NBCNightlyNews,@CNN"
808299841147248640,2016-12-12 07:17:54,Can you imagine if the election results were the opposite and WE tried to play the Russia/CIA card. It would be called conspiracy theory!,27575,90790,,
808300706914594816,2016-12-12 07:21:20,"Unless you catch ""hackers"" in the act, it is very hard to determine who was doing the hacking. Why wasn't this brought up before election?",12933,50467,,
808301935728230404,2016-12-12 07:26:13,The F-35 program and cost is out of control. Billions of dollars can and will be saved on military (and other) purchases after January 20th.,13372,50710,,
808437742904418304,2016-12-12 16:25:52,"# ThankYouTour2016 Tue: West Allis, WI. Thur: Hershey, PA. Fri: Orlando, FL. Sat: Mobile, AL. Tickets: https://www.donaldjtrump.com/schedule pic.twitter.com/Wi7bV2JDXY – bei Trump Tower",6486,22832,,
808456602076545025,2016-12-12 17:40:48,The final Wisconsin vote is in and guess what - we just picked up an additional 131 votes. The Dems and Green Party can now rest. Scam!,23992,88927,,
808469755749339136,2016-12-12 18:33:05,I will be making my announcement on the next Secretary of State tomorrow morning.,13598,53347,,
808528428123254785,2016-12-12 22:26:13,"Even though I am not mandated by law to do so, I will be leaving my busineses before January 20th so that I can focus full time on the......",9969,47474,,
808529888630239232,2016-12-12 22:32:01,"Presidency. Two of my children, Don and Eric, plus executives, will manage them. No new deals will be done during my term(s) in office.",7992,36255,,
808532286664822784,2016-12-12 22:41:33,"I will hold a press conference in the near future to discuss the business, Cabinet picks and all other topics of interest. Busy times!",8709,39622,,
808638507161882624,2016-12-13 05:43:38,"I have chosen one of the truly great business leaders of the world, Rex Tillerson, Chairman and CEO of ExxonMobil, to be Secretary of State.",19505,65768,,
808642018612310016,2016-12-13 05:57:35,Wisconsin and Pennsylvania have just certified my wins in those states. I actually picked up additional votes!,14868,65809,,
808653723639697408,2016-12-13 06:44:06,The thing I like best about Rex Tillerson is that he has vast experience at dealing successfully with all types of foreign governments.,12301,50388,,
808787048144453632,2016-12-13 15:33:53,"Join me this Saturday at Ladd–Peebles Stadium in Mobile, Alabama! # ThankYouTour2016 Tickets: http://bit.ly/2gpwhwcALABAMA pic.twitter.com/2aXHTRyNT3",5227,19794,#ThankYouTour2016,
808881429715316737,2016-12-13 21:48:55,"Thank you Wisconsin! My Administration will be focused on three very important words: jobs, jobs, jobs! Watch: http://bit.ly/2gJ2K4pWisconsinLive …pic.twitter.com/87TyY7CG0X",8009,36401,,
809097603010981888,2016-12-14 12:07:55,. @ BillGates and @ JimBrownNFL32 in my Trump Tower office yesterday- two great guys!pic.twitter.com/4PjSOEU5y9,11604,49134,,"@BillGates,@JimBrownNFL32"
809383989018497024,2016-12-15 07:05:55,"Has anyone looked at the really poor numbers of @ VanityFair Magazine. Way down, big trouble, dead! Graydon Carter, no talent, will be out!",7239,30972,,@VanityFair
809384826193276928,2016-12-15 07:09:14,"Thank you to Time Magazine and Financial Times for naming me ""Person of the Year"" - a great honor!",8801,48238,,
809389774066814976,2016-12-15 07:28:54,"The media tries so hard to make my move to the White House, as it pertains to my business, so complex - when actually it isn't!",11257,51179,,
809403760099422208,2016-12-15 08:24:29,"If Russia, or some other entity, was hacking, why did the White House wait so long to act? Why did they only complain after Hillary lost?",33080,104742,,
809525257371578369,2016-12-15 16:27:16,"Join me in Mobile, Alabama on Sat. at 3pm! # ThankYouTour2016 Tickets: http://bit.ly/2gpwhwcALABAMA pic.twitter.com/opKrWO4k0C",4652,18835,#ThankYouTour2016,
809571983428120577,2016-12-15 19:32:56,"Thank you Pennsylvania! Together, we are going to MAKE AMERICA GREAT AGAIN! Watch here: https://www.facebook.com/DonaldTrump/videos/10158305240145725/ … # ThankYouTour2016pic.twitter.com/Odd2JSTvkn",7386,32606,#ThankYouTour2016pic,
809717035353722880,2016-12-16 05:09:19,Are we talking about the same cyberattack where it was revealed that head of the DNC illegally gave Hillary the questions to the debate?,27001,91697,,
809790978332786689,2016-12-16 10:03:09,"Well, we all did it, together! I hope the ""MOVEMENT"" fans will go to D.C. on Jan 20th for the swearing in. Let's set the all time record!",14945,60056,,
809803893920165892,2016-12-16 10:54:28,"# ThankYouTour2016 Tonight- Orlando, Florida Tickets: http://bit.ly/2gpz8goFLORIDA Tomorrow- Mobile, Alabama Tickets: http://bit.ly/2gpwhwcALABAMA pic.twitter.com/udCCmET1jU – bei Trump Tower",5874,23622,,
809969373754654721,2016-12-16 21:52:01,Thank you Florida. My Administration will follow two simple rules: BUY AMERICAN and HIRE AMERICAN! # ICYMI- Watch: https://www.facebook.com/DonaldTrump/videos/10158310632295725/ …pic.twitter.com/OawesIeUjB,9207,37176,#ICYMI,
810108542921408512,2016-12-17 07:05:02,"Last night in Orlando, Florida, was incredible - massive crowd - THANK YOU FLORIDA! Today at 3:00 P.M. I will be in Alabama for last rally!",5340,30786,,
810109131537481728,2016-12-17 07:07:22,""" @ EazyMF_E: @ realDonaldTrump Many people are now saying you will be an extremely successful president! # MakeAmericaGreatAgain"" Thank you!",5892,29886,#MakeAmericaGreatAgain,"@EazyMF,@realDonaldTrump"
810112407309844480,2016-12-17 07:20:23,"Mobile, Alabama today at 3:00 P.M. Last rally of the year - ""THANK YOU ALABAMA AND THE SOUTH"" Biggest of all crowds expected, see you there!",6837,34361,,
810121703288410112,2016-12-17 07:57:20,China steals United States Navy research drone in international waters - rips it out of water and takes it to China in unprecedented act.,15949,51229,,
810276411177107456,2016-12-17 18:12:05,"Thank you Alabama! From now on, it’s going to be # AmericaFirst. Our goal is to bring back that wonderful phrase: # MadeInTheUSA!pic.twitter.com/O3RBYD2dT3",10827,47282,"#AmericaFirst,#MadeInTheUSA",
810288321880555520,2016-12-17 18:59:25,We should tell China that we don't want the drone they stole back.- let them keep it!,14773,55209,,
810604216771284992,2016-12-18 15:54:40,"If my many supporters acted and threatened people like those who lost the election are doing, they would be scorned & called terrible names!",29661,114577,,
810988379051610112,2016-12-19 17:21:11,"Today there were terror attacks in Turkey, Switzerland and Germany - and it is only getting worse. The civilized world must change thinking!",31414,95137,,
810996052241293312,2016-12-19 17:51:41,"We did it! Thank you to all of my great supporters, we just officially won the election (despite all of the distorted and inaccurate media).",48445,191531,,
811039925571354624,2016-12-19 20:46:01,""" @ Franklin_Graham: Congratulations to President-elect @ realDonaldTrump--the electoral votes are in and it's official."" Thank you Franklin!",8773,42616,,"@Franklin,@realDonaldTrump"
811041034323054592,2016-12-19 20:50:25,""" @ mike_pence: Congratulations to @ RealDonaldTrump; officially elected President of the United States today by the Electoral College!""",12677,63117,,"@mike,@RealDonaldTrump"
811195441710764032,2016-12-20 07:03:59,"Bill Clinton stated that I called him after the election. Wrong, he called me (with a very nice congratulations). He ""doesn't know much"" ...",15254,66556,,
811196778779463684,2016-12-20 07:09:18,"especially how to get people, even with an unlimited budget, out to vote in the vital swing states ( and more). They focused on wrong states",7250,35478,,
811307169043849216,2016-12-20 14:27:57,"Yes, it is true - Carlos Slim, the great businessman from Mexico, called me about getting together for a meeting. We met, HE IS A GREAT GUY!",12991,58031,,
811560662853939200,2016-12-21 07:15:14,Campaigning to win the Electoral College is much more difficult & sophisticated than the popular vote. Hillary focused on the wrong states!,13311,57911,,
811562990285848576,2016-12-21 07:24:29,"I would have done even better in the election, if that is possible, if the winner was based on popular vote - but would campaign differently",10099,45888,,
811564284706689024,2016-12-21 07:29:38,I have not heard any of the pundits or commentators discussing the fact that I spent FAR LESS MONEY on the win than Hillary on the loss!,16668,69557,,
811778176120668160,2016-12-21 21:39:33,"I met some really great Air Force GENERALS and Navy ADMIRALS today, talking about airplane capability and pricing. Very impressive people!",10730,55802,,
811928543366148096,2016-12-22 07:37:04,The resolution being considered at the United Nations Security Council regarding Israel should be vetoed....cont: https://www.facebook.com/DonaldTrump/posts/10158338539250725 …,8512,30193,,
811975049431416832,2016-12-22 10:41:52,"Someone incorrectly stated that the phrase ""DRAIN THE SWAMP"" was no longer being used by me. Actually, we will always be trying to DTS.",15653,62336,,
811977223326625792,2016-12-22 10:50:30,The United States must greatly strengthen and expand its nuclear capability until such time as the world comes to its senses regarding nukes,17402,61620,,
812061677160202240,2016-12-22 16:26:05,"Based on the tremendous cost and cost overruns of the Lockheed Martin F-35, I have asked Boeing to price-out a comparable F-18 Super Hornet!",12207,52847,,
812115501791006720,2016-12-22 19:59:58,"The so-called ""A"" list celebrities are all wanting tixs to the inauguration, but look what they did for Hillary, NOTHING. I want the PEOPLE!",25434,101444,,
812264762981675008,2016-12-23 05:53:05,"My wonderful son, Eric, will no longer be allowed to raise money for children with cancer because of a possible conflict of interest with...",12712,45362,,
812266152684650496,2016-12-23 05:58:36,"my presidency. Isn't this a ridiculous shame? He loves these kids, has raised millions of dollars for them, and now must stop. Wrong answer!",11901,54417,,
812390964740427776,2016-12-23 14:14:34,"As to the U.N., things will be different after Jan. 20th.",27635,82820,,
812406855469252608,2016-12-23 15:17:42,"The terrorist who killed so many people in Germany said just before crime, ""by God's will we will slaughter you pigs, I swear, we will......",15061,42385,,
812408189492797442,2016-12-23 15:23:00,"slaughter you. This is a purely religious threat, which turned into reality. Such hatred! When will the U.S., and all countries, fight back?",14289,54572,,
812450976670121985,2016-12-23 18:13:02,"Vladimir Putin said today about Hillary and Dems: ""In my opinion, it is humiliating. One must be able to lose with dignity."" So true!",25468,94269,,
812764662500622336,2016-12-24 14:59:30,". @ NBCNews purposely left out this part of my nuclear qoute: ""until such time as the world comes to its senses regarding nukes."" Dishonest!",13539,52750,,@NBCNews
812773204561379330,2016-12-24 15:33:27,"The big loss yesterday for Israel in the United Nations will make it much harder to negotiate peace.Too bad, but we will get it done anyway!",16243,71167,,
812775995837218816,2016-12-24 15:44:32,Happy # Hanukkahpic.twitter.com/UvZwtykV1E,17793,71562,#Hanukkahpic,
813003030186622976,2016-12-25 06:46:41,# MerryChristmaspic.twitter.com/5GgDmJrGMS,34417,129961,,
813079058896535552,2016-12-25 11:48:48,"Merry Christmas and a very, very, very , very Happy New Year to everyone!",40784,182403,,
813498739923054593,2016-12-26 15:36:28,"President Obama said that he thinks he would have won against me. He should say that but I say NO WAY! - jobs leaving, ISIS, OCare, etc.",18112,77339,,
813500123053490176,2016-12-26 15:41:58,"The United Nations has such great potential but right now it is just a club for people to get together, talk and have a good time. So sad!",18281,65945,,
813527932165558273,2016-12-26 17:32:28,The world was gloomy before I won - there was no hope. Now the market is up nearly 10% and Christmas spending is over a trillion dollars!,24555,109533,,
813578484572450816,2016-12-26 20:53:20,"I gave millions of dollars to DJT Foundation, raised or recieved millions more, ALL of which is given to charity, and media won't report!",14397,60965,,
813581917215977473,2016-12-26 21:06:59,"The DJT Foundation, unlike most foundations, never paid fees, rent, salaries or any expenses. 100% of money goes to wonderful charities!",12891,57717,,
813865160163098628,2016-12-27 15:52:29,"President Obama campaigned hard (and personally) in the very important swing states, and lost.The voters wanted to MAKE AMERICA GREAT AGAIN!",18962,85050,,
813945096269860866,2016-12-27 21:10:07,"The U.S. Consumer Confidence Index for December surged nearly four points to 113.7, THE HIGHEST LEVEL IN MORE THAN 15 YEARS! Thanks Donald!",15551,66618,,
814110460761018368,2016-12-28 08:07:13,Doing my best to disregard the many inflammatory President O statements and roadblocks.Thought it was going to be a smooth transition - NOT!,26015,100231,,
814113616110751744,2016-12-28 08:19:46,"We cannot continue to let Israel be treated with such total disdain and disrespect. They used to have a great friend in the U.S., but.......",24910,91620,,
814114980983427073,2016-12-28 08:25:11,"not anymore. The beginning of the end was the horrible Iran deal, and now this (U.N.)! Stay strong Israel, January 20th is fast approaching!",28435,100903,,
814231064847728640,2016-12-28 16:06:28,'Economists say Trump delivered hope'http://www.politico.com/story/2016/12/donald-trump-economy-consumer-confidence-233011 …,11436,43930,,
814484710025994241,2016-12-29 08:54:21,My Administration will follow two simple rules: https://instagram.com/p/BOmuafXjnVB/,9284,38554,,
814919370711461890,2016-12-30 13:41:33,Great move on delay (by V. Putin) - I always knew he was very smart!,28540,81295,,
814920722208296960,2016-12-30 13:46:55,"Join @ AmerIcan32, founded by Hall of Fame legend @ JimBrownNFL32 on 1/19/2017 in Washington, D.C. http://www.amer-i-can.org pic.twitter.com/XwSmQVFuoM",6079,21204,,"@AmerIcan32,@JimBrownNFL32"
814958820980039681,2016-12-30 16:18:18,"Russians are playing @ CNN and @ NBCNews for such fools - funny to watch, they don't have a clue! @ FoxNews totally gets it!",18899,70834,,"@CNN,@NBCNews,@FoxNews"
815185071317676033,2016-12-31 07:17:21,"Happy New Year to all, including to my many enemies and those who have fought me and lost so badly they just don't know what to do. Love!",117946,307570,,
815270850916208644,2016-12-31 12:58:12,Happy Birthday @ DonaldJTrumpJr! https://instagram.com/p/BOsTV57jZ_b/,7919,47776,,@DonaldJTrumpJr
815422340540547073,2016-12-31 23:00:10,TO ALL AMERICANS- # HappyNewYear & many blessings to you all! Looking forward to a wonderful & prosperous 2017 as we work together to # MAGApic.twitter.com/UaBFaoDYHe,27773,111671,"#HappyNewYear,#MAGApic",
