id,date,retweets,favorites,geo
682700657304989697,2016-01-01 00:11:35,2379,5904,
682703233492619264,2016-01-01 00:21:49,5969,14936,
682723973449289728,2016-01-01 01:44:14,1776,5742,
682764544402440192,2016-01-01 04:25:27,2887,7363,
682792967736848385,2016-01-01 06:18:23,2882,7839,
682805320217980929,2016-01-01 07:07:28,1683,7222,
682805477168779264,2016-01-01 07:08:06,2318,6390,
683037464504745985,2016-01-01 22:29:56,766,2848,
683060169677344768,2016-01-02 00:00:09,2206,7288,
683060654098530305,2016-01-02 00:02:05,552,2375,
683061678246903808,2016-01-02 00:06:09,755,2639,
683062220490715136,2016-01-02 00:08:18,742,2997,
683062751434899456,2016-01-02 00:10:25,768,2846,
683066224251645953,2016-01-02 00:24:13,1429,4702,
683066650627846144,2016-01-02 00:25:54,827,3773,
683070410993364992,2016-01-02 00:40:51,3143,8790,
683127297457700864,2016-01-02 04:26:54,1601,5448,
683128636279361537,2016-01-02 04:32:13,2551,6341,
683140004625936384,2016-01-02 05:17:23,1799,5501,
683259029804695552,2016-01-02 13:10:21,1801,4878,
683260753810440192,2016-01-02 13:17:12,1434,4601,
683277309969694720,2016-01-02 14:23:00,6521,12278,
683377290282156032,2016-01-02 21:00:17,1946,5582,
683378470093746176,2016-01-02 21:04:58,3096,6934,
683392613869858816,2016-01-02 22:01:10,3138,7737,
683394224184758272,2016-01-02 22:07:34,5037,13571,
683418056417251328,2016-01-02 23:42:16,1345,4986,
683443848639455232,2016-01-03 01:24:45,1465,5972,
683509528453869569,2016-01-03 05:45:45,1436,3853,
683511482684936192,2016-01-03 05:53:31,2096,4971,
683521456790220800,2016-01-03 06:33:09,772,2762,
683521627930365952,2016-01-03 06:33:49,877,3120,
683522343680000000,2016-01-03 06:36:40,954,4347,
683648845033680896,2016-01-03 14:59:20,3792,8533,
683652037800755200,2016-01-03 15:12:02,2221,5596,
683655884547973121,2016-01-03 15:27:19,14949,27652,
683690682649833476,2016-01-03 17:45:35,1963,5551,
683708260784967680,2016-01-03 18:55:26,2145,5770,
683712803392323584,2016-01-03 19:13:29,1124,3227,
683725499391164416,2016-01-03 20:03:56,830,3182,
683736913631653888,2016-01-03 20:49:18,488,1817,
683738198703509506,2016-01-03 20:54:24,653,2279,
683739850185543681,2016-01-03 21:00:58,2151,4509,
683789635189882881,2016-01-04 00:18:47,2848,7928,
683789875653513220,2016-01-04 00:19:45,3456,5793,
683806644124385280,2016-01-04 01:26:23,1397,3717,
683976902055297025,2016-01-04 12:42:55,1640,4559,
684064699760115712,2016-01-04 18:31:48,1878,5849,
684102012141703170,2016-01-04 21:00:04,3868,8064,
684197871009292292,2016-01-05 03:20:58,1692,5198,
684198370349572097,2016-01-05 03:22:57,976,2909,
684199772203397120,2016-01-05 03:28:32,925,3180,
684216070463447040,2016-01-05 04:33:17,877,2806,
684216660933361664,2016-01-05 04:35:38,683,2635,
684216903863250944,2016-01-05 04:36:36,812,2834,
684216973815844866,2016-01-05 04:36:53,626,2241,
684217554861199360,2016-01-05 04:39:11,875,2730,
684218305100525569,2016-01-05 04:42:10,1968,5091,
684218836569206784,2016-01-05 04:44:17,720,2679,
684219579548041218,2016-01-05 04:47:14,949,3404,
684417452906774529,2016-01-05 17:53:31,997,3007,
684429853433696258,2016-01-05 18:42:47,2561,5431,
684432562241015808,2016-01-05 18:53:33,886,2869,
684435524346613765,2016-01-05 19:05:19,1109,3355,
684531959939371008,2016-01-06 01:28:31,3811,10322,
684562852372426752,2016-01-06 03:31:17,564,2176,
684563455001636864,2016-01-06 03:33:40,642,2271,
684564419557339143,2016-01-06 03:37:30,938,2849,
684581112161636352,2016-01-06 04:43:50,603,2099,
684581639561822208,2016-01-06 04:45:56,575,1498,
684581798504955904,2016-01-06 04:46:34,605,2275,
684582462022758400,2016-01-06 04:49:12,2644,5620,
684582854613807104,2016-01-06 04:50:46,683,2566,
684584079983915008,2016-01-06 04:55:38,1033,3133,
684585121039552512,2016-01-06 04:59:46,2083,5787,
684742583520722944,2016-01-06 15:25:28,6390,10965,
684751768522194944,2016-01-06 16:01:58,1472,6425,
684817275430539264,2016-01-06 20:22:16,1970,4457,
684817323333693442,2016-01-06 20:22:27,2445,4825,
684832481414148096,2016-01-06 21:22:41,1259,3666,
684844313528942599,2016-01-06 22:09:42,728,2501,
684875944352432128,2016-01-07 00:15:24,1011,2801,
685054952754941952,2016-01-07 12:06:43,858,2731,
685057265989189632,2016-01-07 12:15:54,1710,4876,
685060524548222976,2016-01-07 12:28:51,1319,3848,
685087910169808896,2016-01-07 14:17:40,1219,4021,
685089631973601280,2016-01-07 14:24:31,10578,12877,
685130082646626305,2016-01-07 17:05:15,1153,3604,
685132443393867776,2016-01-07 17:14:38,1164,3110,
685135364584017920,2016-01-07 17:26:14,1502,4397,
685136336920129536,2016-01-07 17:30:06,1145,3857,
685149937856819200,2016-01-07 18:24:09,1893,3757,
685205769030078466,2016-01-07 22:06:00,1582,5415,
685205850558980097,2016-01-07 22:06:19,1176,4312,
685207046921269249,2016-01-07 22:11:05,1200,4778,
685285573943279616,2016-01-08 03:23:07,3737,9212,
685296929656422401,2016-01-08 04:08:14,1025,4050,
685297899887063040,2016-01-08 04:12:06,966,4184,
685302314740113408,2016-01-08 04:29:38,1429,3382,
685302633897312257,2016-01-08 04:30:54,933,3004,
685302951821340672,2016-01-08 04:32:10,1219,4137,
685490467329425408,2016-01-08 16:57:17,1673,4546,
685533340074688512,2016-01-08 19:47:39,1472,3770,
685571686423461888,2016-01-08 22:20:02,1100,4281,
685582649679867904,2016-01-08 23:03:35,1832,5089,
685584095120887809,2016-01-08 23:09:20,2213,6095,
685590843181416448,2016-01-08 23:36:09,2164,5305,
685600012043202560,2016-01-09 00:12:35,2054,4858,
685606815267221504,2016-01-09 00:39:37,1053,4025,
685644333022851072,2016-01-09 03:08:42,1653,5445,
685829026175401984,2016-01-09 15:22:36,1134,3386,
685829999467872256,2016-01-09 15:26:28,1629,5827,
685848940298776577,2016-01-09 16:41:44,1010,2734,
685854865998884864,2016-01-09 17:05:17,890,2336,
685855280798674944,2016-01-09 17:06:56,677,2398,
685873644308926464,2016-01-09 18:19:54,919,3240,
685882755020898304,2016-01-09 18:56:06,1277,3762,
685882772540534785,2016-01-09 18:56:10,855,2408,
685883989039656961,2016-01-09 19:01:00,1577,4519,
685977438527078400,2016-01-10 01:12:20,1055,3838,
685977534983462912,2016-01-10 01:12:43,943,3353,
685977617145663492,2016-01-10 01:13:03,1598,5680,
686182981891801088,2016-01-10 14:49:06,1062,2891,
686252152042336256,2016-01-10 19:23:57,1478,5448,
686253395024297984,2016-01-10 19:28:54,2622,7210,
686254121435807744,2016-01-10 19:31:47,1040,4139,
686280225731293184,2016-01-10 21:15:30,2318,6391,
686292802708320258,2016-01-10 22:05:29,1714,4351,
686292962846871552,2016-01-10 22:06:07,876,3074,
686293040496009216,2016-01-10 22:06:26,848,3153,
686293133961871360,2016-01-10 22:06:48,845,2954,
686327439870574592,2016-01-11 00:23:07,1239,4060,
686337471123197952,2016-01-11 01:02:59,3135,8392,
686552289516105728,2016-01-11 15:16:36,908,2787,
686552786952130560,2016-01-11 15:18:34,1460,5269,
686558650576539648,2016-01-11 15:41:52,823,2875,
686565549028044800,2016-01-11 16:09:17,882,3095,
686573482461794304,2016-01-11 16:40:48,1999,5883,
686626127213924356,2016-01-11 20:10:00,1101,3824,
686626351449804803,2016-01-11 20:10:53,1209,3305,
686634552748584960,2016-01-11 20:43:29,1864,4464,
686643969657319426,2016-01-11 21:20:54,3544,8814,
686682823932153856,2016-01-11 23:55:17,1808,5474,
686725838746836992,2016-01-12 02:46:13,597,2241,
686726788144300032,2016-01-12 02:49:59,885,2877,
686740083265957889,2016-01-12 03:42:49,1277,4487,
686741878579064832,2016-01-12 03:49:57,939,3470,
686753035637370881,2016-01-12 04:34:17,586,2247,
686754981161078785,2016-01-12 04:42:01,748,2564,
686764361600364545,2016-01-12 05:19:17,688,2490,
686765292412878849,2016-01-12 05:22:59,657,3309,
686927355844116480,2016-01-12 16:06:58,2604,6540,
686996181268983810,2016-01-12 20:40:28,1337,4906,
687008301356322817,2016-01-12 21:28:37,1155,2912,
687027364933550080,2016-01-12 22:44:22,2166,6058,
687105848699662336,2016-01-13 03:56:14,1081,3429,
687106714521464833,2016-01-13 03:59:41,2403,6411,
687108096926330880,2016-01-13 04:05:10,6869,15718,
687128203031375873,2016-01-13 05:25:04,1648,5096,
687130047422042112,2016-01-13 05:32:24,10087,19617,
687148683712958464,2016-01-13 06:46:27,2369,7467,
687245182127964160,2016-01-13 13:09:54,3427,8523,
687271496012664833,2016-01-13 14:54:28,1586,4898,
687275646561693698,2016-01-13 15:10:57,1517,3453,
687279537323782144,2016-01-13 15:26:25,1816,4831,
687338519732293633,2016-01-13 19:20:47,1559,4227,
687338908837908480,2016-01-13 19:22:20,1219,3353,
687353545063030784,2016-01-13 20:20:30,2782,6765,
687360898491625472,2016-01-13 20:49:43,1560,3848,
687436400958947328,2016-01-14 01:49:44,1250,4914,
687490653153050625,2016-01-14 05:25:19,1048,3943,
687510877835280384,2016-01-14 06:45:41,919,3374,
687510877847851008,2016-01-14 06:45:41,4447,10047,
687511035385909248,2016-01-14 06:46:18,2695,7304,
687706466124492800,2016-01-14 19:42:53,1146,3150,
687716042555191296,2016-01-14 20:20:56,748,2758,
687716107633950720,2016-01-14 20:21:11,912,2784,
687717134890307588,2016-01-14 20:25:16,3492,7607,
687726670862794752,2016-01-14 21:03:10,1612,5990,
687726829474562049,2016-01-14 21:03:48,1658,4732,
687727739516891136,2016-01-14 21:07:25,1412,4364,
687728866698342400,2016-01-14 21:11:53,1949,5224,
687779981800390656,2016-01-15 00:35:00,2446,5810,
688017079996407808,2016-01-15 16:17:09,2369,7571,
688020474744467460,2016-01-15 16:30:38,2840,8026,
688084656072298496,2016-01-15 20:45:40,2832,7188,
688105040104435712,2016-01-15 22:06:40,582,2361,
688169779308310529,2016-01-16 02:23:55,1329,3849,
688174117929881601,2016-01-16 02:41:10,1051,3886,
688175313348505600,2016-01-16 02:45:55,1094,4631,
688179414585053184,2016-01-16 03:02:12,2071,5396,
688183605491703812,2016-01-16 03:18:52,1351,4064,
688190779773210626,2016-01-16 03:47:22,6187,13488,
688324874604023808,2016-01-16 12:40:13,3367,7111,
688327093214662657,2016-01-16 12:49:02,2339,5486,
688328034651361280,2016-01-16 12:52:46,2795,5164,
688333063093374976,2016-01-16 13:12:45,1951,4936,
688334268804804608,2016-01-16 13:17:32,2386,5752,
688335640925061124,2016-01-16 13:23:00,1887,4757,
688352797251792896,2016-01-16 14:31:10,2042,4882,
688355751463636992,2016-01-16 14:42:54,2987,7423,
688393139435008000,2016-01-16 17:11:28,2317,4546,
688425749129211905,2016-01-16 19:21:03,2010,4911,
688426156920459264,2016-01-16 19:22:40,1808,4835,
688426349652910080,2016-01-16 19:23:26,1745,4449,
688427218901532672,2016-01-16 19:26:54,2129,5136,
688428417235218433,2016-01-16 19:31:39,1591,5237,
688443772565348352,2016-01-16 20:32:40,3303,6680,
688445495174393856,2016-01-16 20:39:31,3315,8262,
688517545293406208,2016-01-17 01:25:49,2445,5442,
688720409865383936,2016-01-17 14:51:56,3943,8029,
688743019479171072,2016-01-17 16:21:46,2840,5641,
688779451019210753,2016-01-17 18:46:32,2246,5494,
688827531143806979,2016-01-17 21:57:35,3425,8645,
688829594472939520,2016-01-17 22:05:47,3791,9807,
688927113903247360,2016-01-18 04:33:18,790,3173,
689096917817671682,2016-01-18 15:48:02,1426,4301,
689097594182725632,2016-01-18 15:50:43,1913,3869,
689097658976317444,2016-01-18 15:50:59,1499,5605,
689142431477010432,2016-01-18 18:48:53,1778,4995,
689173145513791488,2016-01-18 20:50:56,2097,4889,
689232143818579968,2016-01-19 00:45:23,3040,9728,
689263744443138049,2016-01-19 02:50:57,2185,5601,
689265377872867329,2016-01-19 02:57:26,1736,5130,
689275203151654912,2016-01-19 03:36:29,838,2445,
689292259276226561,2016-01-19 04:44:15,646,2406,
689429603614502913,2016-01-19 13:50:01,1326,4034,
689451985557331969,2016-01-19 15:18:57,911,2159,
689458393283563524,2016-01-19 15:44:25,1220,3627,
689458468835569664,2016-01-19 15:44:43,1384,4111,
689463443791880192,2016-01-19 16:04:29,1784,5009,
689466630741463040,2016-01-19 16:17:09,861,2962,
689467901582020609,2016-01-19 16:22:12,1581,4414,
689474228907716609,2016-01-19 16:47:20,1231,3468,
689482404990361601,2016-01-19 17:19:49,1593,4570,
689510460819828736,2016-01-19 19:11:19,2875,8047,
689519657414320128,2016-01-19 19:47:51,2531,6387,
689576854089404416,2016-01-19 23:35:08,2060,5361,
689625540722950144,2016-01-20 02:48:36,1367,3576,
689625883913560064,2016-01-20 02:49:58,1565,3519,
689660056489431044,2016-01-20 05:05:45,2301,7659,
689768040892792832,2016-01-20 12:14:50,818,2985,
689768331776098304,2016-01-20 12:16:00,930,3048,
689804695221600256,2016-01-20 14:40:29,1424,3543,
689838094158168064,2016-01-20 16:53:12,1566,5201,
689913293759115264,2016-01-20 21:52:01,3511,10092,
689941247549640705,2016-01-20 23:43:06,2365,5729,
689941704342921217,2016-01-20 23:44:55,1837,4560,
689955649137016832,2016-01-21 00:40:20,1344,3695,
689956187434020865,2016-01-21 00:42:28,1905,4838,
690163844618956800,2016-01-21 14:27:37,893,2365,
690167662698110976,2016-01-21 14:42:48,1512,3842,
690169884597092352,2016-01-21 14:51:37,875,2568,
690170154672529408,2016-01-21 14:52:42,1319,3102,
690171032150237184,2016-01-21 14:56:11,846,2032,
690171403388104704,2016-01-21 14:57:39,1108,2748,
690173226341691392,2016-01-21 15:04:54,1675,5015,
690176882055114758,2016-01-21 15:19:26,1873,5524,
690180284189310976,2016-01-21 15:32:57,2411,7216,
690271688127213568,2016-01-21 21:36:09,1176,3813,
690272687168458754,2016-01-21 21:40:07,865,3710,
690313350278819840,2016-01-22 00:21:42,1953,5037,
690315202261155840,2016-01-22 00:29:04,1202,3637,
690315366564626433,2016-01-22 00:29:43,1448,4145,
690315667636023296,2016-01-22 00:30:55,1831,4860,
690336644281581568,2016-01-22 01:54:16,1318,4356,
690337376061788161,2016-01-22 01:57:10,2019,4759,
690382564494839809,2016-01-22 04:56:44,1842,5098,
690382619213742082,2016-01-22 04:56:57,1526,4278,
690382722162913280,2016-01-22 04:57:22,1841,4536,
690528062190944256,2016-01-22 14:34:54,1296,3534,
690528407117889538,2016-01-22 14:36:16,740,2500,
690528526181601281,2016-01-22 14:36:44,551,2047,
690529122326413314,2016-01-22 14:39:06,625,1833,
690529690205818880,2016-01-22 14:41:22,628,1770,
690530164711624705,2016-01-22 14:43:15,526,1613,
690532959363866625,2016-01-22 14:54:21,1608,3925,
690534215478173697,2016-01-22 14:59:21,725,1952,
690534576066719744,2016-01-22 15:00:47,660,1944,
690537121916923904,2016-01-22 15:10:54,1459,3471,
690540484154896384,2016-01-22 15:24:15,1746,4439,
690560125916975104,2016-01-22 16:42:18,1365,3995,
690560942430523392,2016-01-22 16:45:33,932,3039,
690562515500032000,2016-01-22 16:51:48,3575,7386,
690585875365756928,2016-01-22 18:24:37,2068,4789,
690636948864512000,2016-01-22 21:47:34,1537,4627,
690641744287760384,2016-01-22 22:06:37,2309,4654,
690649956634353666,2016-01-22 22:39:15,2105,4350,
690656497022337024,2016-01-22 23:05:15,1939,4534,
690669496621633537,2016-01-22 23:56:54,1009,3933,
690672420433178624,2016-01-23 00:08:31,1460,3971,
690680515800596480,2016-01-23 00:40:41,1819,5180,
690682449387397120,2016-01-23 00:48:22,919,3051,
690682782163447808,2016-01-23 00:49:42,1580,4912,
690684930259423232,2016-01-23 00:58:14,1413,3865,
690701138899898368,2016-01-23 02:02:38,4136,8967,
690708660377513984,2016-01-23 02:32:32,1698,3984,
690708850664669185,2016-01-23 02:33:17,1632,4770,
690709138884661248,2016-01-23 02:34:26,1731,4910,
690716679496679424,2016-01-23 03:04:23,1935,4999,
690717760205275136,2016-01-23 03:08:41,2042,4676,
690732776920743937,2016-01-23 04:08:21,1957,4641,
690884779693051904,2016-01-23 14:12:22,877,2745,
690889105035538434,2016-01-23 14:29:33,1077,4542,
690889964599382016,2016-01-23 14:32:58,2729,6338,
690890625722396672,2016-01-23 14:35:35,883,2670,
690896236765806592,2016-01-23 14:57:53,2459,6811,
690908222249512960,2016-01-23 15:45:31,2298,5582,
690912264094781440,2016-01-23 16:01:34,1950,6570,
690913646117974016,2016-01-23 16:07:04,1525,4518,
690939641617211393,2016-01-23 17:50:22,945,3521,
690940125014917120,2016-01-23 17:52:17,2518,6010,
690940712578195457,2016-01-23 17:54:37,1673,3791,
690947906308681729,2016-01-23 18:23:12,915,2509,
690990909719052288,2016-01-23 21:14:05,943,3449,
690991290310197248,2016-01-23 21:15:36,1293,3061,
690991386011705345,2016-01-23 21:15:59,1083,3779,
690994502710874112,2016-01-23 21:28:22,1225,3999,
691013266584137728,2016-01-23 22:42:55,1279,4162,
691041847905390592,2016-01-24 00:36:30,1174,4360,
691068100830040064,2016-01-24 02:20:49,1240,3545,
691068215342952448,2016-01-24 02:21:16,2239,5619,
691072793853632512,2016-01-24 02:39:28,1443,3564,
691180597268520961,2016-01-24 09:47:50,702,2032,
691180801900175360,2016-01-24 09:48:39,904,3083,
691186141756674048,2016-01-24 10:09:52,787,2641,
691188619457929217,2016-01-24 10:19:43,968,3033,
691189883939872768,2016-01-24 10:24:44,784,2898,
691260700056903681,2016-01-24 15:06:08,691,2745,
691262461450715137,2016-01-24 15:13:08,723,3012,
691276412666261504,2016-01-24 16:08:34,3894,10587,
691287273996886017,2016-01-24 16:51:44,2161,5540,
691366453010939904,2016-01-24 22:06:22,1664,4640,
691381497740267524,2016-01-24 23:06:08,906,2945,
691382705217523712,2016-01-24 23:10:56,1145,3148,
691383221716656128,2016-01-24 23:12:59,810,2807,
691383618137001984,2016-01-24 23:14:34,596,2391,
691385168679038977,2016-01-24 23:20:44,1049,2902,
691470996021329920,2016-01-25 05:01:47,1087,3419,
691471643982614528,2016-01-25 05:04:21,585,2126,
691472012750016513,2016-01-25 05:05:49,772,2776,
691472343449870336,2016-01-25 05:07:08,617,2388,
691472733729902592,2016-01-25 05:08:41,1320,4462,
691613075984752640,2016-01-25 14:26:21,2404,6587,
691614582884954113,2016-01-25 14:32:20,2249,5099,
691618223800852480,2016-01-25 14:46:48,2789,6694,
691664806374436864,2016-01-25 17:51:55,887,2595,
691685615415496707,2016-01-25 19:14:36,880,2169,
691686778349187072,2016-01-25 19:19:13,922,2528,
691709981171814401,2016-01-25 20:51:25,1311,2941,
691727819039227904,2016-01-25 22:02:18,820,2580,
691739243702554626,2016-01-25 22:47:42,542,2131,
691742501212983296,2016-01-25 23:00:38,1308,3910,
691743052529012736,2016-01-25 23:02:50,1324,3875,
691743513483026432,2016-01-25 23:04:40,1595,4330,
691745796128165888,2016-01-25 23:13:44,736,3065,
691765618433998849,2016-01-26 00:32:30,930,2282,
691770208927752193,2016-01-26 00:50:44,532,1997,
691770256268922880,2016-01-26 00:50:56,668,2956,
691809933470343169,2016-01-26 03:28:36,1209,3685,
691836764185608193,2016-01-26 05:15:12,575,1951,
691838442536333313,2016-01-26 05:21:53,602,2297,
691839304377700357,2016-01-26 05:25:18,951,2940,
691839864514461696,2016-01-26 05:27:32,795,2862,
691847162615992320,2016-01-26 05:56:32,850,2509,
691847785222660096,2016-01-26 05:59:00,495,2053,
691848058234146816,2016-01-26 06:00:05,550,2180,
691850438119952385,2016-01-26 06:09:33,1300,4239,
691934371654270976,2016-01-26 11:43:04,584,2345,
691942336746635264,2016-01-26 12:14:43,663,2545,
691943033663782912,2016-01-26 12:17:29,551,2354,
691966649973522432,2016-01-26 13:51:20,1405,3726,
691967215097221120,2016-01-26 13:53:34,2491,5793,
691992417336172544,2016-01-26 15:33:43,725,2557,
691992472889724929,2016-01-26 15:33:56,624,2180,
691992813177847808,2016-01-26 15:35:17,693,2606,
692000115800825858,2016-01-26 16:04:19,3160,8098,
692012875775414273,2016-01-26 16:55:01,1148,3484,
692018253678415873,2016-01-26 17:16:23,1466,3431,
692025339812380672,2016-01-26 17:44:32,1499,3959,
692028126189199360,2016-01-26 17:55:37,2985,8664,
692045112872820736,2016-01-26 19:03:07,1048,2994,
692045676079874048,2016-01-26 19:05:21,2848,4720,
692054432905850884,2016-01-26 19:40:09,821,2856,
692072438323113984,2016-01-26 20:51:42,2180,5157,
692093215944654849,2016-01-26 22:14:15,1701,4681,
692093970034343936,2016-01-26 22:17:15,1586,4809,
692103529947729920,2016-01-26 22:55:14,3592,9490,
692115662899167236,2016-01-26 23:43:27,3337,9579,
692171744845664258,2016-01-27 03:26:18,6853,15370,
692205512130215938,2016-01-27 05:40:29,2022,5792,
692312112115380224,2016-01-27 12:44:04,6355,17568,
692331943132794882,2016-01-27 14:02:52,4159,13037,
692422072967020544,2016-01-27 20:01:01,2046,7293,
692430362966921217,2016-01-27 20:33:57,6161,17435,
692457315941900288,2016-01-27 22:21:04,3908,11456,
692467143896604677,2016-01-27 23:00:07,1726,6234,
692479630931001349,2016-01-27 23:49:44,4217,12036,
692542762445594624,2016-01-28 04:00:36,1591,5030,
692551355920158722,2016-01-28 04:34:44,3417,9268,
692553019150503937,2016-01-28 04:41:21,3426,10515,
692558816592920576,2016-01-28 05:04:23,1128,3224,
692564413811941376,2016-01-28 05:26:38,1750,5424,
692672195559067648,2016-01-28 12:34:55,1109,3702,
692672615425691648,2016-01-28 12:36:35,4683,9710,
692672831386210304,2016-01-28 12:37:26,801,2552,
692672982792040448,2016-01-28 12:38:02,1077,3460,
692673284563935232,2016-01-28 12:39:14,683,2142,
692673426402713600,2016-01-28 12:39:48,843,2357,
692673742863011842,2016-01-28 12:41:04,760,2766,
692674198230142976,2016-01-28 12:42:52,1008,2745,
692674460181270528,2016-01-28 12:43:55,764,2806,
692674640645353472,2016-01-28 12:44:38,990,3445,
692675094242578432,2016-01-28 12:46:26,1041,3210,
692677570282786816,2016-01-28 12:56:16,2870,8432,
692681024489263104,2016-01-28 13:10:00,1124,3808,
692695601419567104,2016-01-28 14:07:55,1092,3775,
692698645863518208,2016-01-28 14:20:01,2638,8064,
692700474278055936,2016-01-28 14:27:17,929,3254,
692701142803939329,2016-01-28 14:29:56,4438,6420,
692701271405563904,2016-01-28 14:30:27,1414,3833,
692708773400449024,2016-01-28 15:00:16,2142,6269,
692724677945483264,2016-01-28 16:03:28,1183,3498,
692735015428431872,2016-01-28 16:44:32,3512,9151,
692736397120245760,2016-01-28 16:50:02,1203,3532,
692762083822301186,2016-01-28 18:32:06,4419,11255,
692766854453006336,2016-01-28 18:51:03,2569,7314,
692794133124116480,2016-01-28 20:39:27,1130,3908,
692797304567369728,2016-01-28 20:52:03,2218,5505,
692840931259625472,2016-01-28 23:45:25,1262,3665,
692844273717219329,2016-01-28 23:58:41,1319,4185,
692864417101287425,2016-01-29 01:18:44,2008,7120,
692918726795104256,2016-01-29 04:54:32,8046,20039,
692939547622137856,2016-01-29 06:17:17,3293,9455,
692942626627174400,2016-01-29 06:29:31,897,3923,
692945294833643520,2016-01-29 06:40:07,1847,4015,
692952864801579013,2016-01-29 07:10:12,1328,4104,
692955330213498884,2016-01-29 07:19:59,1845,5923,
693054880622198784,2016-01-29 13:55:34,3402,8543,
693056021896519680,2016-01-29 14:00:06,1624,5093,
693066810934063104,2016-01-29 14:42:58,3496,11706,
693067485629825024,2016-01-29 14:45:39,1295,5279,
693082003881775104,2016-01-29 15:43:21,2619,7488,
693116922808963072,2016-01-29 18:02:06,3363,8627,
693122207799721985,2016-01-29 18:23:06,2318,6342,
693138448371286016,2016-01-29 19:27:38,1167,3735,
693139866297700352,2016-01-29 19:33:16,1203,3504,
693144862208757761,2016-01-29 19:53:07,2016,5263,
693171827363991553,2016-01-29 21:40:16,2208,7604,
693183469967560704,2016-01-29 22:26:32,2044,5459,
693219967215493121,2016-01-30 00:51:34,4544,11350,
693239943519453184,2016-01-30 02:10:56,1258,3808,
693241143744696320,2016-01-30 02:15:43,1372,3987,
693243553271713792,2016-01-30 02:25:17,1724,5051,
693245205617758208,2016-01-30 02:31:51,3124,8871,
693247721453543424,2016-01-30 02:41:51,2427,7579,
693250845333389312,2016-01-30 02:54:16,1573,4454,
693251574898884608,2016-01-30 02:57:10,1445,4588,
693252301511901186,2016-01-30 03:00:03,1493,4965,
693263187702059008,2016-01-30 03:43:18,2598,8115,
693280682534137856,2016-01-30 04:52:49,7513,17080,
693413034044297216,2016-01-30 13:38:44,4703,13962,
693434873600720897,2016-01-30 15:05:31,2378,7234,
693456598346436608,2016-01-30 16:31:51,1630,3894,
693471204469035008,2016-01-30 17:29:53,2473,5883,
693771408896229378,2016-01-31 13:22:48,2365,5559,
693773484984434688,2016-01-31 13:31:03,1124,3505,
693774895591763968,2016-01-31 13:36:39,1152,3430,
693776360750190592,2016-01-31 13:42:28,1110,3570,
693778147439824896,2016-01-31 13:49:34,2072,8217,
693782388564865024,2016-01-31 14:06:25,2735,7386,
693784955537592320,2016-01-31 14:16:37,1810,5517,
693801552855740416,2016-01-31 15:22:35,2586,7211,
693803936965197824,2016-01-31 15:32:03,2671,8955,
693806043407618048,2016-01-31 15:40:25,1667,6064,
693806945505976321,2016-01-31 15:44:00,872,3646,
693807728611893249,2016-01-31 15:47:07,934,3852,
693832776844378113,2016-01-31 17:26:39,3828,8937,
693838082282430464,2016-01-31 17:47:44,2236,6989,
693866510578651138,2016-01-31 19:40:42,2050,4695,
693902396485799936,2016-01-31 22:03:18,1386,4430,
693989991953739777,2016-02-01 03:51:22,1746,4396,
694149534918651905,2016-02-01 14:25:20,7553,18527,
694551687080644612,2016-02-02 17:03:21,4585,17673,
694554471154749440,2016-02-02 17:14:24,3539,12622,
694558166697271297,2016-02-02 17:29:05,3216,10579,
694559410488737793,2016-02-02 17:34:02,2322,8000,
694560681090248704,2016-02-02 17:39:05,3584,13559,
694600151894212608,2016-02-02 20:15:55,1120,4085,
694601530650050560,2016-02-02 20:21:24,1046,4174,
694602643201744900,2016-02-02 20:25:49,1244,4863,
694603879330287616,2016-02-02 20:30:44,1029,4308,
694606525835431936,2016-02-02 20:41:15,1945,6707,
694607450750717952,2016-02-02 20:44:56,2757,8834,
694611948940443648,2016-02-02 21:02:48,3481,11672,
694647454365552640,2016-02-02 23:23:53,3342,13323,
694750254378422272,2016-02-03 06:12:23,1401,4520,
694879900256354304,2016-02-03 14:47:33,5664,12033,
694882228665507840,2016-02-03 14:56:48,2811,5862,
694884902618165248,2016-02-03 15:07:25,3058,6901,
694885775431835648,2016-02-03 15:10:53,2771,6468,
694888332099239936,2016-02-03 15:21:03,3099,7765,
694890328273346560,2016-02-03 15:28:59,6401,14889,
694960957928431617,2016-02-03 20:09:38,1279,4253,
694963798273323008,2016-02-03 20:20:55,5147,8562,
694964856609439745,2016-02-03 20:25:08,3487,9219,
694979360441384960,2016-02-03 21:22:46,2982,8182,
694984821093830656,2016-02-03 21:44:28,2608,7713,
694984862122561536,2016-02-03 21:44:37,2295,5880,
694996040349540354,2016-02-03 22:29:03,3002,7480,
695072233610280960,2016-02-04 03:31:48,2891,8082,
695082204100071424,2016-02-04 04:11:26,2299,7361,
695133044940759040,2016-02-04 07:33:27,2145,5727,
695133644562628608,2016-02-04 07:35:50,1850,4234,
695133873139752960,2016-02-04 07:36:44,1723,4770,
695134210273775617,2016-02-04 07:38:05,5080,9680,
695252170535477249,2016-02-04 15:26:49,3790,9072,
695278741048684544,2016-02-04 17:12:24,3372,10076,
695373506976976901,2016-02-04 23:28:58,1633,5853,
695412367136436225,2016-02-05 02:03:23,824,3473,
695425318476083200,2016-02-05 02:54:50,1673,5453,
695646188297699328,2016-02-05 17:32:30,1519,3843,
695650797615521792,2016-02-05 17:50:49,1523,4541,
695664927483240448,2016-02-05 18:46:58,2174,5170,
695705786903830528,2016-02-05 21:29:19,2177,7510,
695707547395891202,2016-02-05 21:36:19,1538,5064,
695716589388308480,2016-02-05 22:12:15,1434,4965,
695742029083574274,2016-02-05 23:53:20,1296,3373,
695747007525294084,2016-02-06 00:13:07,1294,4080,
695747401546477568,2016-02-06 00:14:41,2422,6761,
695789403374014464,2016-02-06 03:01:35,1488,4183,
695791084413317124,2016-02-06 03:08:16,2792,8830,
695799815939190784,2016-02-06 03:42:58,2637,5210,
695801946347806721,2016-02-06 03:51:26,2103,4545,
695806716601040896,2016-02-06 04:10:23,1658,4064,
695809280587534336,2016-02-06 04:20:34,1808,3938,
695810703542845440,2016-02-06 04:26:13,1525,4747,
695810810166317056,2016-02-06 04:26:39,1398,4881,
695817078884929536,2016-02-06 04:51:33,1344,4441,
695820186713264128,2016-02-06 05:03:54,1306,4269,
695979656617578496,2016-02-06 15:37:35,4066,11700,
695981303460712448,2016-02-06 15:44:08,1188,4011,
695989902031331333,2016-02-06 16:18:18,2231,5564,
696025012424306690,2016-02-06 18:37:49,1172,3382,
696030020372930560,2016-02-06 18:57:43,1928,4799,
696048400081555456,2016-02-06 20:10:45,1925,5172,
696056207824580608,2016-02-06 20:41:46,1601,5148,
696061839554318336,2016-02-06 21:04:09,1361,4462,
696085979560591360,2016-02-06 22:40:04,1844,6847,
696124722321481728,2016-02-07 01:14:01,2099,6898,
696217877679108096,2016-02-07 07:24:11,1300,4065,
696218405825810432,2016-02-07 07:26:17,2009,5007,
696218684856074240,2016-02-07 07:27:24,2558,6366,
696277390650171392,2016-02-07 11:20:40,827,3125,
696278368296296448,2016-02-07 11:24:33,841,2804,
696278895952273408,2016-02-07 11:26:39,992,3535,
696279000755347457,2016-02-07 11:27:04,869,3308,
696281114269376512,2016-02-07 11:35:28,961,2965,
696281532974157824,2016-02-07 11:37:08,590,2576,
696283485741383680,2016-02-07 11:44:53,1279,4187,
696283930069172224,2016-02-07 11:46:39,1261,4297,
696284792845942785,2016-02-07 11:50:05,919,3610,
696285038644764673,2016-02-07 11:51:04,1748,5301,
696285462839824384,2016-02-07 11:52:45,1041,3986,
696285674689921024,2016-02-07 11:53:35,1222,4385,
696322405002780676,2016-02-07 14:19:33,812,3450,
696328503428575232,2016-02-07 14:43:47,642,3459,
696329245866512384,2016-02-07 14:46:44,1097,4464,
696346322735988736,2016-02-07 15:54:35,2462,5843,
696370121154150400,2016-02-07 17:29:09,1459,4514,
696424442717601792,2016-02-07 21:05:00,1507,4187,
696428451977433088,2016-02-07 21:20:56,1909,5540,
696447301783592961,2016-02-07 22:35:50,1654,5295,
696463477104365568,2016-02-07 23:40:07,1951,7812,
696514666843996160,2016-02-08 03:03:31,14191,27887,
696665030549487616,2016-02-08 13:01:01,880,4540,
696669855416766467,2016-02-08 13:20:11,2975,9710,
696732694135312386,2016-02-08 17:29:53,1293,4533,
696733541313474566,2016-02-08 17:33:15,1880,5587,
696734735578615808,2016-02-08 17:38:00,2499,6975,
696763168178204672,2016-02-08 19:30:59,2834,7898,
696781378596302848,2016-02-08 20:43:20,1352,4551,
696782375863394304,2016-02-08 20:47:18,2907,7521,
696821227739082757,2016-02-08 23:21:41,1570,4199,
696881322858573826,2016-02-09 03:20:29,2116,5771,
696908121327980545,2016-02-09 05:06:58,2258,7222,
697027290820186112,2016-02-09 13:00:30,1742,4849,
697029254584934400,2016-02-09 13:08:19,1655,4964,
697031343272812544,2016-02-09 13:16:37,2097,6820,
697033106608541697,2016-02-09 13:23:37,3285,9858,
697050425195941888,2016-02-09 14:32:26,665,3482,
697051619427397633,2016-02-09 14:37:11,7441,13569,
697062728582766592,2016-02-09 15:21:19,1707,5518,
697065472425123840,2016-02-09 15:32:14,2124,5196,
697077741640880129,2016-02-09 16:20:59,1664,4181,
697099208415903744,2016-02-09 17:46:17,3042,8885,
697173206663213057,2016-02-09 22:40:19,6510,16979,
697182075045179392,2016-02-09 23:15:34,11673,17806,
697183070357753862,2016-02-09 23:19:31,5041,15347,
697263254083489792,2016-02-10 04:38:08,3548,12543,
697263333959995393,2016-02-10 04:38:27,4552,15425,
697286805125726208,2016-02-10 06:11:43,1416,5090,
697404309814800385,2016-02-10 13:58:39,1678,5281,
697404578019598336,2016-02-10 13:59:43,1582,5106,
697404736211959808,2016-02-10 14:00:20,1792,5792,
697414064763510784,2016-02-10 14:37:25,2171,8916,
697440600535203842,2016-02-10 16:22:51,3084,11637,
697568064611561472,2016-02-11 00:49:21,1546,6146,
697594507777482752,2016-02-11 02:34:25,1358,4592,
697595370940006400,2016-02-11 02:37:51,1261,4470,
697604044269953025,2016-02-11 03:12:19,3107,9012,
697613947655086080,2016-02-11 03:51:40,5374,14075,
697785447771172864,2016-02-11 15:13:09,1730,5751,
697800242553581570,2016-02-11 16:11:56,3647,10285,
697807321167224832,2016-02-11 16:40:04,1514,4247,
697815901190619136,2016-02-11 17:14:10,2744,6707,
697825190282182656,2016-02-11 17:51:04,2742,7579,
697869206893756416,2016-02-11 20:45:59,2387,7532,
697882687923752961,2016-02-11 21:39:33,3843,9584,
697919015688278016,2016-02-12 00:03:54,1680,5487,
697922955007893506,2016-02-12 00:19:33,1727,4689,
697944232997294080,2016-02-12 01:44:06,2608,5644,
697949869961568256,2016-02-12 02:06:30,2299,7948,
697985595554066437,2016-02-12 04:28:28,4047,10218,
697996266345795585,2016-02-12 05:10:52,2219,5468,
697998702477242369,2016-02-12 05:20:33,3547,9577,
698115252844634112,2016-02-12 13:03:41,5471,11504,
698156678496305152,2016-02-12 15:48:17,2318,4299,
698179564107886592,2016-02-12 17:19:14,1438,4430,
698205519383646208,2016-02-12 19:02:22,2628,4758,
698210486437937153,2016-02-12 19:22:06,2128,5270,
698210543467896832,2016-02-12 19:22:20,1916,5413,
698219929762398209,2016-02-12 19:59:38,1762,5205,
698231571594276866,2016-02-12 20:45:53,4900,12387,
698242702194954240,2016-02-12 21:30:07,1599,4929,
698254119631507457,2016-02-12 22:15:29,1122,3629,
698259611833520129,2016-02-12 22:37:19,1364,4189,
698260813866471424,2016-02-12 22:42:05,1455,4274,
698263859753316352,2016-02-12 22:54:11,2371,5655,
698283521245319168,2016-02-13 00:12:19,1818,4893,
698303565232623616,2016-02-13 01:31:58,5429,11034,
698334356079833088,2016-02-13 03:34:19,3109,9846,
698336821349117952,2016-02-13 03:44:07,1050,4034,
698338315205013504,2016-02-13 03:50:03,1219,3988,
698370366369038336,2016-02-13 05:57:25,2089,8205,
698522430847983616,2016-02-13 16:01:40,2236,4846,
698523060350140416,2016-02-13 16:04:10,1139,3210,
698526221525610496,2016-02-13 16:16:43,2898,4805,
698546455309611009,2016-02-13 17:37:07,3249,5478,
698546735652716545,2016-02-13 17:38:14,1771,4706,
698548066643800064,2016-02-13 17:43:32,1160,3630,
698549401082527744,2016-02-13 17:48:50,1411,3390,
698549517663260673,2016-02-13 17:49:18,973,3121,
698549889316294663,2016-02-13 17:50:46,1061,3620,
698551938531590145,2016-02-13 17:58:55,1035,3224,
698552709281116160,2016-02-13 18:01:59,1328,3326,
698557567254056960,2016-02-13 18:21:17,2423,4430,
698557683838947329,2016-02-13 18:21:45,2407,5977,
698565437844488192,2016-02-13 18:52:33,3120,7916,
698565809128472576,2016-02-13 18:54:02,1069,3388,
698588112994353152,2016-02-13 20:22:39,1665,5005,
698588558089707520,2016-02-13 20:24:26,1603,4119,
698634582120333314,2016-02-13 23:27:19,1477,5758,
698636369229385728,2016-02-13 23:34:25,5566,13885,
698658112031604736,2016-02-14 01:00:49,2390,6985,
698660826463539201,2016-02-14 01:11:36,2552,6532,
698661220258357248,2016-02-14 01:13:10,3172,8360,
698677500491075585,2016-02-14 02:17:51,3252,13130,
698739578002403328,2016-02-14 06:24:32,2262,6600,
698740358688194560,2016-02-14 06:27:38,2080,6974,
698742963447451648,2016-02-14 06:37:59,2708,8123,
698751641873444864,2016-02-14 07:12:28,2183,7052,
698752909236969472,2016-02-14 07:17:30,2643,6811,
698755140602499073,2016-02-14 07:26:22,4356,11626,
698758514559340544,2016-02-14 07:39:46,3450,9074,
698837314894766080,2016-02-14 12:52:54,1203,4681,
698853277706784772,2016-02-14 13:56:20,2551,7698,
698854046447333376,2016-02-14 13:59:23,1657,5894,
698882048069652480,2016-02-14 15:50:39,2974,6139,
698882145297764353,2016-02-14 15:51:02,1097,5048,
698921597466472448,2016-02-14 18:27:48,4115,10876,
698973988891009024,2016-02-14 21:55:59,2766,9520,
698976776115130369,2016-02-14 22:07:04,6277,18157,
698977598844637185,2016-02-14 22:10:20,3120,10634,
698990680719360000,2016-02-14 23:02:19,3313,8553,
699187712553807872,2016-02-15 12:05:15,2753,8477,
699207531118383105,2016-02-15 13:24:00,2820,8467,
699230466130513921,2016-02-15 14:55:08,2533,7266,
699232824990285824,2016-02-15 15:04:31,5875,14842,
699283203027292161,2016-02-15 18:24:42,1900,5704,
699283248506105856,2016-02-15 18:24:53,2362,5352,
699284455282884612,2016-02-15 18:29:40,2623,6060,
699328126631870465,2016-02-15 21:23:12,2618,5822,
699341413448871936,2016-02-15 22:16:00,2967,8430,
699441442041815040,2016-02-16 04:53:29,3422,10412,
699447731606130688,2016-02-16 05:18:28,2956,7880,
699546805143523328,2016-02-16 11:52:09,1750,6745,
699554325622886400,2016-02-16 12:22:02,2652,8119,
699573221633425408,2016-02-16 13:37:08,3490,8228,
699654401481449472,2016-02-16 18:59:42,1277,4229,
699659811420553217,2016-02-16 19:21:12,1713,5408,
699702258792034304,2016-02-16 22:09:52,2621,8539,
699728584575946754,2016-02-16 23:54:29,2710,6760,
699733970158800898,2016-02-17 00:15:53,1397,4012,
699791469532594177,2016-02-17 04:04:22,2543,5880,
699793608963198978,2016-02-17 04:12:52,2141,5377,
699794784509108224,2016-02-17 04:17:32,1755,4177,
699801607177945088,2016-02-17 04:44:39,1786,4217,
699802531992629248,2016-02-17 04:48:19,3548,8720,
699805136038846464,2016-02-17 04:58:40,4197,12421,
699909634279268352,2016-02-17 11:53:55,1962,4220,
699913243251339265,2016-02-17 12:08:15,7780,19564,
699966498819940353,2016-02-17 15:39:52,2384,4926,
699966633918525441,2016-02-17 15:40:24,2772,7165,
699968804311470080,2016-02-17 15:49:02,24220,10595,
699989306333650944,2016-02-17 17:10:30,3256,7234,
699989532180135936,2016-02-17 17:11:24,7906,15525,
699992347115982848,2016-02-17 17:22:35,3206,6740,
699994606264586242,2016-02-17 17:31:34,3908,8073,
699995449718153217,2016-02-17 17:34:55,4274,9193,
700096775454138368,2016-02-18 00:17:33,2169,4310,
700269643789955074,2016-02-18 11:44:28,3292,7612,
700271935276634113,2016-02-18 11:53:34,3646,9095,
700280013107523584,2016-02-18 12:25:40,2734,6542,
700295391842058240,2016-02-18 13:26:46,2789,6524,
700306531720499201,2016-02-18 14:11:02,3245,7221,
700310777681592320,2016-02-18 14:27:55,2772,5593,
700311461734850560,2016-02-18 14:30:38,3824,8272,
700320270620454912,2016-02-18 15:05:38,2740,5901,
700321698780991488,2016-02-18 15:11:18,3848,9831,
700381146392195074,2016-02-18 19:07:32,3849,7312,
700413065595113473,2016-02-18 21:14:22,2211,4017,
700413494580084738,2016-02-18 21:16:04,2476,5155,
700471960526987265,2016-02-19 01:08:24,3509,7747,
700472856350691329,2016-02-19 01:11:57,2562,5748,
700562845096804352,2016-02-19 07:09:32,2057,5451,
700754883125886976,2016-02-19 19:52:38,2215,6110,
700755931420823553,2016-02-19 19:56:48,1417,3873,
700779018405150722,2016-02-19 21:28:32,2155,5426,
700779139985440769,2016-02-19 21:29:01,1488,4556,
700779226715316224,2016-02-19 21:29:22,2278,5768,
700779318260195330,2016-02-19 21:29:43,3067,8715,
700779489907892225,2016-02-19 21:30:24,1998,5359,
700784179076853761,2016-02-19 21:49:02,1368,3970,
700784408870182913,2016-02-19 21:49:57,2243,5635,
700787183872057344,2016-02-19 22:00:59,2256,5904,
700795170023825408,2016-02-19 22:32:43,3017,8172,
700795257181437954,2016-02-19 22:33:04,1734,5666,
700796528844103680,2016-02-19 22:38:07,3678,9136,
700799329620140033,2016-02-19 22:49:15,1854,6632,
700799986104029184,2016-02-19 22:51:51,7379,15067,
701033104605999104,2016-02-20 14:18:11,1198,3839,
701033286223572992,2016-02-20 14:18:54,1385,4050,
701043432354095108,2016-02-20 14:59:13,2012,4963,
701044235764502528,2016-02-20 15:02:25,994,2761,
701044380476375040,2016-02-20 15:02:59,4790,11204,
701044871587454976,2016-02-20 15:04:56,1441,3942,
701045567783219201,2016-02-20 15:07:42,1578,3472,
701062516911251456,2016-02-20 16:15:03,1587,4041,
701063078071418884,2016-02-20 16:17:17,1221,3355,
701063288193421312,2016-02-20 16:18:07,1633,4562,
701063872615096320,2016-02-20 16:20:27,3387,8256,
701066624800059393,2016-02-20 16:31:23,3902,10103,
701078699118989312,2016-02-20 17:19:21,1909,4851,
701082607782592514,2016-02-20 17:34:53,1331,4355,
701084443889381377,2016-02-20 17:42:11,10736,26494,
701089616825159680,2016-02-20 18:02:44,3238,8470,
701098843635580928,2016-02-20 18:39:24,2887,8496,
701162206914879490,2016-02-20 22:51:11,2119,7375,
701196121759068160,2016-02-21 01:05:57,3538,13711,
701240216745603073,2016-02-21 04:01:10,5058,16839,
701269540844527616,2016-02-21 05:57:42,11248,26118,
701363192669331456,2016-02-21 12:09:50,2525,9876,
701369894479273984,2016-02-21 12:36:28,1737,6908,
701374019644366848,2016-02-21 12:52:51,3326,9731,
701435508283588608,2016-02-21 16:57:11,1472,3962,
701437415047700482,2016-02-21 17:04:46,1966,6336,
701558980682891266,2016-02-22 01:07:49,2954,8761,
701743902093504512,2016-02-22 13:22:38,2551,10143,
701746070162792448,2016-02-22 13:31:15,1613,5678,
701750410621497345,2016-02-22 13:48:30,2679,9709,
701762526158061568,2016-02-22 14:36:39,2939,7405,
701763676378796033,2016-02-22 14:41:13,991,3904,
701763900333649920,2016-02-22 14:42:06,2012,5371,
701779181986680832,2016-02-22 15:42:50,8382,14542,
701780921163259908,2016-02-22 15:49:44,1326,4090,
701781556151517184,2016-02-22 15:52:16,1529,3956,
701801713385115648,2016-02-22 17:12:21,2311,7911,
701842514760724480,2016-02-22 19:54:29,2115,5706,
701868541545295872,2016-02-22 21:37:55,5685,10244,
701870081827966976,2016-02-22 21:44:02,3048,8075,
701871659150548993,2016-02-22 21:50:18,2326,6830,
701872910764343296,2016-02-22 21:55:16,2916,7902,
701875717504536576,2016-02-22 22:06:25,2399,6984,
701876939095543808,2016-02-22 22:11:17,2248,6939,
701924334621716480,2016-02-23 01:19:37,1547,4781,
701940652339122176,2016-02-23 02:24:27,2220,7062,
701941803327426560,2016-02-23 02:29:02,1777,5916,
701941907052634112,2016-02-23 02:29:26,1775,5305,
701943239054532608,2016-02-23 02:34:44,2265,6724,
701944029315923968,2016-02-23 02:37:52,2955,8635,
701945579333513216,2016-02-23 02:44:02,1290,4157,
701954385404760064,2016-02-23 03:19:01,1175,4202,
701956476571512832,2016-02-23 03:27:20,1765,5558,
701957484328583168,2016-02-23 03:31:20,2251,6188,
701977550315098113,2016-02-23 04:51:04,1285,4575,
701999802033111040,2016-02-23 06:19:29,2577,7502,
702140146343280640,2016-02-23 15:37:10,2438,5929,
702141081027104769,2016-02-23 15:40:53,6261,10393,
702147760926011393,2016-02-23 16:07:26,2764,6678,
702149896325890048,2016-02-23 16:15:55,2280,6699,
702155147695284224,2016-02-23 16:36:47,1118,3828,
702155553485619200,2016-02-23 16:38:24,1717,5372,
702157754283130884,2016-02-23 16:47:08,3246,8428,
702158475091021828,2016-02-23 16:50:00,895,3279,
702172591813857280,2016-02-23 17:46:06,1140,3614,
702178985430503424,2016-02-23 18:11:30,2828,9600,
702180291448680448,2016-02-23 18:16:42,2163,7473,
702194423048699905,2016-02-23 19:12:51,3725,11202,
702268900562448384,2016-02-24 00:08:48,2241,5773,
702270277560852480,2016-02-24 00:14:16,1695,5241,
702308297886400513,2016-02-24 02:45:21,1333,5029,
702310109100126208,2016-02-24 02:52:32,1983,7063,
702311041762332672,2016-02-24 02:56:15,2181,6445,
702312059690622976,2016-02-24 03:00:18,3066,8828,
702367612232142848,2016-02-24 06:41:02,5010,12927,
702378896621236224,2016-02-24 07:25:53,2787,8831,
702484363695370241,2016-02-24 14:24:58,935,4473,
702519153446400000,2016-02-24 16:43:13,1374,3568,
702525836948336641,2016-02-24 17:09:46,2259,7058,
702526610646429696,2016-02-24 17:12:50,3272,8681,
702539414224936960,2016-02-24 18:03:43,3818,11170,
702542084776001537,2016-02-24 18:14:20,1316,4624,
702560558269202433,2016-02-24 19:27:44,2274,7407,
702561529447763968,2016-02-24 19:31:36,3592,8740,
702608081314816000,2016-02-24 22:36:35,3320,12072,
702632410341576704,2016-02-25 00:13:15,3918,9446,
702632760368885761,2016-02-25 00:14:39,1716,5515,
702635699594469377,2016-02-25 00:26:19,3321,8486,
702640425623003136,2016-02-25 00:45:06,7197,13056,
702641468398292994,2016-02-25 00:49:15,2694,9075,
702661309532409861,2016-02-25 02:08:05,2003,5950,
702662052079390721,2016-02-25 02:11:02,1704,5542,
702668337671708677,2016-02-25 02:36:01,1746,5540,
702671227048075264,2016-02-25 02:47:30,2305,6050,
702679486496706564,2016-02-25 03:20:19,2271,6209,
702679818194841600,2016-02-25 03:21:38,2036,6214,
702680136513155072,2016-02-25 03:22:54,2081,5897,
702680558057422849,2016-02-25 03:24:34,1493,5097,
702680874752540672,2016-02-25 03:25:50,1420,5070,
702685373420474369,2016-02-25 03:43:42,2134,6380,
702687277189873664,2016-02-25 03:51:16,2087,6448,
702698194115944448,2016-02-25 04:34:39,1629,5530,
702706412980453380,2016-02-25 05:07:19,2372,6541,
702833969537142788,2016-02-25 13:34:11,8275,21310,
702887030892658688,2016-02-25 17:05:01,2181,7005,
702891487776866306,2016-02-25 17:22:44,2913,8711,
702894623761498112,2016-02-25 17:35:12,6175,15483,
702896239520645121,2016-02-25 17:41:37,2409,6073,
702897056181055493,2016-02-25 17:44:52,5218,13275,
702911293813080065,2016-02-25 18:41:26,2648,7267,
702913398154125312,2016-02-25 18:49:48,2750,7419,
702930575083106304,2016-02-25 19:58:03,2804,9150,
702953023736250369,2016-02-25 21:27:15,4299,13781,
702980499388669953,2016-02-25 23:16:26,3754,10259,
703092155577831424,2016-02-26 06:40:07,2203,5897,
703095453496188929,2016-02-26 06:53:13,2639,7180,
703099408271822849,2016-02-26 07:08:56,1169,3813,
703109705900535808,2016-02-26 07:49:51,2793,7172,
703110347356409856,2016-02-26 07:52:24,2187,5772,
703110934869336065,2016-02-26 07:54:44,1895,6202,
703111149764489216,2016-02-26 07:55:35,1873,5960,
703120811918385153,2016-02-26 08:33:59,1301,4707,
703121060430901248,2016-02-26 08:34:58,1262,3992,
703121943944237056,2016-02-26 08:38:29,1283,4531,
703194213752528896,2016-02-26 13:25:39,2030,7085,
703194690498088961,2016-02-26 13:27:33,1480,5503,
703195045151682560,2016-02-26 13:28:58,1929,6285,
703195229181100032,2016-02-26 13:29:42,1466,5399,
703195301780172800,2016-02-26 13:29:59,1360,5177,
703195408747491328,2016-02-26 13:30:24,1718,5272,
703217073724399616,2016-02-26 14:56:30,2061,7564,
703218582310641667,2016-02-26 15:02:29,5194,14342,
703230455546404864,2016-02-26 15:49:40,3321,9815,
703250152744550400,2016-02-26 17:07:56,2049,6799,
703251956198875138,2016-02-26 17:15:06,4129,12955,
703252241487036417,2016-02-26 17:16:14,3330,10303,
703252552641478656,2016-02-26 17:17:29,3193,12411,
703257866820415488,2016-02-26 17:38:36,4056,12167,
703321647701307392,2016-02-26 21:52:02,3040,9348,
703325481265815553,2016-02-26 22:07:16,5361,16602,
703326546686115840,2016-02-26 22:11:30,7970,18334,
703332298821775360,2016-02-26 22:34:21,3624,10482,
703401239266996225,2016-02-27 03:08:18,3402,8741,
703416483653652481,2016-02-27 04:08:53,1677,6216,
703442830211964928,2016-02-27 05:53:34,1922,6573,
703444081251254272,2016-02-27 05:58:32,2355,6751,
703446072216014848,2016-02-27 06:06:27,3831,9227,
703562075616849920,2016-02-27 13:47:25,1645,5401,
703567344212160512,2016-02-27 14:08:21,1698,6432,
703596766801756162,2016-02-27 16:05:16,1701,5809,
703598661419167744,2016-02-27 16:12:47,2192,7746,
703600613897023488,2016-02-27 16:20:33,2783,8910,
703601762876305409,2016-02-27 16:25:07,5144,15418,
703607992424345602,2016-02-27 16:49:52,2076,8534,
703611696233852929,2016-02-27 17:04:35,3478,11176,
703612722991075328,2016-02-27 17:08:40,3212,11403,
703628555658264576,2016-02-27 18:11:35,2363,6112,
703691273455034369,2016-02-27 22:20:48,4072,12044,
703711236865720320,2016-02-27 23:40:07,3862,10699,
703715567765737472,2016-02-27 23:57:20,3188,10359,
703764924288409600,2016-02-28 03:13:27,2994,9078,
703777173296046080,2016-02-28 04:02:08,3668,10566,
703888318245773312,2016-02-28 11:23:47,1634,5374,
703894673086095362,2016-02-28 11:49:02,1078,3834,
703895967439970306,2016-02-28 11:54:11,1643,3937,
703896353416617984,2016-02-28 11:55:43,1726,5524,
703896507465015296,2016-02-28 11:56:19,995,3673,
703900742961270784,2016-02-28 12:13:09,4241,9093,
703901249691901953,2016-02-28 12:15:10,1370,4367,
703904675289042945,2016-02-28 12:28:47,2783,7086,
703915198864887810,2016-02-28 13:10:36,2783,7804,
703917643930210304,2016-02-28 13:20:19,3426,11509,
703923471391264768,2016-02-28 13:43:28,3871,11502,
703927132339216384,2016-02-28 13:58:01,3165,10237,
703974892237135873,2016-02-28 17:07:48,3238,8541,
703976101073309697,2016-02-28 17:12:36,1761,5575,
703984812105793536,2016-02-28 17:47:13,33204,38528,
703996959544250373,2016-02-28 18:35:29,4726,9036,
704000092840325120,2016-02-28 18:47:56,4502,8152,
704000708236996608,2016-02-28 18:50:23,5199,11578,
704001490759725058,2016-02-28 18:53:29,2691,7612,
704002523980558336,2016-02-28 18:57:36,2675,6945,
704014599708876800,2016-02-28 19:45:35,3805,9075,
704019808363352069,2016-02-28 20:06:17,3059,6397,
704023054813433856,2016-02-28 20:19:11,3163,6385,
704026393865265156,2016-02-28 20:32:27,2850,6035,
704062727082385409,2016-02-28 22:56:49,3306,10698,
704064261413273601,2016-02-28 23:02:55,4593,12869,
704100078743625729,2016-02-29 01:25:14,5919,15513,
704111284095225856,2016-02-29 02:09:46,3913,10056,
704284013461180416,2016-02-29 13:36:08,1360,6543,
704285794643668992,2016-02-29 13:43:13,3302,8699,
704312346706124800,2016-02-29 15:28:43,2168,6183,
704324651384762368,2016-02-29 16:17:37,3660,9013,
704332561296855040,2016-02-29 16:49:03,4839,13180,
704339457974132736,2016-02-29 17:16:27,4498,9950,
704342660933427201,2016-02-29 17:29:11,2620,6112,
704379918222696449,2016-02-29 19:57:13,2750,8930,
704392435829493764,2016-02-29 20:46:58,4266,12214,
704438057202819072,2016-02-29 23:48:15,5605,10128,
704440884029493248,2016-02-29 23:59:29,2454,6872,
704466049912143872,2016-03-01 01:39:29,2920,7961,
704481336682266624,2016-03-01 02:40:13,4384,12246,
704482268765622272,2016-03-01 02:43:56,4271,12109,
704626119836901376,2016-03-01 12:15:32,3598,11533,
704751393991737345,2016-03-01 20:33:20,5621,11316,
704751567094812672,2016-03-01 20:34:01,3126,10267,
704756216157839360,2016-03-01 20:52:30,15279,26910,
704769025000263682,2016-03-01 21:43:24,3776,9982,
704792956507709440,2016-03-01 23:18:29,3498,10450,
704818842153971712,2016-03-02 01:01:21,6506,18556,
704834059915104256,2016-03-02 02:01:49,5974,17692,
704834141565657088,2016-03-02 02:02:09,5893,17326,
704834185471598592,2016-03-02 02:02:19,5615,17118,
704846146657722368,2016-03-02 02:49:51,5636,17036,
704880376892813312,2016-03-02 05:05:52,4042,13851,
704895509274693632,2016-03-02 06:06:00,3222,11808,
705003756543410176,2016-03-02 13:16:08,2163,7210,
705005396818305024,2016-03-02 13:22:39,1477,4504,
705005491949314048,2016-03-02 13:23:02,1827,6395,
705005540326383616,2016-03-02 13:23:13,2170,7113,
705006030841720832,2016-03-02 13:25:10,1926,7634,
705088689295245312,2016-03-02 18:53:38,5519,13298,
705093158191951872,2016-03-02 19:11:23,4312,11922,
705094976376541184,2016-03-02 19:18:37,3891,12193,
705102512718782465,2016-03-02 19:48:33,2455,6692,
705119106052308992,2016-03-02 20:54:30,2406,8248,
705148300064907265,2016-03-02 22:50:30,8335,24572,
705149907183738880,2016-03-02 22:56:53,1558,5211,
705170546003218432,2016-03-03 00:18:54,3866,12955,
705173204948656129,2016-03-03 00:29:28,4118,10105,
705174362530430976,2016-03-03 00:34:04,3497,9986,
705174403164860416,2016-03-03 00:34:13,3773,11983,
705179512254951424,2016-03-03 00:54:31,4339,11968,
705213112463577088,2016-03-03 03:08:02,2318,5653,
705227593205878784,2016-03-03 04:05:35,4820,15286,
705229104426176514,2016-03-03 04:11:35,2730,8991,
705230846249324544,2016-03-03 04:18:30,4070,11507,
705234524012224512,2016-03-03 04:33:07,6668,19914,
705235874632638464,2016-03-03 04:38:29,3097,10446,
705352657234481152,2016-03-03 12:22:32,4674,13762,
705354682886201348,2016-03-03 12:30:35,5968,20395,
705357122859614209,2016-03-03 12:40:17,4396,12828,
705358901349388289,2016-03-03 12:47:21,7991,21653,
705362027901009921,2016-03-03 12:59:47,6766,17647,
705397628276707328,2016-03-03 15:21:14,3278,10389,
705398891110334465,2016-03-03 15:26:15,3206,9353,
705399128180789248,2016-03-03 15:27:12,2260,8592,
705413209365323776,2016-03-03 16:23:09,1632,6621,
705420338985897984,2016-03-03 16:51:29,6665,19989,
705424888945836032,2016-03-03 17:09:34,3050,12741,
705486546644774912,2016-03-03 21:14:34,3266,10933,
705563410528915457,2016-03-04 02:20:00,5395,12108,
705565746676551680,2016-03-04 02:29:17,3290,11255,
705611414128500736,2016-03-04 05:30:45,7290,15931,
705624889282068480,2016-03-04 06:24:18,5427,11344,
705727745385435136,2016-03-04 13:13:00,5043,12042,
705731353308962816,2016-03-04 13:27:21,1470,4844,
705731821489807364,2016-03-04 13:29:12,1471,5245,
705793784093745153,2016-03-04 17:35:25,3292,9913,
705809043034664961,2016-03-04 18:36:03,3479,7991,
705821213298446337,2016-03-04 19:24:25,2603,7225,
705861265202221056,2016-03-04 22:03:34,2734,8381,
705874162372517888,2016-03-04 22:54:49,2291,7067,
705946245290987520,2016-03-05 03:41:15,3106,9077,
705963367647698944,2016-03-05 04:49:17,2068,7174,
706104797229780993,2016-03-05 14:11:17,2342,8883,
706105503202410496,2016-03-05 14:14:05,2426,8268,
706107571401134080,2016-03-05 14:22:18,5858,17762,
706119343289962496,2016-03-05 15:09:05,2004,7810,
706127055285391361,2016-03-05 15:39:43,3655,11333,
706149793697902592,2016-03-05 17:10:05,1666,6545,
706150457396170753,2016-03-05 17:12:43,1753,6173,
706152166205992960,2016-03-05 17:19:30,1949,8732,
706152400982179845,2016-03-05 17:20:26,1485,6178,
706153159085821952,2016-03-05 17:23:27,1710,6166,
706168204259758080,2016-03-05 18:23:14,2491,8801,
706176828843663360,2016-03-05 18:57:30,3403,10402,
706179514611724288,2016-03-05 19:08:11,2825,8972,
706179933480099840,2016-03-05 19:09:50,3775,11157,
706185049796943873,2016-03-05 19:30:10,1634,6301,
706185780109185024,2016-03-05 19:33:04,3415,10390,
706188719548723200,2016-03-05 19:44:45,1816,6908,
706311590321246209,2016-03-06 03:53:00,4307,14444,
706325441028689921,2016-03-06 04:48:02,4505,14646,
706353772751163392,2016-03-06 06:40:37,4624,16767,
706467532291624960,2016-03-06 14:12:39,1281,5632,
706505531364679680,2016-03-06 16:43:39,3466,8510,
706530975992381441,2016-03-06 18:24:46,3598,10083,
706531140195196932,2016-03-06 18:25:25,1978,6812,
706531291018170369,2016-03-06 18:26:01,6988,23594,
706531628525428744,2016-03-06 18:27:21,2719,7649,
706532975782006784,2016-03-06 18:32:42,2689,6161,
706540601026744321,2016-03-06 19:03:00,2534,8486,
706543741088067584,2016-03-06 19:15:29,1837,7187,
706544678980734976,2016-03-06 19:19:13,3014,8639,
706629099217920000,2016-03-07 00:54:40,1823,6517,
706629785263460352,2016-03-07 00:57:24,1844,6014,
706674352167772160,2016-03-07 03:54:29,6082,16813,
706675395811266560,2016-03-07 03:58:38,8038,23357,
706808780600844288,2016-03-07 12:48:39,2588,8944,
706812638215303168,2016-03-07 13:03:59,4309,12645,
706827555622547456,2016-03-07 14:03:16,6211,16101,
706829345143316480,2016-03-07 14:10:22,4836,13315,
706840633508536320,2016-03-07 14:55:14,1684,7324,
706862721405468672,2016-03-07 16:23:00,2898,10312,
706884676263276544,2016-03-07 17:50:14,4929,14774,
706953562316603392,2016-03-07 22:23:58,3976,11960,
706961650083954688,2016-03-07 22:56:06,2636,8041,
706971409818492929,2016-03-07 23:34:53,2398,5696,
706974796509286400,2016-03-07 23:48:21,4407,12633,
706989946268213248,2016-03-08 00:48:33,2609,6359,
707004752756936704,2016-03-08 01:47:23,2175,7320,
707020422672474112,2016-03-08 02:49:39,4643,14162,
707029354921009152,2016-03-08 03:25:08,3618,12012,
707034934804873216,2016-03-08 03:47:19,3972,7450,
707036759570382849,2016-03-08 03:54:34,3247,7531,
707037002911375360,2016-03-08 03:55:32,2843,6670,
707208682669543425,2016-03-08 15:17:43,3891,9276,
707225181513719808,2016-03-08 16:23:17,1859,6626,
707225317648240640,2016-03-08 16:23:49,8002,15920,
707226089496690688,2016-03-08 16:26:54,2377,8232,
707237490780934144,2016-03-08 17:12:12,3385,9462,
707239753352093696,2016-03-08 17:21:11,6287,16485,
707258582501302272,2016-03-08 18:36:00,4648,14446,
707259515222278146,2016-03-08 18:39:43,1745,5161,
707259809888915457,2016-03-08 18:40:53,1815,5280,
707260748020449280,2016-03-08 18:44:37,1730,5080,
707261100061020162,2016-03-08 18:46:01,1889,5561,
707262742688882688,2016-03-08 18:52:32,2532,5945,
707309366064578564,2016-03-08 21:57:48,4796,12752,
707353658883706880,2016-03-09 00:53:48,2337,7801,
707354724182441984,2016-03-09 00:58:02,4215,16877,
707373529818386434,2016-03-09 02:12:46,3643,10687,
707374051581362176,2016-03-09 02:14:50,3155,9596,
707377544224509952,2016-03-09 02:28:43,5181,16228,
707386022569623552,2016-03-09 03:02:25,6093,18183,
707415229794275330,2016-03-09 04:58:28,5182,20293,
707470040954761216,2016-03-09 08:36:16,4845,17351,
707683931609550848,2016-03-09 22:46:12,4152,11849,
707697346646245376,2016-03-09 23:39:30,4483,11779,
707702633260261377,2016-03-10 00:00:30,4129,9877,
708045086135881728,2016-03-10 22:41:18,12847,22445,
708158520831553536,2016-03-11 06:12:02,2037,7665,
708158581363888128,2016-03-11 06:12:17,2048,6247,
708169684617535489,2016-03-11 06:56:24,4023,11881,
708171902091563009,2016-03-11 07:05:13,3722,9038,
708183163969740800,2016-03-11 07:49:58,4378,11677,
708332792028008448,2016-03-11 17:44:32,6504,17662,
708351381678088192,2016-03-11 18:58:24,4180,8843,
708390521023008769,2016-03-11 21:33:56,2720,8407,
708403542009253889,2016-03-11 22:25:40,3284,9867,
708422379366686721,2016-03-11 23:40:31,5860,17404,
708428041232490496,2016-03-12 00:03:01,3326,9035,
708472737992409090,2016-03-12 03:00:38,4128,14872,
708619775153475584,2016-03-12 12:44:54,21413,34996,
708647560399949825,2016-03-12 14:35:19,5030,11639,
708658225198006273,2016-03-12 15:17:41,3698,9838,
708662621596213250,2016-03-12 15:35:09,4679,13311,
708667476628922369,2016-03-12 15:54:27,2486,10470,
708667676768522240,2016-03-12 15:55:15,11208,24278,
708714838520762369,2016-03-12 19:02:39,5558,15909,
708714849027497984,2016-03-12 19:02:41,3665,10027,
708715781199044609,2016-03-12 19:06:24,5561,12026,
708715949138911232,2016-03-12 19:07:04,5483,14092,
708720448335437824,2016-03-12 19:24:56,6212,17940,
708723421106937857,2016-03-12 19:36:45,10742,25456,
708749781519212544,2016-03-12 21:21:30,8397,25402,
708780035516157952,2016-03-12 23:21:43,3711,10063,
708786643512066048,2016-03-12 23:47:59,5877,14138,
708800227994537984,2016-03-13 00:41:57,9113,17790,
708857632816287744,2016-03-13 04:30:04,5481,14804,
708979864704049152,2016-03-13 12:35:46,3475,9939,
708983126601682944,2016-03-13 12:48:44,11372,29416,
708985532483837953,2016-03-13 12:58:17,5114,10952,
709028677497921537,2016-03-13 15:49:44,3679,10412,
709063098871779328,2016-03-13 18:06:31,3575,8947,
709063220150013952,2016-03-13 18:07:00,5554,12088,
709083187775979521,2016-03-13 19:26:20,4882,13044,
709089928324489216,2016-03-13 19:53:07,4750,13202,
709115011487178756,2016-03-13 21:32:48,6142,12472,
709170599579545600,2016-03-14 01:13:41,10081,26243,
709362309819404289,2016-03-14 13:55:28,6372,15449,
709399753545670656,2016-03-14 16:24:15,2758,10481,
709422865360297984,2016-03-14 17:56:06,2841,10540,
709423676425379841,2016-03-14 17:59:19,4165,9123,
709423812681531392,2016-03-14 17:59:52,4949,11120,
709541660758315009,2016-03-15 01:48:09,4051,11693,
709547482615816192,2016-03-15 02:11:17,11736,20231,
709580469323612160,2016-03-15 04:22:21,2524,7558,
709581055926398976,2016-03-15 04:24:41,2259,7853,
709585960992972801,2016-03-15 04:44:11,3495,7697,
709586584560148480,2016-03-15 04:46:39,1760,5769,
709592458401816577,2016-03-15 05:10:00,4260,10914,
709595310939643905,2016-03-15 05:21:20,3509,10410,
709687052384731136,2016-03-15 11:25:53,6862,17208,
709690378778230785,2016-03-15 11:39:06,6415,16685,
709703632292331522,2016-03-15 12:31:46,4571,12258,
709713295180169216,2016-03-15 13:10:10,2844,7366,
709720456194994176,2016-03-15 13:38:37,4669,13722,
709735250927226880,2016-03-15 14:37:24,5196,11937,
709736764613771264,2016-03-15 14:43:25,5643,13689,
709754445907759105,2016-03-15 15:53:41,2935,10108,
709756933666967555,2016-03-15 16:03:34,4617,14135,
709772129651265540,2016-03-15 17:03:57,3990,13346,
709775232152817664,2016-03-15 17:16:16,5415,15176,
709819253977915392,2016-03-15 20:11:12,6766,17145,
709878592189153280,2016-03-16 00:06:59,5023,18057,
709883604093018113,2016-03-16 00:26:54,2563,8981,
709885396285579264,2016-03-16 00:34:02,2020,7204,
709885620034867200,2016-03-16 00:34:55,2222,7352,
709886343309107200,2016-03-16 00:37:47,2104,6728,
709886835628105728,2016-03-16 00:39:45,2830,9665,
709890544860852224,2016-03-16 00:54:29,3241,10814,
709893207845376004,2016-03-16 01:05:04,3667,14376,
709893235884335106,2016-03-16 01:05:11,3714,12155,
709893334588919808,2016-03-16 01:05:34,8627,21711,
709894230710337536,2016-03-16 01:09:08,4458,14716,
709915576173469700,2016-03-16 02:33:57,5527,15930,
709919330574725124,2016-03-16 02:48:52,5353,15348,
709930663953231873,2016-03-16 03:33:54,3015,15189,
709941293477195776,2016-03-16 04:16:09,12826,27203,
709976236441935872,2016-03-16 06:35:00,2224,8124,
709980217872351232,2016-03-16 06:50:49,1735,7199,
710050169505640448,2016-03-16 11:28:47,1132,5752,
710050536259764226,2016-03-16 11:30:14,1076,5283,
710066971367190528,2016-03-16 12:35:33,1026,5132,
710073634837176320,2016-03-16 13:02:01,1220,6066,
710074677775966208,2016-03-16 13:06:10,2697,9403,
710096863383277568,2016-03-16 14:34:19,3004,9983,
710097701698936835,2016-03-16 14:37:39,1994,8007,
710138547827769344,2016-03-16 17:19:58,6495,13560,
710149837979836416,2016-03-16 18:04:49,4515,15140,
710151964726792192,2016-03-16 18:13:17,6865,21588,
710152303966351361,2016-03-16 18:14:37,4866,17208,
710160479889575938,2016-03-16 18:47:07,4174,16298,
710177855796350977,2016-03-16 19:56:09,6457,23792,
710214487643693058,2016-03-16 22:21:43,4246,14887,
710215733477822465,2016-03-16 22:26:40,2752,10598,
710407581899079680,2016-03-17 11:09:00,3783,11589,
710409594204524544,2016-03-17 11:17:00,3836,12397,
710415602851172352,2016-03-17 11:40:53,4886,18453,
710440524524691456,2016-03-17 13:19:55,3530,11727,
710442630207901696,2016-03-17 13:28:17,4081,12750,
710452858043416577,2016-03-17 14:08:55,4492,14170,
710453513155960834,2016-03-17 14:11:31,3233,11024,
710456179173040128,2016-03-17 14:22:07,3643,11778,
710507173072269314,2016-03-17 17:44:45,3123,8734,
710509591122075648,2016-03-17 17:54:21,2852,11652,
710510524031746052,2016-03-17 17:58:04,5008,18623,
710534544865239040,2016-03-17 19:33:31,5338,9753,
710563892687196160,2016-03-17 21:30:08,12030,27892,
710626092114120708,2016-03-18 01:37:17,11866,30241,
710857360399400960,2016-03-18 16:56:16,2796,8150,
710868991309443072,2016-03-18 17:42:29,4535,14229,
710904553219219456,2016-03-18 20:03:48,4439,11783,
710905631008546816,2016-03-18 20:08:05,2661,6813,
710914741321998336,2016-03-18 20:44:17,5400,16325,
710918088460517376,2016-03-18 20:57:35,2816,8313,
710920172106850304,2016-03-18 21:05:51,4070,9924,
710920670608236544,2016-03-18 21:07:50,3953,12616,
710923287430357001,2016-03-18 21:18:14,5053,18376,
710924053981188096,2016-03-18 21:21:17,3413,10786,
710928141112332288,2016-03-18 21:37:31,5021,15844,
710928532461883392,2016-03-18 21:39:05,2230,6971,
710929239269203968,2016-03-18 21:41:53,4399,12449,
710947686879531008,2016-03-18 22:55:11,7212,23388,
710989203388162050,2016-03-19 01:40:10,9806,23997,
710995683860484097,2016-03-19 02:05:55,5784,17598,
711007773052559360,2016-03-19 02:53:57,3387,10968,
711035391302889472,2016-03-19 04:43:42,3072,11573,
711035814164230145,2016-03-19 04:45:23,2102,7264,
711040837036154880,2016-03-19 05:05:20,2216,8580,
711042337158340608,2016-03-19 05:11:18,2193,8123,
711046009992798208,2016-03-19 05:25:54,1896,6804,
711046719421550592,2016-03-19 05:28:43,2158,8423,
711049674782674947,2016-03-19 05:40:27,4980,13432,
711051718608326658,2016-03-19 05:48:35,1312,4779,
711084345356738560,2016-03-19 07:58:13,2606,8091,
711085025857372161,2016-03-19 08:00:56,3888,13273,
711087132052295680,2016-03-19 08:09:18,3832,9830,
711087670412185601,2016-03-19 08:11:26,2143,7664,
711088013560778752,2016-03-19 08:12:48,1881,7372,
711163293365198848,2016-03-19 13:11:56,2940,9317,
711164130384674816,2016-03-19 13:15:16,3036,10229,
711164424971661312,2016-03-19 13:16:26,2289,6764,
711175267599802368,2016-03-19 13:59:31,2899,8524,
711209246419845120,2016-03-19 16:14:32,2735,10374,
711209847702749184,2016-03-19 16:16:55,3612,14471,
711215886909050881,2016-03-19 16:40:55,5147,14416,
711218418775498752,2016-03-19 16:50:59,5545,16366,
711275596626665472,2016-03-19 20:38:11,7363,21575,
711349494701494272,2016-03-20 01:31:50,3474,11214,
711350170798178304,2016-03-20 01:34:31,2810,10454,
711353589394972674,2016-03-20 01:48:06,3993,12511,
711366483872522240,2016-03-20 02:39:20,4624,16065,
711388380668493824,2016-03-20 04:06:21,4579,13687,
711414965224259586,2016-03-20 05:51:59,4672,14567,
711418254556852224,2016-03-20 06:05:04,3547,14389,
711520501856866304,2016-03-20 12:51:21,1695,6588,
711521532149895168,2016-03-20 12:55:27,1868,7843,
711586556688146434,2016-03-20 17:13:50,14825,40545,
711626493626093573,2016-03-20 19:52:32,7024,19993,
711631122036293632,2016-03-20 20:10:55,6434,23222,
711638301111939072,2016-03-20 20:39:27,2810,10545,
711639836810203142,2016-03-20 20:45:33,3116,13249,
711653804983361536,2016-03-20 21:41:03,10674,30292,
711742734508421120,2016-03-21 03:34:26,4701,15213,
712235345287516160,2016-03-22 12:11:53,2999,8276,
712248639947730944,2016-03-22 13:04:43,15444,41745,
712291134991691777,2016-03-22 15:53:34,5086,17966,
712291375958659072,2016-03-22 15:54:32,10302,23567,
712300954775887876,2016-03-22 16:32:36,6888,22382,
712311921542873088,2016-03-22 17:16:10,6254,14809,
712343435387260928,2016-03-22 19:21:24,14595,39026,
712351366925180929,2016-03-22 19:52:55,2531,7461,
712354185988202496,2016-03-22 20:04:07,2078,6829,
712357352972939265,2016-03-22 20:16:42,2412,7383,
712357600621432832,2016-03-22 20:17:41,9699,25361,
712408960918265857,2016-03-22 23:41:46,9957,30299,
712457104515317764,2016-03-23 02:53:05,15381,33354,
712473816614772736,2016-03-23 03:59:29,11291,31430,
712481536470360064,2016-03-23 04:30:10,5993,18654,
712484978735448065,2016-03-23 04:43:50,5917,21895,
712490195778727936,2016-03-23 05:04:34,6494,22746,
712645789953167360,2016-03-23 15:22:51,6998,22195,
712709458187694080,2016-03-23 19:35:50,3634,12135,
712727046913462272,2016-03-23 20:45:44,4754,13557,
712728075532943361,2016-03-23 20:49:49,4512,15378,
712729040352882690,2016-03-23 20:53:39,9379,23662,
712729376207540226,2016-03-23 20:54:59,6148,19201,
712731263929618433,2016-03-23 21:02:29,4960,16345,
712748982531977216,2016-03-23 22:12:54,3463,14685,
712756995330281473,2016-03-23 22:44:44,4127,15593,
712782227747311616,2016-03-24 00:25:00,11031,26410,
712829601081384962,2016-03-24 03:33:15,3349,11849,
712837228272164864,2016-03-24 04:03:33,2525,8543,
712845229674668032,2016-03-24 04:35:21,2590,9164,
712850174838771712,2016-03-24 04:55:00,10016,22331,
712969068396093440,2016-03-24 12:47:26,4324,13027,
712972000927551488,2016-03-24 12:59:06,4533,12134,
712997502769872897,2016-03-24 14:40:26,2556,8501,
713003045827780609,2016-03-24 15:02:27,2639,9324,
713004219234709505,2016-03-24 15:07:07,3258,9489,
713006012085760001,2016-03-24 15:14:14,4273,12758,
713006944047534081,2016-03-24 15:17:57,5024,13866,
713012045214531584,2016-03-24 15:38:13,6292,18930,
713012937787588609,2016-03-24 15:41:46,4710,14687,
713014127061544961,2016-03-24 15:46:29,5135,12976,
713025973751529472,2016-03-24 16:33:34,2958,12106,
713027407742177280,2016-03-24 16:39:16,3801,15235,
713029867810463744,2016-03-24 16:49:02,2226,8369,
713030660475240448,2016-03-24 16:52:11,8004,19333,
713031504415338497,2016-03-24 16:55:32,8370,21458,
713032429297078274,2016-03-24 16:59:13,2636,6398,
713033155989610496,2016-03-24 17:02:06,3393,8831,
713066424563052544,2016-03-24 19:14:18,7130,18557,
713120275299229697,2016-03-24 22:48:17,7051,23011,
713131098969083904,2016-03-24 23:31:17,8057,23604,
713133907567329285,2016-03-24 23:42:27,9126,28313,
713471400082874368,2016-03-25 22:03:32,4915,14182,
713556905550069761,2016-03-26 03:43:18,5207,15117,
713558033129930752,2016-03-26 03:47:47,3374,11206,
713558941662322688,2016-03-26 03:51:23,4248,9396,
713675903797174272,2016-03-26 11:36:09,2239,7363,
713676890750509056,2016-03-26 11:40:04,6585,15993,
713687943278424064,2016-03-26 12:24:00,4352,12160,
713747213801938946,2016-03-26 16:19:31,10743,26922,
713803130417324032,2016-03-26 20:01:42,6665,19992,
713806176274804736,2016-03-26 20:13:48,5551,16997,
713807872388440069,2016-03-26 20:20:33,8093,23440,
713809729764589568,2016-03-26 20:27:56,5343,16595,
713820823665119232,2016-03-26 21:12:01,7799,25515,
713821835402616833,2016-03-26 21:16:02,9210,30160,
714075020113240066,2016-03-27 15:02:06,2121,8800,
714093135857631232,2016-03-27 16:14:05,3296,11661,
714095595888238592,2016-03-27 16:23:51,5557,16066,
714175472557424640,2016-03-27 21:41:16,7900,28096,
714189569793646597,2016-03-27 22:37:17,9499,23500,
714194279409848320,2016-03-27 22:55:59,4782,15024,
714198237675003904,2016-03-27 23:11:43,8760,23963,
714214633016573953,2016-03-28 00:16:52,6212,12347,
714260201927520256,2016-03-28 03:17:57,6134,19287,
714264864575922177,2016-03-28 03:36:28,2751,7470,
714411420104925184,2016-03-28 13:18:50,3011,12312,
714423264039317505,2016-03-28 14:05:54,3152,10937,
714463489503404032,2016-03-28 16:45:44,3640,7320,
714503667261562880,2016-03-28 19:25:23,7815,17911,
714577392367443970,2016-03-29 00:18:21,3784,11049,
714578358022090752,2016-03-29 00:22:11,3097,8822,
714581379351252996,2016-03-29 00:34:11,5082,13715,
714581499362803713,2016-03-29 00:34:40,2398,8511,
714591260791713792,2016-03-29 01:13:27,3785,12097,
714617467839111173,2016-03-29 02:57:35,4317,14644,
714619106151030784,2016-03-29 03:04:06,4628,15559,
714619931938197504,2016-03-29 03:07:23,8242,21217,
714807977052610569,2016-03-29 15:34:36,4822,16980,
714818473382248448,2016-03-29 16:16:19,6530,21163,
714825845504942080,2016-03-29 16:45:37,3813,11088,
714855025055514624,2016-03-29 18:41:33,5400,15005,
714855791199719424,2016-03-29 18:44:36,4674,12584,
714891184867508224,2016-03-29 21:05:15,9323,24055,
714894618333212675,2016-03-29 21:18:53,5642,12415,
714898756420939780,2016-03-29 21:35:20,11406,24563,
714899439706574848,2016-03-29 21:38:03,5237,11963,
714911110575562753,2016-03-29 22:24:25,4703,12606,
714925079247847424,2016-03-29 23:19:56,2896,9094,
714926538714660866,2016-03-29 23:25:44,6001,15403,
714967208439451650,2016-03-30 02:07:20,7283,21154,
715013260462960642,2016-03-30 05:10:20,3618,11591,
715216002347360256,2016-03-30 18:35:57,6025,15651,
715223526635094016,2016-03-30 19:05:51,6533,15869,
715286909824663552,2016-03-30 23:17:43,4224,12370,
715291320563146752,2016-03-30 23:35:14,5349,14610,
715369991214866432,2016-03-31 04:47:51,3950,13180,
715372505486245888,2016-03-31 04:57:50,5076,12179,
715536209385115649,2016-03-31 15:48:20,5475,13568,
715616148335759360,2016-03-31 21:05:59,7720,22368,
715636703369691136,2016-03-31 22:27:40,4739,11839,
715664091893731329,2016-04-01 00:16:30,4690,12797,
715668280153911296,2016-04-01 00:33:09,4254,11492,
715725628465680386,2016-04-01 04:21:02,6091,13804,
715756428447858688,2016-04-01 06:23:25,4742,13981,
715758039836594176,2016-04-01 06:29:49,4394,12852,
715907761926750208,2016-04-01 16:24:46,6161,16806,
715907894584197120,2016-04-01 16:25:17,11060,29974,
715973328868085761,2016-04-01 20:45:18,3236,8705,
715980291672829953,2016-04-01 21:12:58,4201,10108,
716019755682045952,2016-04-01 23:49:47,6294,13741,
716020373045841920,2016-04-01 23:52:14,5159,13847,
716031548382773248,2016-04-02 00:36:39,3315,10264,
716078699175682053,2016-04-02 03:44:00,5431,19483,
716085112610426880,2016-04-02 04:09:29,3486,12476,
716088246258651136,2016-04-02 04:21:56,5733,17080,
716222480738869248,2016-04-02 13:15:20,6939,20269,
716344003789266944,2016-04-02 21:18:14,3387,8093,
716359318828769280,2016-04-02 22:19:05,4246,11742,
716362171404435458,2016-04-02 22:30:25,3271,11088,
716362367119069185,2016-04-02 22:31:12,4111,11777,
716412682581053440,2016-04-03 01:51:08,4148,12331,
716462678802345984,2016-04-03 05:09:48,2312,7563,
716464023273910273,2016-04-03 05:15:09,4137,12822,
716590192413507584,2016-04-03 13:36:30,2312,7761,
716600252934041601,2016-04-03 14:16:28,1872,6817,
716620675071537152,2016-04-03 15:37:37,2102,6887,
716621438535471104,2016-04-03 15:40:39,5712,10998,
716621639564324865,2016-04-03 15:41:27,2185,6157,
716622947901915136,2016-04-03 15:46:39,4894,13210,
716639648873844740,2016-04-03 16:53:01,4143,11439,
716683752227913728,2016-04-03 19:48:16,5156,13367,
716688097237458945,2016-04-03 20:05:32,3473,10203,
716727859876917248,2016-04-03 22:43:32,3050,8549,
716774329837420544,2016-04-04 01:48:11,1886,7719,
716780878777556994,2016-04-04 02:14:13,2293,9787,
716811670031581185,2016-04-04 04:16:34,4186,11887,
716826069777645568,2016-04-04 05:13:47,4506,15335,
717027537990365186,2016-04-04 18:34:21,2766,8922,
717050067840929792,2016-04-04 20:03:52,1722,6098,
717088318068891648,2016-04-04 22:35:52,3197,9902,
717092823326064640,2016-04-04 22:53:46,3781,10572,
717096171068661761,2016-04-04 23:07:04,3201,9772,
717140417469349888,2016-04-05 02:02:54,10288,18570,
717158349008011264,2016-04-05 03:14:09,2459,8952,
717170068430397440,2016-04-05 04:00:43,3160,9346,
717189147497091072,2016-04-05 05:16:32,5980,15686,
717192412213420032,2016-04-05 05:29:30,6503,14030,
717321031321432064,2016-04-05 14:00:35,7998,17755,
717395599633563648,2016-04-05 18:56:54,3926,12656,
717400207898591232,2016-04-05 19:15:12,2820,7728,
717433113882787840,2016-04-05 21:25:58,2856,7196,
717483825446707200,2016-04-06 00:47:28,3427,10184,
717753959176396801,2016-04-06 18:40:53,6128,21698,
717872177782124545,2016-04-07 02:30:39,2633,9018,
717872274569822208,2016-04-07 02:31:02,6508,23885,
717910383491751936,2016-04-07 05:02:28,5595,15350,
718159369033162752,2016-04-07 21:31:50,4949,12453,
718259314197164034,2016-04-08 04:08:59,3176,9441,
718268624012754944,2016-04-08 04:45:59,6251,14829,
718268906176122881,2016-04-08 04:47:06,2493,8040,
718269255872081922,2016-04-08 04:48:30,8260,20916,
718269634814865410,2016-04-08 04:50:00,2241,6956,
718408900375154688,2016-04-08 14:03:23,3874,15248,
718409541273194497,2016-04-08 14:05:56,2400,7084,
718410250437705729,2016-04-08 14:08:45,2019,6297,
718410936562925568,2016-04-08 14:11:29,3507,9081,
718516815782088704,2016-04-08 21:12:12,2905,7646,
718518072861192192,2016-04-08 21:17:12,4882,10138,
718530443272970240,2016-04-08 22:06:21,3410,9388,
718546390390071296,2016-04-08 23:09:44,2651,7008,
718617242422939649,2016-04-09 03:51:16,3741,10188,
718618061683703808,2016-04-09 03:54:31,3493,10806,
718626552704077824,2016-04-09 04:28:16,1660,5407,
718627523417010178,2016-04-09 04:32:07,3007,9224,
718627776178360323,2016-04-09 04:33:07,1800,6635,
718628272188309505,2016-04-09 04:35:06,2800,9143,
718632666057285632,2016-04-09 04:52:33,2342,7967,
718634255107166208,2016-04-09 04:58:52,1536,6075,
718636301587771392,2016-04-09 05:07:00,7622,24332,
718761006068051968,2016-04-09 13:22:32,8801,25919,
718766507199766528,2016-04-09 13:44:24,4279,13269,
718771185757077504,2016-04-09 14:02:59,4771,13030,
718913705111613440,2016-04-09 23:29:18,5583,18115,
718992948193570816,2016-04-10 04:44:11,1848,4618,
718993345197027328,2016-04-10 04:45:46,5159,13992,
718993739348361216,2016-04-10 04:47:20,1779,5250,
718996943100375040,2016-04-10 05:00:04,2201,6886,
718997528923021312,2016-04-10 05:02:23,2303,7290,
718997676747067392,2016-04-10 05:02:59,2847,8703,
718998170315976708,2016-04-10 05:04:56,3008,8644,
718998304810512385,2016-04-10 05:05:28,3752,10369,
718999512283484160,2016-04-10 05:10:16,4299,10971,
719001329759363072,2016-04-10 05:17:30,2209,7276,
719124172903997441,2016-04-10 13:25:38,1772,5899,
719125225728827396,2016-04-10 13:29:49,3054,7365,
719158083684069376,2016-04-10 15:40:23,4426,12287,
719159990834081794,2016-04-10 15:47:57,8399,22586,
719244517929578496,2016-04-10 21:23:50,2945,7187,
719321288301486081,2016-04-11 02:28:54,8713,23734,
719326834538778625,2016-04-11 02:50:56,9451,22616,
719476340576100353,2016-04-11 12:45:01,1302,6182,
719484455556161538,2016-04-11 13:17:16,3355,8917,
719484713182838784,2016-04-11 13:18:17,2071,7571,
719484822834581504,2016-04-11 13:18:43,1676,6753,
719500540657459201,2016-04-11 14:21:11,1929,6937,
719548022871482370,2016-04-11 17:29:51,5934,12546,
719626295248863232,2016-04-11 22:40:53,4327,7316,
719630780499128320,2016-04-11 22:58:42,3609,9685,
719630850716000257,2016-04-11 22:58:59,2840,11384,
719648132225699840,2016-04-12 00:07:39,3156,7385,
719658640848723968,2016-04-12 00:49:25,2055,6900,
719662034573504517,2016-04-12 01:02:54,2355,6695,
719699403435585537,2016-04-12 03:31:23,4487,12246,
719830679765270528,2016-04-12 12:13:02,5190,13557,
719918725936373761,2016-04-12 18:02:54,5182,15975,
719920610210615296,2016-04-12 18:10:23,6178,16165,
720012484174811136,2016-04-13 00:15:28,3290,10276,
720097594207268864,2016-04-13 05:53:39,2260,10124,
720116836617072641,2016-04-13 07:10:07,2898,8806,
720117231821156352,2016-04-13 07:11:41,3170,9244,
720247344197820416,2016-04-13 15:48:43,3071,8650,
720417893696040960,2016-04-14 03:06:25,2816,9831,
720458178698338304,2016-04-14 05:46:29,5720,14644,
720460065958989827,2016-04-14 05:53:59,5688,16704,
720464540375375873,2016-04-14 06:11:46,5880,14391,
720473496187498496,2016-04-14 06:47:21,3991,12267,
720671808861696003,2016-04-14 19:55:23,3041,7485,
720821603064524800,2016-04-15 05:50:37,4478,10494,
721083678387003396,2016-04-15 23:12:00,4706,13011,
721093904527925249,2016-04-15 23:52:38,3196,9367,
721140843525050369,2016-04-16 02:59:09,1903,5320,
721144689647316992,2016-04-16 03:14:26,1859,7010,
721144953192247296,2016-04-16 03:15:29,4383,13778,
721145563970936833,2016-04-16 03:17:55,1378,4825,
721306189867413504,2016-04-16 13:56:11,2267,7512,
721307257472999424,2016-04-16 14:00:26,2152,8210,
721344559205244928,2016-04-16 16:28:39,2280,6287,
721371631118127104,2016-04-16 18:16:13,3588,14033,
721401779276144640,2016-04-16 20:16:01,1952,5888,
721450040552722433,2016-04-16 23:27:48,2950,7425,
721450217384579076,2016-04-16 23:28:30,4572,12343,
721450634520584192,2016-04-16 23:30:09,3281,8755,
721458878622363648,2016-04-17 00:02:55,1819,5948,
721485578278203397,2016-04-17 01:49:01,2251,8567,
721491758236962816,2016-04-17 02:13:34,2557,6979,
721495328097042432,2016-04-17 02:27:45,4335,11378,
721531225916223488,2016-04-17 04:50:24,4825,10994,
721691854849318912,2016-04-17 15:28:41,3157,10231,
721693297429901312,2016-04-17 15:34:25,3670,11941,
721694330805755904,2016-04-17 15:38:31,5435,16334,
721695114943442946,2016-04-17 15:41:38,7838,23846,
721708342838747136,2016-04-17 16:34:12,8010,24333,
721805701325172736,2016-04-17 23:01:04,4827,12177,
721836860356628482,2016-04-18 01:04:53,5650,15456,
721987186732703744,2016-04-18 11:02:13,3027,8915,
722016321119121409,2016-04-18 12:58:00,4306,13159,
722017428520243201,2016-04-18 13:02:24,4013,13060,
722120138057740288,2016-04-18 19:50:31,3302,9433,
722181629528141824,2016-04-18 23:54:52,5940,14655,
722264735966748672,2016-04-19 05:25:06,7172,14553,
722266479660556289,2016-04-19 05:32:02,3087,9185,
722379509060788224,2016-04-19 13:01:10,1253,5885,
722397728475582465,2016-04-19 14:13:34,5432,14624,
722443916742639617,2016-04-19 17:17:06,1754,5886,
722455189911953409,2016-04-19 18:01:54,2481,6049,
722471042367778816,2016-04-19 19:04:54,2435,6849,
722483180826181633,2016-04-19 19:53:08,5888,12112,
722489659117420544,2016-04-19 20:18:52,5661,11149,
722501079297048576,2016-04-19 21:04:15,4321,9192,
722511721257181184,2016-04-19 21:46:32,5566,12648,
722528613690654724,2016-04-19 22:53:40,1832,5858,
722545371809980417,2016-04-20 00:00:15,2892,8034,
722573028677304320,2016-04-20 01:50:09,2128,7450,
722573329400520704,2016-04-20 01:51:21,3302,12414,
722576418752892928,2016-04-20 02:03:37,2518,8294,
722589315923054592,2016-04-20 02:54:52,3523,12878,
722592772096724997,2016-04-20 03:08:36,8390,21310,
722626421231890432,2016-04-20 05:22:19,5351,18252,
722628702748688385,2016-04-20 05:31:23,4525,12355,
722635529708285952,2016-04-20 05:58:30,3255,9381,
722767517349978112,2016-04-20 14:42:59,8416,23643,
722802795720634368,2016-04-20 17:03:10,3828,12517,
722818508665454593,2016-04-20 18:05:36,2355,6521,
722920297393995776,2016-04-21 00:50:04,4275,12340,
722967660833722369,2016-04-21 03:58:17,4585,15244,
722967703313612802,2016-04-21 03:58:27,4374,13282,
722974716395425793,2016-04-21 04:26:19,3415,10485,
723092613457448960,2016-04-21 12:14:48,2213,10043,
723094439485399040,2016-04-21 12:22:03,8126,22544,
723266899275091969,2016-04-21 23:47:21,7302,21467,
723274222907301888,2016-04-22 00:16:27,7030,19219,
723526822424678400,2016-04-22 17:00:11,5760,22694,
723565939162275840,2016-04-22 19:35:37,4698,13138,
723637770758033409,2016-04-23 00:21:03,2934,9269,
723655961999736833,2016-04-23 01:33:20,3901,10264,
723663455748763649,2016-04-23 02:03:07,3701,10924,
723682291843780608,2016-04-23 03:17:58,3359,9586,
723853244238278656,2016-04-23 14:37:16,3662,11369,
723873688001589249,2016-04-23 15:58:30,6658,13932,
723885342743494659,2016-04-23 16:44:49,2822,7584,
723906843865698306,2016-04-23 18:10:15,2341,7772,
723956432991850498,2016-04-23 21:27:18,2092,6814,
723957355495473152,2016-04-23 21:30:58,2814,7869,
723972167893966848,2016-04-23 22:29:50,3739,13027,
724039081420808192,2016-04-24 02:55:43,3554,12219,
724050713953861632,2016-04-24 03:41:57,2552,9756,
724052308661772288,2016-04-24 03:48:17,3974,13715,
724055614498955265,2016-04-24 04:01:25,2192,7505,
724236172181049344,2016-04-24 15:58:53,1399,5409,
724236857777762304,2016-04-24 16:01:37,3035,10391,
724237406837334016,2016-04-24 16:03:48,3902,9620,
724237889886904320,2016-04-24 16:05:43,3189,9176,
724409389570994176,2016-04-25 03:27:12,3841,12394,
724442801933565952,2016-04-25 05:39:58,9949,24793,
724445148910915584,2016-04-25 05:49:17,6775,19452,
724567219062059008,2016-04-25 13:54:21,6672,18119,
724568416338759680,2016-04-25 13:59:06,5964,15910,
724633058398375936,2016-04-25 18:15:58,4197,11995,
724633177692725254,2016-04-25 18:16:27,2954,10244,
724718355102478336,2016-04-25 23:54:55,2351,7152,
724721256969441280,2016-04-26 00:06:26,2746,7973,
724722427297673217,2016-04-26 00:11:06,6588,17128,
724772013219405824,2016-04-26 03:28:08,4067,9461,
724778089830580224,2016-04-26 03:52:16,4148,11196,
724911563405189121,2016-04-26 12:42:39,4523,14557,
724942956306771968,2016-04-26 14:47:24,3478,9003,
724954532522917888,2016-04-26 15:33:24,3588,8874,
724993336000532480,2016-04-26 18:07:35,9666,25714,
724996031033806849,2016-04-26 18:18:18,3614,11060,
725017409132855296,2016-04-26 19:43:15,2351,8452,
725022169806327808,2016-04-26 20:02:10,2400,7213,
725022546328969216,2016-04-26 20:03:39,1971,6128,
725022988026925058,2016-04-26 20:05:25,2057,6876,
725024671293423616,2016-04-26 20:12:06,2022,6273,
725024710086524929,2016-04-26 20:12:15,2368,7392,
725050631250173952,2016-04-26 21:55:15,6458,17602,
725114320993017858,2016-04-27 02:08:20,5715,15947,
725115824206450688,2016-04-27 02:14:19,6880,18611,
725116992907259904,2016-04-27 02:18:57,5013,15728,
725119398881665026,2016-04-27 02:28:31,4833,15747,
725128021473132546,2016-04-27 03:02:47,4474,14701,
725377800954220545,2016-04-27 19:35:19,1895,6728,
725378591567941632,2016-04-27 19:38:27,3006,9351,
725380639269228544,2016-04-27 19:46:35,2135,7676,
725392976525037570,2016-04-27 20:35:37,4134,11798,
725396879723384832,2016-04-27 20:51:08,7862,16797,
725419855265026048,2016-04-27 22:22:25,4021,13042,
725448150547349504,2016-04-28 00:14:51,2140,7139,
725501700933586946,2016-04-28 03:47:39,4741,13679,
725502314736422918,2016-04-28 03:50:05,2989,9190,
725524257883697152,2016-04-28 05:17:17,4743,18953,
725532457756405760,2016-04-28 05:49:52,3774,14439,
725535327927042048,2016-04-28 06:01:16,2258,9511,
725636069010579457,2016-04-28 12:41:35,3886,14466,
725637460504510464,2016-04-28 12:47:06,1297,6388,
725648706385633280,2016-04-28 13:31:48,4848,16048,
725659482819297280,2016-04-28 14:14:37,3212,10699,
725677423195512833,2016-04-28 15:25:54,4720,14156,
725722027173249024,2016-04-28 18:23:09,3980,12066,
725796339255267328,2016-04-28 23:18:26,3844,11078,
725817204743217152,2016-04-29 00:41:21,3707,10201,
725824909151199232,2016-04-29 01:11:58,3878,10472,
725847301172776960,2016-04-29 02:40:56,3374,11897,
725899554273423360,2016-04-29 06:08:34,3688,10143,
725903475133947904,2016-04-29 06:24:09,8659,26841,
726008645473824768,2016-04-29 13:22:04,4870,16007,
726045073775828992,2016-04-29 15:46:49,8546,21998,
726079789182808065,2016-04-29 18:04:46,6602,17261,
726115856053211136,2016-04-29 20:28:05,10422,28126,
726246693759496192,2016-04-30 05:07:59,2590,10951,
726403534380478464,2016-04-30 15:31:13,10458,29848,
726439344072962049,2016-04-30 17:53:30,3260,7401,
726461507601612800,2016-04-30 19:21:35,6917,19295,
726514136838975494,2016-04-30 22:50:42,3766,10249,
726555060306595841,2016-05-01 01:33:19,2174,8420,
726609734653104129,2016-05-01 05:10:35,4845,15145,
726773001430163456,2016-05-01 15:59:20,5462,14627,
726800215718645760,2016-05-01 17:47:29,3594,11513,
726806071210303488,2016-05-01 18:10:45,2416,8883,
726810772555350016,2016-05-01 18:29:26,2579,10257,
726865339947073536,2016-05-01 22:06:16,3151,10480,
726886198027935745,2016-05-01 23:29:09,3303,11800,
726886687276699648,2016-05-01 23:31:05,5202,15533,
726918444931776512,2016-05-02 01:37:17,3360,9558,
727085972278677504,2016-05-02 12:42:59,1434,5926,
727093442325680128,2016-05-02 13:12:40,4541,13566,
727095549703364608,2016-05-02 13:21:02,4214,13313,
727137190967435265,2016-05-02 16:06:30,9008,24580,
727142563010891776,2016-05-02 16:27:51,3635,13944,
727169840776118272,2016-05-02 18:16:14,9505,24317,
727225626575421440,2016-05-02 21:57:55,9093,22907,
727252046286450689,2016-05-02 23:42:54,2559,8219,
727253907567726592,2016-05-02 23:50:17,3801,10882,
727255495996788743,2016-05-02 23:56:36,2156,7147,
727262413968519168,2016-05-03 00:24:06,2336,8973,
727319608663875585,2016-05-03 04:11:22,3577,10834,
727458676211113984,2016-05-03 13:23:58,3745,10419,
727503555083558912,2016-05-03 16:22:18,2696,7608,
727518466891239424,2016-05-03 17:21:33,3461,10607,
727521055728885761,2016-05-03 17:31:51,3310,9559,
727540765765828609,2016-05-03 18:50:10,4328,10411,
727565652253392897,2016-05-03 20:29:03,4387,11198,
727634574298255361,2016-05-04 01:02:55,7564,22634,
727636035149139968,2016-05-04 01:08:44,5792,21669,
727637487871479808,2016-05-04 01:14:30,9339,25605,
727643544190636034,2016-05-04 01:38:34,9824,33742,
727709529358671873,2016-05-04 06:00:46,2967,12023,
727791165341356032,2016-05-04 11:25:10,6665,21743,
727796025247846400,2016-05-04 11:44:28,10886,25868,
727801034551087104,2016-05-04 12:04:23,1222,6473,
727802350061158400,2016-05-04 12:09:36,1367,7301,
727803179816062976,2016-05-04 12:12:54,1661,8268,
727898352965259268,2016-05-04 18:31:05,3826,11280,
728230182981611520,2016-05-05 16:29:40,2886,10259,
728292625850208256,2016-05-05 20:37:47,1867,6598,
728297587418247168,2016-05-05 20:57:30,91711,133077,
728305900415533056,2016-05-05 21:30:32,10102,29442,
728365792077742080,2016-05-06 01:28:31,2934,7544,
728403179214376960,2016-05-06 03:57:05,8435,23033,
728423832848044032,2016-05-06 05:19:09,5500,15129,
728528466765844480,2016-05-06 12:14:56,6019,18350,
728529524468682754,2016-05-06 12:19:08,5638,19139,
728552471677775872,2016-05-06 13:50:19,2178,7865,
728557074163060736,2016-05-06 14:08:37,11830,35644,
728564631313190912,2016-05-06 14:38:38,8481,24760,
728617415332999171,2016-05-06 18:08:23,6915,20578,
728646402985869312,2016-05-06 20:03:34,3281,10601,
728651908563517440,2016-05-06 20:25:27,3549,9036,
728691238166220801,2016-05-06 23:01:44,2837,7489,
728725020109877248,2016-05-07 01:15:58,6943,21262,
728725098409164801,2016-05-07 01:16:17,5121,14994,
728725179074023425,2016-05-07 01:16:36,5571,16114,
728739851823153152,2016-05-07 02:14:54,6201,17467,
728740257512992768,2016-05-07 02:16:31,7113,19213,
728777556804153346,2016-05-07 04:44:44,5875,17981,
728777599560892416,2016-05-07 04:44:54,5933,18542,
728971726533578753,2016-05-07 17:36:17,2327,7237,
728974420807581696,2016-05-07 17:47:00,5731,16824,
728976091428233216,2016-05-07 17:53:38,6326,19104,
729004564075012096,2016-05-07 19:46:46,8315,22639,
729121112148353025,2016-05-08 03:29:54,2394,9193,
729188558200786944,2016-05-08 07:57:54,3291,10839,
729291290848956416,2016-05-08 14:46:07,4383,14387,
729301192325668864,2016-05-08 15:25:28,1433,6497,
729301847031349250,2016-05-08 15:28:04,1419,6733,
729332727665790976,2016-05-08 17:30:47,2773,9666,
729404337164783617,2016-05-08 22:15:20,7538,21665,
729492093522067456,2016-05-09 04:04:03,1413,6242,
729604845716516864,2016-05-09 11:32:05,6614,18950,
729605529417465856,2016-05-09 11:34:48,995,4396,
729609208853897216,2016-05-09 11:49:25,1213,4317,
729613336191586304,2016-05-09 12:05:49,1951,6175,
729618676748570625,2016-05-09 12:27:02,1053,4738,
729621735717351424,2016-05-09 12:39:12,2985,8911,
729633186913882113,2016-05-09 13:24:42,1425,5616,
729635334116544512,2016-05-09 13:33:14,1005,4656,
729643519846055936,2016-05-09 14:05:45,1661,6012,
729645861089775616,2016-05-09 14:15:04,3016,8486,
729646520568524802,2016-05-09 14:17:41,3655,7846,
729690751781748736,2016-05-09 17:13:26,2523,5951,
729691263092543488,2016-05-09 17:15:28,2651,6245,
729716712124362754,2016-05-09 18:56:36,4984,15429,
729717006749052928,2016-05-09 18:57:46,4147,14230,
729717317467246592,2016-05-09 18:59:00,4611,14934,
729722941521469442,2016-05-09 19:21:21,5651,16918,
729775453704179713,2016-05-09 22:50:01,3286,8570,
729857410446336000,2016-05-10 04:15:41,4454,13092,
729979461404340224,2016-05-10 12:20:40,4021,10992,
729981270328000512,2016-05-10 12:27:51,3889,11308,
729997397884047360,2016-05-10 13:31:57,1951,7283,
730018836808933376,2016-05-10 14:57:08,6627,17080,
730034041760690176,2016-05-10 15:57:33,2577,8100,
730035627945775104,2016-05-10 16:03:51,5233,16926,
730054583700078592,2016-05-10 17:19:11,2846,7487,
730054891897536514,2016-05-10 17:20:24,3591,9031,
730059920280793088,2016-05-10 17:40:23,2384,6573,
730069558132932609,2016-05-10 18:18:41,4437,16362,
730083435147055104,2016-05-10 19:13:49,2754,9388,
730089913778065408,2016-05-10 19:39:34,4009,9915,
730118084040724482,2016-05-10 21:31:30,9033,24865,
730187041825120257,2016-05-11 02:05:31,5958,17863,
730201866416607233,2016-05-11 03:04:26,5498,16197,
730342411835195393,2016-05-11 12:22:54,4749,15854,
730343346204508160,2016-05-11 12:26:37,8589,27124,
730401662574182405,2016-05-11 16:18:21,4453,14173,
730445388856098817,2016-05-11 19:12:06,3798,12233,
730453302287142913,2016-05-11 19:43:33,3248,9970,
730474838012366849,2016-05-11 21:09:07,4123,12084,
730477118786801669,2016-05-11 21:18:11,3486,11028,
730482068753424385,2016-05-11 21:37:51,4659,14685,
730488544700010496,2016-05-11 22:03:35,3799,11408,
730493295550468096,2016-05-11 22:22:28,3105,9985,
730498173492445184,2016-05-11 22:41:51,8084,23078,
730500562022760448,2016-05-11 22:51:20,4420,13422,
730504511291265024,2016-05-11 23:07:02,4673,14433,
730823012463742976,2016-05-12 20:12:38,7117,25237,
730840541248819203,2016-05-12 21:22:18,3952,13316,
730948897435176961,2016-05-13 04:32:52,5002,20406,
731192363809394688,2016-05-13 20:40:19,6265,14439,
731220438530052096,2016-05-13 22:31:52,5977,14630,
731288678451019776,2016-05-14 03:03:02,9707,27949,
731501778873749505,2016-05-14 17:09:49,10708,27899,
731503361774768129,2016-05-14 17:16:06,6979,21576,
731666958979112960,2016-05-15 04:06:11,3581,9691,
731798661580111872,2016-05-15 12:49:31,1874,6482,
731800205188796419,2016-05-15 12:55:39,3247,10926,
731801374325776384,2016-05-15 13:00:18,2070,7243,
731801917379219456,2016-05-15 13:02:27,1973,6544,
731802331923263488,2016-05-15 13:04:06,4074,11674,
731804642368212992,2016-05-15 13:13:17,4265,13760,
731805070669557761,2016-05-15 13:14:59,2874,9625,
731805331425218560,2016-05-15 13:16:01,2968,9287,
731809410578808832,2016-05-15 13:32:14,7024,18308,
731923681522397184,2016-05-15 21:06:18,4242,13871,
731924988060651520,2016-05-15 21:11:30,3841,11535,
731928825500717057,2016-05-15 21:26:45,7313,20313,
731959001143988229,2016-05-15 23:26:39,4174,13822,
732019210185003009,2016-05-16 03:25:54,5088,13263,
732033604709191680,2016-05-16 04:23:06,8011,20286,
732148805118885889,2016-05-16 12:00:52,8071,22420,
732163930236260352,2016-05-16 13:00:58,3628,10733,
732196260636151808,2016-05-16 15:09:26,3749,11120,
732197065820913668,2016-05-16 15:12:38,3962,11723,
732200012457906176,2016-05-16 15:24:21,3477,11061,
732230384071680001,2016-05-16 17:25:02,4800,13939,
732274340188852224,2016-05-16 20:19:42,2670,6872,
732327433957953537,2016-05-16 23:50:40,3324,8017,
732333025325928448,2016-05-17 00:12:53,2974,9813,
732333137326444544,2016-05-17 00:13:20,3279,10132,
732333383024582661,2016-05-17 00:14:19,4155,11846,
732333772587302912,2016-05-17 00:15:52,3862,11260,
732377163505225728,2016-05-17 03:08:17,8202,20780,
732417001965137920,2016-05-17 05:46:35,3378,10864,
732421072037892101,2016-05-17 06:02:45,2641,8326,
732430605548437504,2016-05-17 06:40:38,3149,8481,
732533409285865473,2016-05-17 13:29:09,7093,18167,
732535400498143232,2016-05-17 13:37:03,4156,11673,
732537744195522560,2016-05-17 13:46:22,3106,9834,
732539159659859968,2016-05-17 13:52:00,3466,9994,
732540713678819328,2016-05-17 13:58:10,12303,31718,
732549197539446784,2016-05-17 14:31:53,3137,10244,
732570904094347265,2016-05-17 15:58:08,2438,6074,
732575682367258624,2016-05-17 16:17:07,4453,12288,
732576889538260992,2016-05-17 16:21:55,7179,19168,
732592935980695558,2016-05-17 17:25:41,2789,10835,
732681922644725760,2016-05-17 23:19:17,4531,18490,
732716604027502592,2016-05-18 01:37:06,3079,10275,
732717975090909185,2016-05-18 01:42:33,2182,7025,
732719796077383680,2016-05-18 01:49:47,1375,5673,
732724066122104832,2016-05-18 02:06:45,902,4123,
732726105837277184,2016-05-18 02:14:51,844,4095,
732726338147258370,2016-05-18 02:15:47,855,3965,
732729090696957954,2016-05-18 02:26:43,1303,6038,
732729332917997568,2016-05-18 02:27:41,1246,4687,
732729619061821440,2016-05-18 02:28:49,1403,5073,
732729747336269824,2016-05-18 02:29:19,871,4500,
732730463735943169,2016-05-18 02:32:10,1256,4935,
732730584695463936,2016-05-18 02:32:39,911,4428,
732730840162144256,2016-05-18 02:33:40,1377,5816,
732731153556312064,2016-05-18 02:34:55,881,4077,
732731343503790080,2016-05-18 02:35:40,984,4427,
732731735897702400,2016-05-18 02:37:13,1425,5171,
732732606765240321,2016-05-18 02:40:41,848,4311,
732732712268746753,2016-05-18 02:41:06,958,4375,
732732783605469184,2016-05-18 02:41:23,867,4123,
732733059955601408,2016-05-18 02:42:29,1028,4618,
732733300763037696,2016-05-18 02:43:27,844,4066,
732733386041647104,2016-05-18 02:43:47,1072,4688,
732733747586469888,2016-05-18 02:45:13,1207,5365,
732734199678050304,2016-05-18 02:47:01,1188,4772,
732734411398119424,2016-05-18 02:47:51,871,4370,
732734623285927936,2016-05-18 02:48:42,991,4722,
732735764585406465,2016-05-18 02:53:14,2105,7612,
732736485661769732,2016-05-18 02:56:06,1524,6236,
732736605954428933,2016-05-18 02:56:35,774,4219,
732736781351849989,2016-05-18 02:57:16,949,5369,
732738568725094402,2016-05-18 03:04:23,3366,13500,
732746916337975296,2016-05-18 03:37:33,1768,6173,
732749934903087104,2016-05-18 03:49:32,3689,10918,
732751047022628865,2016-05-18 03:53:58,6649,18587,
732756302447968257,2016-05-18 04:14:51,1846,6396,
732762160842039296,2016-05-18 04:38:07,2613,8375,
732762774745559041,2016-05-18 04:40:34,3035,8795,
732762977825349632,2016-05-18 04:41:22,3098,8590,
732771469281927169,2016-05-18 05:15:07,4194,13120,
732773906889736192,2016-05-18 05:24:48,5468,18883,
732779353566760960,2016-05-18 05:46:26,3521,10160,
732783552513880064,2016-05-18 06:03:08,2589,8345,
732788306237345794,2016-05-18 06:22:01,4064,11068,
732893573365010432,2016-05-18 13:20:19,7151,20061,
732973805354819586,2016-05-18 18:39:07,2954,9277,
732988705531650048,2016-05-18 19:38:20,3581,11839,
732990965426888705,2016-05-18 19:47:19,4133,12719,
733073344661061632,2016-05-19 01:14:39,4119,10697,
733113480207798272,2016-05-19 03:54:08,3919,13626,
733128160603168768,2016-05-19 04:52:29,3929,14095,
733242745385537536,2016-05-19 12:27:48,10574,30624,
733348895615528960,2016-05-19 19:29:36,4337,15003,
733380950059581440,2016-05-19 21:36:58,4262,10890,
733593259423862785,2016-05-20 11:40:37,4623,14512,
733594906447372292,2016-05-20 11:47:09,4001,12359,
733597831261499392,2016-05-20 11:58:47,5015,14709,
733600358501625857,2016-05-20 12:08:49,5166,15774,
733604767612710912,2016-05-20 12:26:20,5328,17268,
733666112563519489,2016-05-20 16:30:06,1792,5304,
733677446235623425,2016-05-20 17:15:08,2323,6726,
733682878278696960,2016-05-20 17:36:44,5517,9962,
733691067829215232,2016-05-20 18:09:16,4103,13289,
733691591198703616,2016-05-20 18:11:21,3150,10271,
733750845280522242,2016-05-20 22:06:48,6558,15124,
733778244076507136,2016-05-20 23:55:40,4135,13268,
733791992564617216,2016-05-21 00:50:18,4141,11732,
733801387952340992,2016-05-21 01:27:38,1662,7081,
733803565060345856,2016-05-21 01:36:17,990,2759,
733820785157132288,2016-05-21 02:44:43,1645,6759,
733837704312410112,2016-05-21 03:51:57,7006,17812,
733838909805887488,2016-05-21 03:56:44,5842,18041,
733974704445358080,2016-05-21 12:56:20,10465,22789,
734003305819570176,2016-05-21 14:49:59,13289,34845,
734014390731673600,2016-05-21 15:34:02,4279,11931,
734053246734499840,2016-05-21 18:08:26,3834,12865,
734066397425307648,2016-05-21 19:00:42,8555,23542,
734066896794963968,2016-05-21 19:02:41,6529,15199,
734114828529307648,2016-05-21 22:13:08,8621,24893,
734228313695236100,2016-05-22 05:44:05,2557,9127,
734231223002894337,2016-05-22 05:55:39,34979,45422,
734365143635759104,2016-05-22 14:47:48,9100,27169,
734395329588670465,2016-05-22 16:47:45,4246,12622,
734468142303305728,2016-05-22 21:37:05,10605,24269,
734468447829004288,2016-05-22 21:38:18,8142,20244,
734470625767620609,2016-05-22 21:46:57,3123,8089,
734482099793711104,2016-05-22 22:32:33,5113,17892,
734485185148944384,2016-05-22 22:44:48,7542,21853,
734517899960934400,2016-05-23 00:54:48,9976,26565,
734742416494845952,2016-05-23 15:46:57,6891,18658,
734768900282454016,2016-05-23 17:32:11,3710,8991,
734794856564936705,2016-05-23 19:15:20,6324,18618,
734892328637325312,2016-05-24 01:42:39,1796,7586,
734903156589645824,2016-05-24 02:25:41,2628,6941,
734936659851128832,2016-05-24 04:38:48,5915,21306,
734938503541325825,2016-05-24 04:46:08,4323,14798,
734939680278519809,2016-05-24 04:50:48,6704,20812,
735058192862969856,2016-05-24 12:41:44,4458,14393,
735073508124983298,2016-05-24 13:42:35,5802,16830,
735117032060899328,2016-05-24 16:35:32,5469,10765,
735124106476195841,2016-05-24 17:03:39,3010,7268,
735125552064024577,2016-05-24 17:09:24,3106,7863,
735213812484345857,2016-05-24 23:00:07,4544,10264,
735267332927279107,2016-05-25 02:32:47,4222,13013,
735267499269226496,2016-05-25 02:33:27,4082,13498,
735311006826700800,2016-05-25 05:26:20,4047,12614,
735337786757238785,2016-05-25 07:12:44,2661,9734,
735344013499326465,2016-05-25 07:37:29,1817,4049,
735345023563247617,2016-05-25 07:41:30,1212,5161,
735345057587417089,2016-05-25 07:41:38,976,4252,
735345354992975873,2016-05-25 07:42:49,2272,8066,
735345398437556225,2016-05-25 07:42:59,1428,5689,
735345952756801536,2016-05-25 07:45:11,1557,6643,
735345985455554560,2016-05-25 07:45:19,1655,6720,
735346597303816192,2016-05-25 07:47:45,2412,9182,
735444721716199424,2016-05-25 14:17:40,3403,6428,
735448311914602496,2016-05-25 14:31:56,4119,13272,
735459144287719425,2016-05-25 15:14:58,6410,20461,
735465352436408320,2016-05-25 15:39:38,10415,29439,
735541674793783297,2016-05-25 20:42:55,6745,21959,
735611127531347969,2016-05-26 01:18:54,4735,16430,
735822406514675712,2016-05-26 15:18:27,6570,18878,
735871869581205504,2016-05-26 18:35:00,1885,7892,
735908158330130432,2016-05-26 20:59:12,1861,7542,
735942401165033477,2016-05-26 23:15:16,9033,25317,
735945699834007552,2016-05-26 23:28:22,3413,9977,
735946241322799105,2016-05-26 23:30:31,3678,11644,
735959405565378560,2016-05-27 00:22:50,2575,11296,
735968169001684992,2016-05-27 00:57:39,7430,21852,
736016335197458434,2016-05-27 04:09:03,5293,18883,
736197797314101248,2016-05-27 16:10:07,4173,11048,
736249593352966144,2016-05-27 19:35:56,2549,8958,
736336010808688640,2016-05-28 01:19:20,1654,7153,
736336185086222336,2016-05-28 01:20:01,6167,18618,
736381305785581568,2016-05-28 04:19:19,3944,14500,
736388616214220801,2016-05-28 04:48:22,6277,22079,
736410143378792448,2016-05-28 06:13:54,4280,8811,
736441853097218048,2016-05-28 08:19:54,4002,15117,
736554410361409536,2016-05-28 15:47:10,5721,15783,
736569533738156036,2016-05-28 16:47:16,6543,23460,
736655375911530498,2016-05-28 22:28:22,4390,14011,
736655448993107968,2016-05-28 22:28:40,4916,16919,
736655485814857728,2016-05-28 22:28:48,4433,14571,
736671884247478272,2016-05-28 23:33:58,6172,16904,
736672123012427776,2016-05-28 23:34:55,10195,23927,
736875933999697920,2016-05-29 13:04:47,12560,34774,
736961734167146496,2016-05-29 18:45:44,4067,15263,
737036608915034112,2016-05-29 23:43:15,5171,17005,
737054226833149952,2016-05-30 00:53:16,4448,14120,
737055532960223233,2016-05-30 00:58:27,5174,17926,
737056428452630528,2016-05-30 01:02:01,5029,13521,
737232540436664320,2016-05-30 12:41:49,5379,15177,
737237313034563585,2016-05-30 13:00:47,3522,12459,
737238518775320576,2016-05-30 13:05:34,4660,18140,
737239685295181824,2016-05-30 13:10:12,2955,8122,
737241411465170944,2016-05-30 13:17:04,1799,5948,
737242018687164416,2016-05-30 13:19:29,3566,13054,
737242189055594496,2016-05-30 13:20:09,1351,5528,
737242308261842945,2016-05-30 13:20:38,2265,7639,
737243856144629760,2016-05-30 13:26:47,7558,21811,
737376356795875330,2016-05-30 22:13:17,4195,15781,
737376803514286081,2016-05-30 22:15:04,4258,18109,
737399475509985280,2016-05-30 23:45:09,3246,11298,
737402123453878272,2016-05-30 23:55:41,3461,12479,
737596690257969152,2016-05-31 12:48:49,3368,12685,
737610159459991552,2016-05-31 13:42:20,4650,16905,
737688582849171456,2016-05-31 18:53:58,4580,15719,
737689416811073536,2016-05-31 18:57:17,4692,16832,
737753549564694528,2016-05-31 23:12:07,2688,7524,
737778668785766404,2016-06-01 00:51:56,2011,7800,
737784398515441664,2016-06-01 01:14:42,5819,17857,
737785114239864832,2016-06-01 01:17:33,6089,18343,
737785345459113985,2016-06-01 01:18:28,4285,15784,
737996614573260800,2016-06-01 15:17:58,7818,25193,
738109521952833536,2016-06-01 22:46:38,2730,7900,
738132164399636480,2016-06-02 00:16:36,8207,23181,
738163472865759232,2016-06-02 02:21:01,3379,11013,
738233323344920576,2016-06-02 06:58:34,4345,14117,
738236517949181952,2016-06-02 07:11:16,1664,5842,
738236891091238913,2016-06-02 07:12:45,2175,7781,
738385522301624323,2016-06-02 17:03:21,4443,13592,
738387288372051969,2016-06-02 17:10:22,4501,14971,
738399082813620224,2016-06-02 17:57:14,3092,9812,
738407796606013444,2016-06-02 18:31:52,4502,14124,
738409191526662144,2016-06-02 18:37:24,2018,6069,
738412068181676032,2016-06-02 18:48:50,3390,10091,
738413456118841345,2016-06-02 18:54:21,2574,9359,
738415541203832832,2016-06-02 19:02:38,2513,8606,
738416510092357632,2016-06-02 19:06:29,4417,13260,
738448988517453824,2016-06-02 21:15:33,5744,17838,
738449664752553984,2016-06-02 21:18:14,6587,20507,
738478522813972480,2016-06-02 23:12:54,5810,19538,
738494609597157376,2016-06-03 00:16:50,4634,11626,
738495114532638720,2016-06-03 00:18:50,2381,7651,
738495529005420544,2016-06-03 00:20:29,5768,11474,
738495995583987712,2016-06-03 00:22:20,2144,7238,
738496464448430080,2016-06-03 00:24:12,2261,7836,
738539023669465094,2016-06-03 03:13:19,1572,5480,
738575670771486721,2016-06-03 05:38:56,1604,4992,
738575853261574144,2016-06-03 05:39:40,1917,7463,
738576209726955524,2016-06-03 05:41:05,1538,5972,
738576553508929536,2016-06-03 05:42:27,1721,6508,
738576654176387072,2016-06-03 05:42:51,2075,7895,
738598954468659200,2016-06-03 07:11:27,2110,6940,
738599744759431168,2016-06-03 07:14:36,4829,10282,
738601935771570180,2016-06-03 07:23:18,2619,9451,
738602229100224513,2016-06-03 07:24:28,1561,5009,
738711092252155904,2016-06-03 14:37:03,3943,10065,
738712803775631361,2016-06-03 14:43:51,4422,13379,
738718346045063168,2016-06-03 15:05:53,3479,10149,
738720347239809024,2016-06-03 15:13:50,4581,14650,
738762615334174720,2016-06-03 18:01:47,6731,14487,
738808292550397953,2016-06-03 21:03:17,2288,8698,
738809335841595392,2016-06-03 21:07:26,6319,19473,
738858013419835392,2016-06-04 00:20:52,4238,14199,
738950669927886848,2016-06-04 06:29:03,16909,40378,
739076181484576768,2016-06-04 14:47:47,5328,8775,
739076562876829696,2016-06-04 14:49:18,3852,12337,
739080401747120128,2016-06-04 15:04:33,10538,24037,
739082059348619264,2016-06-04 15:11:09,6356,18312,
739082885857173505,2016-06-04 15:14:26,4671,12392,
739206145072594944,2016-06-04 23:24:13,5141,11439,
739242726181462016,2016-06-05 01:49:35,2622,8523,
739571700392722432,2016-06-05 23:36:48,6957,18502,
739576535561162752,2016-06-05 23:56:01,5511,17669,
739581318699352066,2016-06-06 00:15:01,9197,25053,
739779845572448256,2016-06-06 13:23:54,3249,10082,
739803054476775424,2016-06-06 14:56:07,4557,14715,
739807883521630208,2016-06-06 15:15:19,6631,18547,
739810044150190080,2016-06-06 15:23:54,4017,12129,
739814823689605120,2016-06-06 15:42:53,3977,10922,
739816997345755136,2016-06-06 15:51:31,4400,17343,
739826625546752000,2016-06-06 16:29:47,12427,31608,
739857123329335298,2016-06-06 18:30:58,3940,9953,
739934090690998272,2016-06-06 23:36:49,4984,11184,
739998110915678208,2016-06-07 03:51:12,7387,18954,
740005642228862981,2016-06-07 04:21:08,6761,18525,
740313748825505792,2016-06-08 00:45:26,4292,11774,
740330660372619265,2016-06-08 01:52:38,2198,7809,
740343009074634752,2016-06-08 02:41:42,3809,14459,
740380953722421249,2016-06-08 05:12:29,2620,8917,
740383281603039232,2016-06-08 05:21:44,3050,9974,
740385872089120768,2016-06-08 05:32:02,2599,8819,
740387780719747072,2016-06-08 05:39:37,2540,8437,
740392765662629888,2016-06-08 05:59:25,3270,10394,
740509507814600704,2016-06-08 13:43:19,3835,12059,
740510072678326273,2016-06-08 13:45:33,2520,6179,
740511746503364608,2016-06-08 13:52:13,4208,16237,
740513939574951936,2016-06-08 14:00:55,2831,8605,
740515952454959104,2016-06-08 14:08:55,2688,8740,
740516296291459072,2016-06-08 14:10:17,2326,7764,
740516693030637568,2016-06-08 14:11:52,1418,5906,
740517144115478528,2016-06-08 14:13:39,1326,6016,
740517366551969792,2016-06-08 14:14:32,3884,11068,
740524891108200448,2016-06-08 14:44:26,3251,9102,
740641413335908352,2016-06-08 22:27:28,6267,15761,
740707234968113152,2016-06-09 02:49:01,1680,6256,
740707325590274049,2016-06-09 02:49:22,1477,6836,
740708673694076928,2016-06-09 02:54:44,4906,18251,
740709235927977989,2016-06-09 02:56:58,2479,9375,
740710011136028672,2016-06-09 03:00:03,3461,10895,
740721589709328385,2016-06-09 03:46:03,6006,20406,
740722436065353728,2016-06-09 03:49:25,2543,8515,
740879092141182976,2016-06-09 14:11:55,8054,28344,
740883494117728256,2016-06-09 14:29:24,10087,28907,
740972317191352320,2016-06-09 20:22:21,30002,72429,
740988538464948224,2016-06-09 21:26:49,4155,12908,
741007091947556864,2016-06-09 22:40:32,138492,258956,
741015811960229893,2016-06-09 23:15:11,6443,18837,
741094899664093184,2016-06-10 04:29:27,2802,7411,
741095312601812992,2016-06-10 04:31:06,6034,16736,
741240449906663424,2016-06-10 14:07:49,7991,24999,
741243519822626816,2016-06-10 14:20:01,11812,24390,
741244493127618560,2016-06-10 14:23:53,2900,9493,
741257031722622976,2016-06-10 15:13:42,2699,7396,
741286391200505857,2016-06-10 17:10:22,4381,15988,
741292912894431232,2016-06-10 17:36:17,3394,8715,
741297855168716801,2016-06-10 17:55:55,2175,9257,
741301954324910080,2016-06-10 18:12:13,8004,15494,
741311272818475008,2016-06-10 18:49:14,21353,38096,
741351028273086464,2016-06-10 21:27:13,9135,18250,
741369263525662721,2016-06-10 22:39:41,2020,7581,
741380579313098752,2016-06-10 23:24:38,3654,12611,
741487809576439811,2016-06-11 06:30:44,3577,12131,
741590381503086592,2016-06-11 13:18:19,9330,29119,
741600981251657728,2016-06-11 14:00:26,8083,24251,
741645740884303872,2016-06-11 16:58:18,4447,17422,
741696814194274304,2016-06-11 20:21:15,4391,14599,
741744258655387648,2016-06-11 23:29:46,2936,9669,
741744918205501441,2016-06-11 23:32:24,5358,15721,
741754548004458496,2016-06-12 00:10:40,3433,12388,
741760896775663616,2016-06-12 00:35:53,2170,6882,
741760911044685824,2016-06-12 00:35:57,7733,20423,
741774067368402945,2016-06-12 01:28:13,10251,31401,
741965111968075776,2016-06-12 14:07:22,7543,22383,
741988371174699009,2016-06-12 15:39:47,6300,23520,
742019961946791939,2016-06-12 17:45:19,24609,68059,
742034549232766976,2016-06-12 18:43:17,22460,62735,
742053354189299712,2016-06-12 19:58:00,32422,78713,
742066996767031296,2016-06-12 20:52:13,13518,29044,
742069634652835841,2016-06-12 21:02:42,7808,26244,
742096033207844864,2016-06-12 22:47:36,22967,61804,
742370798850199552,2016-06-13 16:59:25,8017,27290,
742371820867878913,2016-06-13 17:03:29,3781,14569,
742373042140123137,2016-06-13 17:08:20,6651,22684,
742418415047090176,2016-06-13 20:08:38,6252,19087,
742437914731286530,2016-06-13 21:26:07,6426,14371,
742455297059475456,2016-06-13 22:35:11,3323,9708,
742456254837215232,2016-06-13 22:38:59,3749,10919,
742464168482201602,2016-06-13 23:10:26,10799,32440,
742464647878561794,2016-06-13 23:12:21,7890,16469,
742469778560929793,2016-06-13 23:32:44,5909,12359,
742470476824477696,2016-06-13 23:35:30,5106,12901,
742512112614944768,2016-06-14 02:20:57,3507,10415,
742694780933656576,2016-06-14 14:26:49,12417,36704,
742695148241313792,2016-06-14 14:28:16,16852,40290,
742771576039460864,2016-06-14 19:31:58,30659,55655,
742781133197299712,2016-06-14 20:09:57,8597,30709,
742785878679007232,2016-06-14 20:28:48,2790,8013,
742909628338601985,2016-06-15 04:40:32,4198,15390,
743075154507489280,2016-06-15 15:38:17,6669,11974,
743076652662431744,2016-06-15 15:44:14,7416,22988,
743078235408195584,2016-06-15 15:50:31,11631,40867,
743172421654568960,2016-06-15 22:04:47,3118,12138,
743184492907610112,2016-06-15 22:52:45,3735,10525,
743192668017205249,2016-06-15 23:25:14,3012,8942,
743213971122044928,2016-06-16 00:49:53,1705,7679,
743271067238674432,2016-06-16 04:36:46,4026,12766,
743485792585146368,2016-06-16 18:50:00,3109,7911,
743486962670141440,2016-06-16 18:54:39,4272,10940,
743488055240196096,2016-06-16 18:59:00,4002,11595,
743522630230228993,2016-06-16 21:16:23,2911,8474,
743543327467810817,2016-06-16 22:38:38,2960,8119,
743628318402961408,2016-06-17 04:16:21,3550,12597,
743747439954264065,2016-06-17 12:09:42,3683,12168,
743761349910487043,2016-06-17 13:04:58,4017,16479,
743765281898536960,2016-06-17 13:20:36,6106,19275,
743766155093934080,2016-06-17 13:24:04,13113,32565,
743852552257626112,2016-06-17 19:07:23,3743,11665,
743914866063212544,2016-06-17 23:14:59,3146,10153,
743947386720923648,2016-06-18 01:24:13,2244,7825,
743954307351908354,2016-06-18 01:51:43,2246,7781,
743955253226135552,2016-06-18 01:55:29,2836,8581,
743955609851068417,2016-06-18 01:56:54,2672,8782,
743997751734657024,2016-06-18 04:44:21,2870,10599,
744218749822083072,2016-06-18 19:22:31,2325,8157,
744225952465489920,2016-06-18 19:51:08,2163,10689,
744253170218524672,2016-06-18 21:39:17,3009,9912,
744260469431513088,2016-06-18 22:08:18,5952,16292,
744336626411700227,2016-06-19 03:10:55,4238,13571,
744341058109247488,2016-06-19 03:28:32,3060,10787,
744355251365511169,2016-06-19 04:24:56,4089,11779,
744363535635996672,2016-06-19 04:57:51,6417,21622,
744364393962569728,2016-06-19 05:01:15,8744,22723,
744519497764184064,2016-06-19 15:17:35,8982,24743,
744701872456536064,2016-06-20 03:22:16,4774,18215,
744838252369043456,2016-06-20 12:24:12,6543,25514,
745204320593940480,2016-06-21 12:38:49,6970,21198,
745260520282951681,2016-06-21 16:22:08,7558,23136,
745294375584956416,2016-06-21 18:36:40,14131,33703,
745294739092684800,2016-06-21 18:38:07,5886,15066,
745295914076672001,2016-06-21 18:42:47,15716,33865,
745296338758270976,2016-06-21 18:44:28,7455,19203,
745298514096308225,2016-06-21 18:53:07,5437,12601,
745299161130635264,2016-06-21 18:55:41,5342,16915,
745304333483393024,2016-06-21 19:16:14,11469,23972,
745304731346702336,2016-06-21 19:17:49,9885,21481,
745305119256875008,2016-06-21 19:19:22,11375,27832,
745356618125152256,2016-06-21 22:44:00,2636,9270,
745455382882033664,2016-06-22 05:16:27,8182,23996,
745463436188934145,2016-06-22 05:48:27,2967,10508,
745693029089034240,2016-06-22 21:00:47,12366,30147,
745693121095303168,2016-06-22 21:01:09,10397,23084,
745733029289615361,2016-06-22 23:39:43,5334,12507,
745804574699692032,2016-06-23 04:24:01,2882,10466,
745805112732430337,2016-06-23 04:26:09,2660,7754,
745821138773774341,2016-06-23 05:29:50,2489,9980,
745967990236143616,2016-06-23 15:13:22,5031,17009,
745969049943875585,2016-06-23 15:17:35,8158,21731,
745969778267926532,2016-06-23 15:20:29,7758,21133,
746026900502487040,2016-06-23 19:07:28,4381,10226,
746042076211593216,2016-06-23 20:07:46,4193,10739,
746044729343741956,2016-06-23 20:18:18,5501,16997,
746047705709961216,2016-06-23 20:30:08,6038,15762,
746052286640689157,2016-06-23 20:48:20,5545,15475,
746057926800977920,2016-06-23 21:10:45,4868,13340,
746063926597672960,2016-06-23 21:34:35,5114,10739,
746064216373731328,2016-06-23 21:35:45,5695,12049,
746072493950107650,2016-06-23 22:08:38,3907,9007,
746094507201077248,2016-06-23 23:36:06,5815,12202,
746144027616120833,2016-06-24 02:52:53,3396,15505,
746145338608713728,2016-06-24 02:58:06,4421,20483,
746272130992644096,2016-06-24 11:21:55,14697,40832,
746273866322829312,2016-06-24 11:28:49,3451,8556,
746273889160957952,2016-06-24 11:28:54,3781,14360,
746289394231828480,2016-06-24 12:30:31,13914,28556,
746289768707698688,2016-06-24 12:32:00,12689,32855,
746414797416243200,2016-06-24 20:48:50,3419,8111,
746415333741756418,2016-06-24 20:50:57,4559,12301,
746453765935366144,2016-06-24 23:23:40,8630,24910,
746456564337344512,2016-06-24 23:34:48,3444,13777,
746458701565988864,2016-06-24 23:43:17,8894,25099,
746465982026289152,2016-06-25 00:12:13,5061,15117,
746470769862017024,2016-06-25 00:31:14,2356,9307,
746560976921706500,2016-06-25 06:29:41,7708,23305,
746674420605980672,2016-06-25 14:00:29,7071,22079,
746718385828859904,2016-06-25 16:55:11,1682,7039,
746721493061632000,2016-06-25 17:07:32,1870,8290,
746734772928528384,2016-06-25 18:00:18,3386,12443,
746895065591783424,2016-06-26 04:37:14,9715,29020,
746895252884164608,2016-06-26 04:37:59,6875,19778,
746895602798178304,2016-06-26 04:39:23,5597,18549,
746895785338544128,2016-06-26 04:40:06,6842,19763,
746908869134262272,2016-06-26 05:32:05,3971,18284,
747027629652443136,2016-06-26 13:24:00,4691,15976,
747029963702996992,2016-06-26 13:33:17,6229,18049,
747030708678430720,2016-06-26 13:36:14,5296,15267,
747098691492786176,2016-06-26 18:06:23,6120,17675,
747102432862273536,2016-06-26 18:21:15,3865,11733,
747105049352888320,2016-06-26 18:31:38,5224,10450,
747178078682644480,2016-06-26 23:21:50,5588,17552,
747190075344162817,2016-06-27 00:09:30,4918,15750,
747191624535511040,2016-06-27 00:15:40,4587,14567,
747194865633595392,2016-06-27 00:28:32,3652,9252,
747206160806219776,2016-06-27 01:13:25,4304,12687,
747208970201333760,2016-06-27 01:24:35,2802,9721,
747227503329173505,2016-06-27 02:38:14,7636,17875,
747240949370261504,2016-06-27 03:31:40,5111,17157,
747241330552737793,2016-06-27 03:33:10,7437,20213,
747415955400196096,2016-06-27 15:07:04,6752,21692,
747418754255052802,2016-06-27 15:18:12,5673,18363,
747424042181791744,2016-06-27 15:39:12,5882,19685,
747872257872125952,2016-06-28 21:20:15,1643,6039,
747873024515407872,2016-06-28 21:23:18,2148,7435,
747873311531614208,2016-06-28 21:24:26,2570,8396,
747873381077356545,2016-06-28 21:24:43,2362,7425,
747873880103059457,2016-06-28 21:26:42,1770,6124,
747874261583470592,2016-06-28 21:28:13,2687,10407,
747874856130183168,2016-06-28 21:30:35,4248,9088,
747888354126069761,2016-06-28 22:24:13,6679,20062,
747888895581372416,2016-06-28 22:26:22,7715,21968,
747899586593890309,2016-06-28 23:08:51,10074,27009,
747900114363092992,2016-06-28 23:10:57,11664,32315,
747950659111006208,2016-06-29 02:31:48,3219,10075,
747986907162877952,2016-06-29 04:55:50,4598,16268,
748141420528140288,2016-06-29 15:09:49,3646,11325,
748142709932756992,2016-06-29 15:14:56,5426,16073,
748163517455413248,2016-06-29 16:37:37,2248,8338,
748163921383723008,2016-06-29 16:39:13,5664,18117,
748166232298381312,2016-06-29 16:48:24,2292,8057,
748219891577131010,2016-06-29 20:21:38,8341,22361,
748289375801323520,2016-06-30 00:57:44,1997,8626,
748331931616579585,2016-06-30 03:46:50,5000,13853,
748343042994733056,2016-06-30 04:30:59,2812,11787,
748345210372038656,2016-06-30 04:39:36,4540,12764,
748528593634992128,2016-06-30 16:48:18,4954,10744,
748569874042064900,2016-06-30 19:32:20,3731,9975,
748590222988947457,2016-06-30 20:53:11,4148,10036,
748599094252273664,2016-06-30 21:28:27,6699,14538,
748599438034206720,2016-06-30 21:29:48,4461,13784,
748599572230975492,2016-06-30 21:30:20,4229,15624,
748599711792234496,2016-06-30 21:30:54,7144,23006,
748647669707350016,2016-07-01 00:41:28,2531,9377,
748712661764804608,2016-07-01 04:59:43,4242,11382,
748851569190318080,2016-07-01 14:11:41,4954,15277,
748851673313873920,2016-07-01 14:12:06,6590,16964,
748851849185243136,2016-07-01 14:12:48,8984,23126,
748869825208913921,2016-07-01 15:24:14,2135,8732,
748871858553024512,2016-07-01 15:32:19,4630,11467,
748906952713875456,2016-07-01 17:51:46,3465,7864,
748920081942327296,2016-07-01 18:43:56,5739,12088,
748926103931150336,2016-07-01 19:07:52,6769,22254,
748966167549603840,2016-07-01 21:47:04,3431,11389,
749049896431415296,2016-07-02 03:19:46,2654,12707,
749052325130534912,2016-07-02 03:29:25,4247,11851,
749208070505586688,2016-07-02 13:48:18,3411,10817,
749209816732672000,2016-07-02 13:55:14,3913,12377,
749237508916056064,2016-07-02 15:45:16,4912,13812,
749240145442922496,2016-07-02 15:55:45,8634,21974,
749261175968436224,2016-07-02 17:19:19,9221,21661,
749261242137710592,2016-07-02 17:19:35,3371,8292,
749262206672445441,2016-07-02 17:23:25,7050,20249,
749264383990194176,2016-07-02 17:32:04,2486,7617,
749264697233383424,2016-07-02 17:33:19,5061,12228,
749341789102960640,2016-07-02 22:39:39,10757,30639,
749350193095667713,2016-07-02 23:13:02,17372,41969,
749659173353299968,2016-07-03 19:40:49,4914,16930,
749698321074180096,2016-07-03 22:16:23,8408,23865,
749699315367612416,2016-07-03 22:20:20,7295,20588,
749706242579247105,2016-07-03 22:47:51,4708,18108,
749709462974435329,2016-07-03 23:00:39,8423,20623,
749718947973529600,2016-07-03 23:38:20,6747,19054,
749720224220475393,2016-07-03 23:43:25,7008,18997,
749721116911034368,2016-07-03 23:46:58,5371,17174,
749929565661884417,2016-07-04 13:35:16,4735,11876,
749934450868387840,2016-07-04 13:54:40,5780,16807,
749935837748596736,2016-07-04 14:00:11,5608,16878,
749959090210832386,2016-07-04 15:32:35,6417,17473,
749961528422625281,2016-07-04 15:42:16,6149,20378,
749965127278034944,2016-07-04 15:56:34,2912,11597,
749968796618817538,2016-07-04 16:11:09,2896,11814,
749970824766091264,2016-07-04 16:19:13,2704,10592,
749972298086645760,2016-07-04 16:25:04,3961,14496,
749987869452828672,2016-07-04 17:26:56,8893,24194,
749989709275885568,2016-07-04 17:34:15,10063,27423,
750094399456026624,2016-07-05 00:30:15,18672,48192,
750101826821877760,2016-07-05 00:59:46,2471,10836,
750286846534582272,2016-07-05 13:14:58,14061,34495,
750299631792291840,2016-07-05 14:05:46,3217,12763,
750352884106223616,2016-07-05 17:37:23,18578,47696,
750353319084843008,2016-07-05 17:39:06,33179,66481,
750397898861445120,2016-07-05 20:36:15,3284,13433,
750492628362334208,2016-07-06 02:52:40,2319,10383,
750514941753434113,2016-07-06 04:21:20,1943,8999,
750545570293506048,2016-07-06 06:23:03,5063,21461,
750547338817638401,2016-07-06 06:30:04,10854,31708,
750548959240843265,2016-07-06 06:36:31,7018,22360,
750648675186147328,2016-07-06 13:12:45,11748,22795,
750650894040064000,2016-07-06 13:21:34,7057,20729,
750663349025767424,2016-07-06 14:11:03,5911,13565,
750668480559607808,2016-07-06 14:31:27,9618,25622,
750677864379453440,2016-07-06 15:08:44,2960,10759,
750678866532990977,2016-07-06 15:12:43,3615,11411,
750681915565477888,2016-07-06 15:24:50,4141,12270,
750691056551878656,2016-07-06 16:01:09,3598,12749,
750692436687585280,2016-07-06 16:06:38,4231,14045,
750714064574218245,2016-07-06 17:32:35,6877,20693,
750811268219543552,2016-07-06 23:58:50,8055,20613,
750865499660091393,2016-07-07 03:34:20,21630,52955,
751016366925344768,2016-07-07 13:33:49,4206,16875,
751115433273688064,2016-07-07 20:07:28,5813,23447,
751145002147966976,2016-07-07 22:04:58,2855,8918,
751145333107879936,2016-07-07 22:06:17,5429,15332,
751146264956395521,2016-07-07 22:09:59,3851,12436,
751232353129955328,2016-07-08 03:52:04,16017,45802,
751370918027489280,2016-07-08 13:02:41,23618,72555,
751405672877744128,2016-07-08 15:20:47,6031,16354,
751423658627829760,2016-07-08 16:32:15,7371,34255,
751529041988116485,2016-07-08 23:31:01,11335,35460,
751558217075945476,2016-07-09 01:26:56,11924,32981,
751797800690708480,2016-07-09 17:18:58,4693,21045,
751889266934964224,2016-07-09 23:22:25,7586,20262,
752110630031749120,2016-07-10 14:02:02,15521,47080,
752207752852832256,2016-07-10 20:27:58,9771,29355,
752211419634933760,2016-07-10 20:42:32,11870,37503,
752215352122208256,2016-07-10 20:58:10,5381,18877,
752471941416620033,2016-07-11 13:57:45,3467,10489,
752591157641744384,2016-07-11 21:51:29,7534,24486,
752618593196597248,2016-07-11 23:40:30,7285,21431,
752628125389955073,2016-07-12 00:18:22,2866,7992,
752667913820209152,2016-07-12 02:56:29,4402,11896,
752686998826131456,2016-07-12 04:12:19,4427,12665,
752834632907943936,2016-07-12 13:58:58,5276,17512,
752848856317059073,2016-07-12 14:55:29,5551,17411,
752849315094298624,2016-07-12 14:57:18,9107,25261,
752859250628648962,2016-07-12 15:36:47,8609,25400,
752860045084241920,2016-07-12 15:39:56,10853,31340,
752906803810279424,2016-07-12 18:45:45,10340,19754,
752910855939952640,2016-07-12 19:01:51,29829,42112,
752911332756840448,2016-07-12 19:03:44,10331,25375,
752911479251296258,2016-07-12 19:04:19,11275,30109,
752973319675273218,2016-07-12 23:10:03,8965,20261,
752985826993332224,2016-07-12 23:59:45,2388,9499,
752990888171831296,2016-07-13 00:19:52,4716,13841,
753063644578144260,2016-07-13 05:08:58,4752,16347,
753090242203283457,2016-07-13 06:54:40,10273,31685,
753205648154767360,2016-07-13 14:33:15,5303,15997,
753209883202351104,2016-07-13 14:50:04,9487,25155,
753338900647665664,2016-07-13 23:22:44,6559,18365,
753347448743964672,2016-07-13 23:56:42,4942,15194,
753349629870084096,2016-07-14 00:05:22,3747,12620,
753349911983235072,2016-07-14 00:06:30,3687,12538,
753351063407767554,2016-07-14 00:11:04,6425,15635,
753353259411054592,2016-07-14 00:19:48,4094,13176,
753353898472017920,2016-07-14 00:22:20,6715,20777,
753354233311731712,2016-07-14 00:23:40,3381,14219,
753354905897668608,2016-07-14 00:26:20,4737,17740,
753355262363181056,2016-07-14 00:27:45,4482,15063,
753355507721646080,2016-07-14 00:28:44,7482,23743,
753398572515725312,2016-07-14 03:19:51,13107,38161,
753580257895211008,2016-07-14 15:21:48,6242,19861,
753603401854881793,2016-07-14 16:53:46,7497,19923,
753641197588152320,2016-07-14 19:23:58,6169,20111,
753720863606775809,2016-07-15 00:40:31,20082,47593,
753728269019549696,2016-07-15 01:09:57,12578,39996,
753750790590828544,2016-07-15 02:39:27,13159,43744,
753960134422900736,2016-07-15 16:31:18,9017,30087,
753962659293396992,2016-07-15 16:41:20,9124,26951,
753965070003109888,2016-07-15 16:50:55,32463,80422,
754136526087487488,2016-07-16 04:12:13,4780,21449,
754291925616852992,2016-07-16 14:29:43,4097,18617,
754301737431928832,2016-07-16 15:08:43,7535,22277,
754303051389861888,2016-07-16 15:13:56,6797,21573,
754304371186405376,2016-07-16 15:19:11,5943,19514,
754305404302139392,2016-07-16 15:23:17,7684,23072,
754348235951661056,2016-07-16 18:13:29,8752,31371,
754514805264973824,2016-07-17 05:15:22,5903,19196,
754516280615501824,2016-07-17 05:21:14,2292,9820,
754520788917780482,2016-07-17 05:39:09,2383,10814,
754530019200884737,2016-07-17 06:15:49,4708,17036,
754530838386208768,2016-07-17 06:19:05,5123,19299,
754645662357159936,2016-07-17 13:55:21,4937,16574,
754648419151511552,2016-07-17 14:06:18,5256,18206,
754650547932758016,2016-07-17 14:14:46,5862,19694,
754652888752910336,2016-07-17 14:24:04,4921,18035,
754662980164386816,2016-07-17 15:04:10,4633,17035,
754664207799451648,2016-07-17 15:09:02,7355,24629,
754730058913308673,2016-07-17 19:30:42,8007,21724,
754744188856565760,2016-07-17 20:26:51,30012,75442,
754747397700485120,2016-07-17 20:39:36,4443,16095,
754747849737461760,2016-07-17 20:41:24,3486,10686,
754788362368741376,2016-07-17 23:22:23,12612,36679,
754789482621243392,2016-07-17 23:26:50,10444,33976,
755087399286411266,2016-07-18 19:10:39,4197,13017,
755091783013507072,2016-07-18 19:28:04,5657,24907,
755142098190475265,2016-07-18 22:48:00,6870,25381,
755143081666744320,2016-07-18 22:51:55,3485,13777,
755176368783187969,2016-07-19 01:04:11,6651,17373,
755195907658883072,2016-07-19 02:21:49,2475,12349,
755254384062263296,2016-07-19 06:14:11,10637,49134,
755395950089211904,2016-07-19 15:36:43,6161,20861,
755486029742641152,2016-07-19 21:34:40,6873,18296,
755502053003190273,2016-07-19 22:38:20,6771,18103,
755525857456844800,2016-07-20 00:12:56,3502,18496,
755551039244341253,2016-07-20 01:52:59,34627,113179,
755708398537154560,2016-07-20 12:18:17,5474,32650,
755746062204280833,2016-07-20 14:47:56,2926,12973,
755747074939949056,2016-07-20 14:51:58,4894,21489,
755787159735570432,2016-07-20 17:31:15,10967,43877,
755788382618390529,2016-07-20 17:36:06,100190,218054,
755810077307727872,2016-07-20 19:02:19,5371,16467,
755836720197795840,2016-07-20 20:48:11,4148,16871,
755912497643806720,2016-07-21 01:49:18,2334,10657,
755927861878460417,2016-07-21 02:50:21,4045,11041,
755932444310724608,2016-07-21 03:08:33,8399,24034,
755936439993589761,2016-07-21 03:24:26,3669,16854,
755944618802286592,2016-07-21 03:56:56,5280,16778,
755954295728541696,2016-07-21 04:35:23,10314,34641,
755972015249645568,2016-07-21 05:45:48,17487,60675,
755972980069376000,2016-07-21 05:49:38,6045,22397,
755973944054681600,2016-07-21 05:53:28,5070,24195,
755974701172817920,2016-07-21 05:56:28,3477,18678,
755975695940001792,2016-07-21 06:00:25,7221,21812,
755983654728245248,2016-07-21 06:32:03,5981,22378,
756105919470116864,2016-07-21 14:37:53,6825,37502,
756129793054220288,2016-07-21 16:12:45,8926,27603,
756138994728071168,2016-07-21 16:49:19,7865,32667,
756140881862766594,2016-07-21 16:56:49,5477,20235,
756171983407243264,2016-07-21 19:00:24,5285,19276,
756216362784161792,2016-07-21 21:56:45,6778,21657,
756308357804335106,2016-07-22 04:02:18,3158,10980,
756338260230623232,2016-07-22 06:01:07,12627,44343,
756355884956127232,2016-07-22 07:11:10,8511,26543,
756475847004057601,2016-07-22 15:07:51,7256,34797,
756477153986895872,2016-07-22 15:13:02,5024,23981,
756490485116575744,2016-07-22 16:06:01,4820,22080,
756625700539465728,2016-07-23 01:03:19,9145,33694,
756691116464959488,2016-07-23 05:23:15,10854,25735,
756697615509688320,2016-07-23 05:49:04,12310,26130,
756699517534212100,2016-07-23 05:56:38,3775,12902,
756798838900396032,2016-07-23 12:31:18,6206,20202,
756799923648102400,2016-07-23 12:35:37,8345,22683,
756801575193042944,2016-07-23 12:42:10,6851,23147,
756804886038192128,2016-07-23 12:55:20,19544,44767,
756864330054893568,2016-07-23 16:51:32,7592,22570,
756866912848584704,2016-07-23 17:01:48,7880,26082,
756875689924694016,2016-07-23 17:36:41,6730,18492,
756883131685273605,2016-07-23 18:06:15,8655,29616,
756952917152784384,2016-07-23 22:43:33,7916,26981,
756962332228612096,2016-07-23 23:20:58,12071,30673,
756973646216884225,2016-07-24 00:05:55,5778,28092,
756974970312462336,2016-07-24 00:11:11,4988,10578,
756975589110779904,2016-07-24 00:13:39,5255,13161,
757012114460569604,2016-07-24 02:38:47,6778,20133,
757172536882913280,2016-07-24 13:16:15,5593,20240,
757174767547977728,2016-07-24 13:25:06,4716,16495,
757182723089895424,2016-07-24 13:56:43,28057,76080,
757187537681154048,2016-07-24 14:15:51,5483,17915,
757191160481873920,2016-07-24 14:30:15,9013,24388,
757205678821928960,2016-07-24 15:27:56,7299,22622,
757206444148158464,2016-07-24 15:30:59,7754,24186,
757309616254545920,2016-07-24 22:20:57,5870,20620,
757311921095925760,2016-07-24 22:30:06,6144,20988,
757315800466272256,2016-07-24 22:45:31,7837,26129,
757332905047752704,2016-07-24 23:53:29,9300,27454,
757335224397225984,2016-07-25 00:02:42,4554,16659,
757336511436075008,2016-07-25 00:07:49,6709,23851,
757338816487235584,2016-07-25 00:16:59,10870,29574,
757343025983057922,2016-07-25 00:33:42,7850,25528,
757361504895246336,2016-07-25 01:47:08,5044,25169,
757364534873128960,2016-07-25 01:59:10,8347,28019,
757538729170964481,2016-07-25 13:31:22,12784,31094,
757545252026712064,2016-07-25 13:57:17,5897,20423,
757546442240167936,2016-07-25 14:02:01,6381,22454,
757552713873891328,2016-07-25 14:26:56,14339,42991,
757552876348645377,2016-07-25 14:27:35,4434,16886,
757565892146454532,2016-07-25 15:19:18,7622,23368,
757571837463240704,2016-07-25 15:42:55,7878,25642,
757573051215147008,2016-07-25 15:47:45,9803,35251,
757576490213146624,2016-07-25 16:01:25,6760,25019,
757577508346888192,2016-07-25 16:05:27,8648,30424,
757618048664829952,2016-07-25 18:46:33,10916,28232,
757650904896139264,2016-07-25 20:57:06,8896,26269,
757687988189065216,2016-07-25 23:24:28,3673,13641,
757688331597668353,2016-07-25 23:25:50,6809,22985,
757690132111777792,2016-07-25 23:32:59,7175,20545,
757690343181737984,2016-07-25 23:33:49,12090,37893,
757693383481626624,2016-07-25 23:45:54,7351,25549,
757696233427312640,2016-07-25 23:57:14,6962,22423,
757760973419712512,2016-07-26 04:14:29,15364,41679,
757773671545044992,2016-07-26 05:04:56,19292,57631,
757775689525309440,2016-07-26 05:12:57,9737,36135,
757777369272815617,2016-07-26 05:19:38,18617,56294,
757916962269704192,2016-07-26 14:34:19,6621,25164,
757918002339778560,2016-07-26 14:38:27,16780,55880,
757919034755076096,2016-07-26 14:42:33,6853,26592,
757994830110658560,2016-07-26 19:43:45,3776,12474,
757997327269306369,2016-07-26 19:53:40,3713,12226,
758004154417553409,2016-07-26 20:20:48,5300,17657,
758020997383684096,2016-07-26 21:27:43,10362,32081,
758021060503756804,2016-07-26 21:27:58,5786,21520,
758026136299397120,2016-07-26 21:48:08,11437,30833,
758071264128806912,2016-07-27 00:47:28,8594,28653,
758071952498159616,2016-07-27 00:50:12,10213,31864,
758117640200187905,2016-07-27 03:51:45,11103,36740,
758120321845235712,2016-07-27 04:02:24,9028,34543,
758121939365982208,2016-07-27 04:08:50,8514,39948,
758122684798607360,2016-07-27 04:11:47,6839,26314,
758135085820416000,2016-07-27 05:01:04,8155,18514,
758233935230959617,2016-07-27 11:33:52,5700,18753,
758236300554174465,2016-07-27 11:43:16,6115,21766,
758238226180083712,2016-07-27 11:50:55,12653,39199,
758240929564258305,2016-07-27 12:01:39,10715,34148,
758242674646323200,2016-07-27 12:08:35,13545,46142,
758285141982711808,2016-07-27 14:57:20,9568,31835,
758286077400580096,2016-07-27 15:01:03,24922,72707,
758331893809090560,2016-07-27 18:03:07,3459,11348,
758335147183788032,2016-07-27 18:16:02,20784,54394,
758350470402408449,2016-07-27 19:16:56,11667,32351,
758367154232320000,2016-07-27 20:23:14,5690,11969,
758380358874247168,2016-07-27 21:15:42,13869,39896,
758421383063961604,2016-07-27 23:58:43,4665,16088,
758422125254471680,2016-07-28 00:01:40,16142,30796,
758452289376022529,2016-07-28 02:01:31,3293,12184,
758491947409481728,2016-07-28 04:39:07,17093,54726,
758492727583576064,2016-07-28 04:42:13,13987,42643,
758511494669664256,2016-07-28 05:56:47,6818,21326,
758512401629192192,2016-07-28 06:00:23,5664,20950,
758680707979943937,2016-07-28 17:09:11,13646,41997,
758731880183193601,2016-07-28 20:32:31,5387,14666,
758732782348623874,2016-07-28 20:36:06,3848,12277,
758761521317023744,2016-07-28 22:30:18,3084,9390,
758761945910669312,2016-07-28 22:31:59,14026,33163,
758768028595032064,2016-07-28 22:56:09,8910,25899,
758771144140820481,2016-07-28 23:08:32,3680,14672,
758778607489708032,2016-07-28 23:38:12,5407,16467,
758802697763958784,2016-07-29 01:13:55,25576,47715,
758851150175055874,2016-07-29 04:26:27,6835,24254,
758871653547806724,2016-07-29 05:47:56,16751,44499,
758872422028148740,2016-07-29 05:50:59,12512,36903,
758872873234681860,2016-07-29 05:52:46,13769,37198,
758873275044798464,2016-07-29 05:54:22,14060,37226,
758873961425805312,2016-07-29 05:57:06,11091,31398,
758874457142284288,2016-07-29 05:59:04,14835,42532,
759005597899436032,2016-07-29 14:40:10,5012,17662,
759008377577967616,2016-07-29 14:51:13,7508,27172,
759013889761697794,2016-07-29 15:13:07,7957,23906,
759013928315686917,2016-07-29 15:13:16,3210,8968,
759014707277598720,2016-07-29 15:16:22,7028,19803,
759017481633542145,2016-07-29 15:27:24,2654,9084,
759021886055387136,2016-07-29 15:44:54,8093,29343,
759024055123009536,2016-07-29 15:53:31,5633,18400,
759025610249216000,2016-07-29 15:59:42,7461,24680,
759027356434518016,2016-07-29 16:06:38,5140,18603,
759029315006705664,2016-07-29 16:14:25,14171,46454,
759064533814038528,2016-07-29 18:34:22,5467,19219,
759070106546638849,2016-07-29 18:56:30,6875,25310,
759070976181084160,2016-07-29 18:59:58,10639,22420,
759071976182861824,2016-07-29 19:03:56,8645,30490,
759082026687352834,2016-07-29 19:43:52,5673,21312,
759084522705068032,2016-07-29 19:53:47,17904,35675,
759088844683608064,2016-07-29 20:10:58,2581,8878,
759093740497764353,2016-07-29 20:30:25,6515,19291,
759117301517996032,2016-07-29 22:04:03,7449,18795,
759152897602916352,2016-07-30 00:25:29,6507,20274,
759185456818860032,2016-07-30 02:34:52,8403,26535,
759191265988653056,2016-07-30 02:57:57,10383,33437,
759192213234393088,2016-07-30 03:01:43,14410,30352,
759222916387069952,2016-07-30 05:03:43,13280,34290,
759227755494072320,2016-07-30 05:22:57,4483,15513,
759282300135809024,2016-07-30 08:59:41,10802,30226,
759371377002553344,2016-07-30 14:53:39,4210,16928,
759371648764108801,2016-07-30 14:54:44,6863,21295,
759372422692954112,2016-07-30 14:57:48,7858,24005,
759381869267980288,2016-07-30 15:35:20,9346,24874,
759389559385952257,2016-07-30 16:05:54,3250,9744,
759393092554424320,2016-07-30 16:19:56,3412,10901,
759425642723246084,2016-07-30 18:29:17,4512,19898,
759450053379579905,2016-07-30 20:06:17,7758,25248,
759450265208651776,2016-07-30 20:07:07,8062,24290,
759457253925785604,2016-07-30 20:34:54,9433,19312,
759477522232901632,2016-07-30 21:55:26,6994,23831,
759479059046883328,2016-07-30 22:01:32,10090,29406,
759506712516784128,2016-07-30 23:51:25,7144,23486,
759507812963737600,2016-07-30 23:55:48,8813,21990,
759509936002957314,2016-07-31 00:04:14,8635,25765,
759512042906587137,2016-07-31 00:12:36,7504,23163,
759513644258525184,2016-07-31 00:18:58,9872,31478,
759515080010719232,2016-07-31 00:24:40,6410,15789,
759516008272932864,2016-07-31 00:28:22,8632,27579,
759524001613918208,2016-07-31 01:00:07,9294,38760,
759592590106849280,2016-07-31 05:32:40,10430,35805,
759734698415312897,2016-07-31 14:57:21,12975,38078,
759743648573435905,2016-07-31 15:32:55,15850,48586,
759843323909668865,2016-07-31 22:09:00,8480,32459,
759848885900763141,2016-07-31 22:31:06,11734,30237,
759915863600304128,2016-08-01 02:57:15,12183,38810,
760070280932982784,2016-08-01 13:10:51,7475,23928,
760074526059270144,2016-08-01 13:27:43,10421,29824,
760095370185674752,2016-08-01 14:50:32,5115,16254,
760098514319835136,2016-08-01 15:03:02,5637,18050,
760125021280960512,2016-08-01 16:48:22,7324,16546,
760126146830794753,2016-08-01 16:52:50,3173,10354,
760184028293173248,2016-08-01 20:42:50,8130,24105,
760184176591208448,2016-08-01 20:43:25,6695,21855,
760184336603811842,2016-08-01 20:44:04,10860,26772,
760184664468418560,2016-08-01 20:45:22,9583,27998,
760185067054465024,2016-08-01 20:46:58,6567,19585,
760185303483187201,2016-08-01 20:47:54,7814,25193,
760213628926779392,2016-08-01 22:40:27,7729,22360,
760214225830772737,2016-08-01 22:42:50,4118,15131,
760229355784138752,2016-08-01 23:42:57,13964,31167,
760245342231158785,2016-08-02 00:46:28,11064,20457,
760246732152311808,2016-08-02 00:52:00,9296,23020,
760246898095775744,2016-08-02 00:52:39,10170,24407,
760247348673077248,2016-08-02 00:54:27,9163,17728,
760249495754006528,2016-08-02 01:02:59,3329,9949,
760255085561597952,2016-08-02 01:25:11,5135,15420,
760287440435187712,2016-08-02 03:33:45,7171,23324,
760293742381244416,2016-08-02 03:58:48,6099,21555,
760299757206208512,2016-08-02 04:22:42,13328,54472,
760420894271471620,2016-08-02 12:24:03,22630,43410,
760519847461658624,2016-08-02 18:57:16,4282,15127,
760532443061420033,2016-08-02 19:47:19,6360,14146,
760535661699035136,2016-08-02 20:00:06,2978,8736,
760538951581130754,2016-08-02 20:13:10,11374,23269,
760542646888652804,2016-08-02 20:27:51,7359,12701,
760552601356267520,2016-08-02 21:07:25,29204,76731,
760560366447370241,2016-08-02 21:38:16,9369,17872,
760594155835887616,2016-08-02 23:52:32,5205,23709,
760669268539301889,2016-08-03 04:51:00,4660,21449,
760765818917515264,2016-08-03 11:14:40,11446,42060,
760783130978648064,2016-08-03 12:23:27,17062,41367,
760957697579708416,2016-08-03 23:57:07,6395,20347,
760960985524043777,2016-08-04 00:10:11,8811,30444,
760976212068106240,2016-08-04 01:10:41,4848,17528,
761025834350018561,2016-08-04 04:27:52,6380,20329,
761219396635361280,2016-08-04 17:17:01,4931,16005,
761279538106097664,2016-08-04 21:16:00,5034,16781,
761281473492189184,2016-08-04 21:23:41,9021,30183,
761331433810132992,2016-08-05 00:42:13,4648,15662,
761385317169496064,2016-08-05 04:16:20,3637,11852,
761385812390977536,2016-08-05 04:18:18,10646,30663,
761386025323225088,2016-08-05 04:19:08,11184,32012,
761386080272875520,2016-08-05 04:19:22,11047,28605,
761511930238496772,2016-08-05 12:39:27,7429,23491,
761549461893984256,2016-08-05 15:08:35,7709,22532,
761653875413618689,2016-08-05 22:03:29,12492,24815,
761693803120041986,2016-08-06 00:42:08,5039,17222,
761711856457125888,2016-08-06 01:53:53,15401,27893,
761754898602061824,2016-08-06 04:44:55,4805,17204,
761757988516401153,2016-08-06 04:57:11,7109,17097,
761773576101953536,2016-08-06 05:59:08,8888,30309,
761892829434183684,2016-08-06 13:53:00,8041,28976,
761931010548305920,2016-08-06 16:24:43,11666,33603,
761936929902452740,2016-08-06 16:48:14,11501,31234,
761988164382756864,2016-08-06 20:11:50,7482,24928,
762016426102296576,2016-08-06 22:04:08,6967,21275,
762104411707568128,2016-08-07 03:53:45,23786,75266,
762106904436961280,2016-08-07 04:03:39,7376,17835,
762110918721310721,2016-08-07 04:19:37,5264,17560,
762284533341417472,2016-08-07 15:49:29,9152,28421,
762400869858115588,2016-08-07 23:31:46,11405,34726,
762425371874557952,2016-08-08 01:09:08,6521,20712,
762439658911338496,2016-08-08 02:05:54,6817,16189,
762641595439190016,2016-08-08 15:28:20,3488,11102,
762669882571980801,2016-08-08 17:20:44,4593,18082,
762771974657495041,2016-08-09 00:06:25,3630,11209,
762773468479889409,2016-08-09 00:12:21,3056,10266,
762774321580367872,2016-08-09 00:15:44,3825,11381,
762775525756514304,2016-08-09 00:20:31,3940,11545,
762776440681095169,2016-08-09 00:24:09,5242,13286,
762777166476025856,2016-08-09 00:27:02,5219,14077,
762781418778791936,2016-08-09 00:43:56,7622,21603,
762781826549030912,2016-08-09 00:45:33,11158,28517,
762790167732035585,2016-08-09 01:18:42,6635,14719,
762842126900015105,2016-08-09 04:45:10,4846,22067,
762974889275953152,2016-08-09 13:32:43,1862,9802,
762981606755856384,2016-08-09 13:59:25,13944,39983,
762982142783676416,2016-08-09 14:01:33,3265,11892,
762982360853905408,2016-08-09 14:02:25,4699,15328,
763119571309998083,2016-08-09 23:07:38,6735,22206,
763167345405784064,2016-08-10 02:17:28,2975,10537,
763167671974232064,2016-08-10 02:18:46,5845,16227,
763180978588221440,2016-08-10 03:11:39,17885,44745,
763198483927011329,2016-08-10 04:21:12,12560,32220,
763385288295055360,2016-08-10 16:43:30,6619,15523,
763391459110313984,2016-08-10 17:08:01,8355,25776,
763398630812311552,2016-08-10 17:36:31,5650,18324,
763430568721784833,2016-08-10 19:43:26,9163,27436,
763433452893011969,2016-08-10 19:54:53,4533,15247,
763474491183816704,2016-08-10 22:37:58,6422,18479,
763477408909500416,2016-08-10 22:49:33,6033,17515,
763481802254249984,2016-08-10 23:07:01,4299,13233,
763516489865523200,2016-08-11 01:24:51,7552,18974,
763519444576370688,2016-08-11 01:36:35,5006,17626,
763519861406531584,2016-08-11 01:38:15,17591,38782,
763557327295438848,2016-08-11 04:07:07,6948,28801,
763558559833591809,2016-08-11 04:12:01,5941,19332,
763740672012738561,2016-08-11 16:15:40,9207,25738,
763857902490836992,2016-08-12 00:01:30,3457,13724,
763947916184522754,2016-08-12 05:59:11,5479,13336,
763949723833118721,2016-08-12 06:06:22,9991,23269,
763950742755434498,2016-08-12 06:10:25,5799,18065,
764045345332396032,2016-08-12 12:26:20,6768,21068,
764053208394182656,2016-08-12 12:57:34,2584,10449,
764055793951834114,2016-08-12 13:07:51,8640,28225,
764064821000056832,2016-08-12 13:43:43,11507,35277,
764084294704697344,2016-08-12 15:01:06,12847,33676,
764153606765412352,2016-08-12 19:36:31,6493,20634,
764186768522420224,2016-08-12 21:48:18,6582,20155,
764254551822196737,2016-08-13 02:17:38,3541,14049,
764529295901528064,2016-08-13 20:29:23,7826,24808,
764531827168186369,2016-08-13 20:39:26,10066,38263,
764546914683682817,2016-08-13 21:39:23,4556,16307,
764552764177481728,2016-08-13 22:02:38,10582,27973,
764553088204214272,2016-08-13 22:03:55,4296,15352,
764553771879899137,2016-08-13 22:06:38,3962,15118,
764554121324204033,2016-08-13 22:08:01,4248,15637,
764799933325144064,2016-08-14 14:24:48,7918,24218,
764801590415024128,2016-08-14 14:31:23,6563,21181,
764803159692836864,2016-08-14 14:37:37,13999,42758,
764805340823248896,2016-08-14 14:46:17,10657,34293,
764866887511572480,2016-08-14 18:50:51,11489,33426,
764867963845484545,2016-08-14 18:55:07,15279,45149,
764870785634799617,2016-08-14 19:06:20,14740,42294,
764974286931169285,2016-08-15 01:57:37,10752,35374,
764976828914237440,2016-08-15 02:07:43,10633,31649,
764998650598686721,2016-08-15 03:34:25,12903,40633,
765269114973720576,2016-08-15 21:29:09,4643,12552,
765283490887790592,2016-08-15 22:26:17,11373,19292,
765284051938926592,2016-08-15 22:28:30,9173,18341,
765623972234948608,2016-08-16 20:59:14,8468,18396,
765629939811020802,2016-08-16 21:22:57,5941,14751,
765679267086684161,2016-08-17 00:38:57,6485,15789,
765688915932045313,2016-08-17 01:17:18,4978,14685,
765726909925851136,2016-08-17 03:48:16,3514,13968,
765765603743391744,2016-08-17 06:22:01,3768,10681,
765769891278381056,2016-08-17 06:39:04,4626,13001,
765902170084483073,2016-08-17 15:24:41,3074,9500,
765950471160954884,2016-08-17 18:36:37,4700,13499,
765953073072058368,2016-08-17 18:46:57,5137,14186,
765955844055760896,2016-08-17 18:57:58,13635,32294,
766002945485864961,2016-08-17 22:05:08,8507,23704,
766028026987491328,2016-08-17 23:44:48,8417,21539,
766038151206936576,2016-08-18 00:25:02,4998,17869,
766082563064623105,2016-08-18 03:21:30,2979,12496,
766246213079498752,2016-08-18 14:11:48,15668,34165,
766378021355921408,2016-08-18 22:55:33,23058,39762,
766432970441945088,2016-08-19 02:33:54,5695,16015,
766437671652556800,2016-08-19 02:52:35,4071,15096,
766585563805802497,2016-08-19 12:40:15,14296,39584,
766616361720246272,2016-08-19 14:42:38,4970,21226,
766616610975182848,2016-08-19 14:43:37,4826,17548,
766627569110249472,2016-08-19 15:27:10,6518,28941,
766629517083414528,2016-08-19 15:34:54,3518,14187,
766760721115938816,2016-08-20 00:16:16,7983,26286,
766791143291916288,2016-08-20 02:17:09,22407,51571,
766801978085117952,2016-08-20 03:00:12,14939,38735,
766805485466988544,2016-08-20 03:14:08,7525,18905,
766863067858759681,2016-08-20 07:02:57,6922,23527,
767052374934421506,2016-08-20 19:35:11,6168,16265,
767133459148054528,2016-08-21 00:57:23,3270,14983,
767134774687330304,2016-08-21 01:02:37,3007,11956,
767135128950898689,2016-08-21 01:04:02,4830,15901,
767137098679853056,2016-08-21 01:11:51,8426,26497,
767149739418804228,2016-08-21 02:02:05,3682,14185,
767149890464018433,2016-08-21 02:02:41,4657,16187,
767150340726779904,2016-08-21 02:04:28,6588,18726,
767505383430782976,2016-08-22 01:35:17,10661,34457,
767520065608613888,2016-08-22 02:33:38,11667,34265,
767528750749810688,2016-08-22 03:08:08,3097,11830,
767531507665756160,2016-08-22 03:19:06,7044,13252,
767532557235806208,2016-08-22 03:23:16,3367,11910,
767532993686765569,2016-08-22 03:25:00,3538,11489,
767536943353696256,2016-08-22 03:40:42,1989,8371,
767679356466520064,2016-08-22 13:06:36,5364,14060,
767683204039974912,2016-08-22 13:21:53,4235,14420,
767685048703279104,2016-08-22 13:29:13,7975,21179,
767700760113086465,2016-08-22 14:31:39,1935,9306,
767706807619969025,2016-08-22 14:55:40,4986,11354,
767830376735735808,2016-08-22 23:06:42,6871,21952,
767870642716831744,2016-08-23 01:46:42,4961,20808,
767888297125355521,2016-08-23 02:56:51,7081,21655,
767889674530594816,2016-08-23 03:02:19,4816,15750,
768069472464666624,2016-08-23 14:56:46,5754,20193,
768083669550366720,2016-08-23 15:53:11,10231,34069,
768097204376510464,2016-08-23 16:46:58,8254,22227,
768119463421943808,2016-08-23 18:15:25,19389,43633,
768125054584393729,2016-08-23 18:37:38,3704,11603,
768196613680398336,2016-08-23 23:21:59,7347,22751,
768239855310471168,2016-08-24 02:13:49,4626,17058,
768280756682690562,2016-08-24 04:56:21,6346,19341,
768448216744488960,2016-08-24 16:01:46,7439,29966,
768467755339223040,2016-08-24 17:19:24,5935,14242,
768488555828183040,2016-08-24 18:42:04,6377,17907,
768499164967739392,2016-08-24 19:24:13,5226,14808,
768561716149915648,2016-08-24 23:32:46,4212,15085,
768578478266458113,2016-08-25 00:39:23,5595,16338,
768600125413273600,2016-08-25 02:05:24,3796,14888,
768623966713999360,2016-08-25 03:40:08,6560,23444,
768624405777944576,2016-08-25 03:41:53,6698,23120,
768667720149762048,2016-08-25 06:34:00,4364,11199,
768788761635356672,2016-08-25 14:34:58,8712,29151,
768791265811062788,2016-08-25 14:44:55,9344,28982,
768903697166368769,2016-08-25 22:11:41,6623,18403,
768904362211086336,2016-08-25 22:14:20,7895,23558,
768912241349517312,2016-08-25 22:45:38,8421,24288,
768922208987127808,2016-08-25 23:25:15,8839,19539,
769001435484688384,2016-08-26 04:40:04,7844,23136,
769002724218118144,2016-08-26 04:45:11,4481,11046,
769003073943457792,2016-08-26 04:46:34,7085,13878,
769003323856867328,2016-08-26 04:47:34,7666,13775,
769006162926669824,2016-08-26 04:58:51,13927,26674,
769021525638930437,2016-08-26 05:59:54,4630,14875,
769143845892136960,2016-08-26 14:05:57,5914,14540,
769170204941164544,2016-08-26 15:50:42,7576,24424,
769177810678067200,2016-08-26 16:20:55,8954,26365,
769185155198124032,2016-08-26 16:50:06,4829,12508,
769203012250112006,2016-08-26 18:01:03,7648,27284,
769221405820923905,2016-08-26 19:14:09,13263,27337,
769252637350866946,2016-08-26 21:18:15,7017,13470,
769253422549786628,2016-08-26 21:21:22,6726,15987,
769254655939321857,2016-08-26 21:26:16,7034,13997,
769308316350623744,2016-08-27 00:59:30,2076,8929,
769311305480024065,2016-08-27 01:11:22,4327,12285,
769322071297888257,2016-08-27 01:54:09,6293,19849,
769323472048623616,2016-08-27 01:59:43,4065,10616,
769331841316687873,2016-08-27 02:32:59,9889,22521,
769539271678013440,2016-08-27 16:17:14,9789,29671,
769552592158412800,2016-08-27 17:10:10,7723,18848,
769554782151331840,2016-08-27 17:18:52,3818,8753,
769571710924263424,2016-08-27 18:26:08,7778,23436,
769592508879892480,2016-08-27 19:48:47,7584,26521,
769607369869266944,2016-08-27 20:47:50,3725,15051,
769647461459632128,2016-08-27 23:27:08,4991,16359,
769718184836472832,2016-08-28 04:08:10,6220,18508,
769724556949020672,2016-08-28 04:33:29,10384,18828,
769740626497679360,2016-08-28 05:37:21,4085,13684,
769897797319532544,2016-08-28 16:01:53,3720,10457,
769898524439896064,2016-08-28 16:04:46,5270,17791,
770021252002119680,2016-08-29 00:12:27,7267,24622,
770039317142069248,2016-08-29 01:24:14,16249,44079,
770040258796855296,2016-08-29 01:27:59,8936,28346,
770245313345052673,2016-08-29 15:02:47,5971,19008,
770247094439469058,2016-08-29 15:09:52,5723,17787,
770248186241900544,2016-08-29 15:14:12,5638,13438,
770248548571021312,2016-08-29 15:15:39,5837,13737,
770249086255661056,2016-08-29 15:17:47,3564,11569,
770250409843777536,2016-08-29 15:23:02,9086,25737,
770252177512230912,2016-08-29 15:30:04,5954,19039,
770253550639251456,2016-08-29 15:35:31,7476,23632,
770330631783972868,2016-08-29 20:41:49,13827,26046,
770381482229657602,2016-08-30 00:03:53,8867,21199,
770401822121005056,2016-08-30 01:24:42,6542,17322,
770414693869649921,2016-08-30 02:15:51,3965,10793,
770417590351040513,2016-08-30 02:27:21,4317,12022,
770568584443539456,2016-08-30 12:27:21,9424,28899,
770573355191631873,2016-08-30 12:46:19,2812,10269,
770724546454417408,2016-08-30 22:47:05,6698,18673,
770771735092142080,2016-08-31 01:54:36,6508,19909,
770811688966770689,2016-08-31 04:33:22,17109,47478,
770832664303587328,2016-08-31 05:56:43,8129,23869,
770971306766381056,2016-08-31 15:07:38,9092,25709,
771145576381427712,2016-09-01 02:40:07,17296,49101,
771146302134423552,2016-09-01 02:43:00,8451,30266,
771150050940497920,2016-09-01 02:57:54,2788,12661,
771210555822477313,2016-09-01 06:58:19,9551,17810,
771210697552166913,2016-09-01 06:58:53,6622,16636,
771212706275741696,2016-09-01 07:06:52,5920,17356,
771212757517557760,2016-09-01 07:07:04,7250,19663,
771294347501461504,2016-09-01 12:31:17,37585,58357,
771296597963661312,2016-09-01 12:40:13,6006,24855,
771298236376178688,2016-09-01 12:46:44,8371,31969,
771352519457005568,2016-09-01 16:22:26,5412,17406,
771393537900503040,2016-09-01 19:05:25,8277,25192,
771481226578460672,2016-09-02 00:53:52,3326,13377,
771686352438042624,2016-09-02 14:28:58,4968,17754,
771687247951298560,2016-09-02 14:32:31,7932,24260,
771688054344089601,2016-09-02 14:35:44,6117,25163,
771753541698523136,2016-09-02 18:55:57,8722,21669,
771854023544549377,2016-09-03 01:35:14,7953,22035,
772036179420127232,2016-09-03 13:39:03,10767,25323,
772123965938597888,2016-09-03 19:27:53,9382,24360,
772166085974130697,2016-09-03 22:15:15,5384,15985,
772170704687099904,2016-09-03 22:33:36,10115,32324,
772171469476552704,2016-09-03 22:36:39,11756,34274,
772417922279043073,2016-09-04 14:55:58,7995,24849,
772465330740404225,2016-09-04 18:04:21,5797,18576,
772467120114397184,2016-09-04 18:11:27,4875,15879,
772556213313765377,2016-09-05 00:05:29,6038,18471,
772571293438840832,2016-09-05 01:05:24,5201,17917,
772574369633763329,2016-09-05 01:17:38,11691,30227,
772576650718482432,2016-09-05 01:26:41,10599,31542,
772582467601588224,2016-09-05 01:49:48,16234,41770,
772606281576280064,2016-09-05 03:24:26,4152,13663,
772607185851408387,2016-09-05 03:28:02,4837,15791,
772607833275830272,2016-09-05 03:30:36,3762,13215,
772645091802480640,2016-09-05 05:58:39,4058,14810,
772645423097995264,2016-09-05 05:59:58,3160,11837,
772793658072559616,2016-09-05 15:49:00,8160,24342,
772797202922082304,2016-09-05 16:03:05,6620,16087,
772798809508372480,2016-09-05 16:09:28,4984,13459,
772840545668493312,2016-09-05 18:55:19,5098,16399,
772863407620034560,2016-09-05 20:26:10,8777,22294,
772928797419143168,2016-09-06 00:46:00,8039,22399,
773113752271060992,2016-09-06 13:00:56,6016,22712,
773116580733587456,2016-09-06 13:12:11,9269,26439,
773140702972801024,2016-09-06 14:48:02,4825,15808,
773140953133641729,2016-09-06 14:49:02,8947,24003,
773145023319867392,2016-09-06 15:05:12,5711,17239,
773181751749402624,2016-09-06 17:31:09,11666,30320,
773206341296979972,2016-09-06 19:08:51,10602,28510,
773218706084290565,2016-09-06 19:57:59,4077,11935,
773250022045548544,2016-09-06 22:02:26,7258,22561,
773281879848062976,2016-09-07 00:09:01,5708,16475,
773318106630463488,2016-09-07 02:32:58,5582,16533,
773330142785630208,2016-09-07 03:20:48,2574,11165,
773375897554526208,2016-09-07 06:22:37,4456,14407,
773539317377478657,2016-09-07 17:11:59,7226,19276,
773584728276475905,2016-09-07 20:12:26,7606,23008,
773617820944961536,2016-09-07 22:23:56,5968,18959,
773643843476611072,2016-09-08 00:07:20,6996,18379,
773733162245582849,2016-09-08 06:02:15,8011,31658,
773823089331277824,2016-09-08 11:59:36,8036,19504,
773833021837438977,2016-09-08 12:39:04,3352,14177,
773834064465920000,2016-09-08 12:43:12,1971,9061,
773836389943246848,2016-09-08 12:52:27,4342,18526,
773855962528620548,2016-09-08 14:10:13,7320,24787,
773903163296473088,2016-09-08 17:17:47,9327,30098,
773920230192054272,2016-09-08 18:25:36,8839,26068,
773948120069615616,2016-09-08 20:16:25,4124,14596,
773948271140016128,2016-09-08 20:17:01,4262,14421,
773972305642913792,2016-09-08 21:52:32,13101,31785,
774033670239760384,2016-09-09 01:56:22,8754,21852,
774044548293074944,2016-09-09 02:39:36,12642,37367,
774064919633428480,2016-09-09 04:00:32,8991,23526,
774097705513517057,2016-09-09 06:10:49,6829,22264,
774255510191239170,2016-09-09 16:37:53,13025,36439,
774256782290128896,2016-09-09 16:42:56,3780,12079,
774299479155544064,2016-09-09 19:32:36,4323,14508,
774354404162039808,2016-09-09 23:10:51,8250,18178,
774385288948817920,2016-09-10 01:13:34,6731,18753,
774386793038778368,2016-09-10 01:19:33,7184,19294,
774399833733947393,2016-09-10 02:11:22,2978,12284,
774435151975747584,2016-09-10 04:31:43,5958,17194,
774484342030602240,2016-09-10 07:47:11,3638,13790,
774487060384276480,2016-09-10 07:57:59,3548,14265,
774491376906100736,2016-09-10 08:15:08,4034,17779,
774585883165093888,2016-09-10 14:30:40,2007,8599,
774589019929866240,2016-09-10 14:43:08,5038,20598,
774590070355529728,2016-09-10 14:47:18,17952,51805,
774637168769830912,2016-09-10 17:54:27,10213,30467,
774673449885192192,2016-09-10 20:18:37,21348,60167,
774753598970466304,2016-09-11 01:37:06,12812,37863,
774778026479513600,2016-09-11 03:14:10,6634,23572,
775024731883991040,2016-09-11 19:34:30,9839,22496,
775275158340853760,2016-09-12 12:09:36,2644,12508,
775293160838819841,2016-09-12 13:21:08,1985,9683,
775361266001084416,2016-09-12 17:51:45,7949,27159,
775492989175160836,2016-09-13 02:35:11,6845,27199,
775496470816514048,2016-09-13 02:49:01,4457,16606,
775534440240013312,2016-09-13 05:19:53,3527,11559,
775683959061708800,2016-09-13 15:14:02,3511,12354,
775710725926952961,2016-09-13 17:00:23,4405,13343,
775781315081740289,2016-09-13 21:40:53,2422,9674,
775818716596477952,2016-09-14 00:09:30,9124,19186,
775883010508029953,2016-09-14 04:24:59,6311,15922,
775887550506536960,2016-09-14 04:43:01,3178,9314,
775888025213599744,2016-09-14 04:44:55,3438,10004,
775888611615080448,2016-09-14 04:47:14,3531,10244,
775894243143483392,2016-09-14 05:09:37,20429,52544,
775897251533160448,2016-09-14 05:21:34,6810,19107,
776053900780695553,2016-09-14 15:44:02,6432,19475,
776058538137452548,2016-09-14 16:02:28,9741,28782,
776101877805158400,2016-09-14 18:54:41,2280,7858,
776160185337413632,2016-09-14 22:46:23,6063,17011,
776169656080039936,2016-09-14 23:24:01,6814,20648,
776213027989426176,2016-09-15 02:16:21,3298,11051,
776223340595937280,2016-09-15 02:57:20,5220,16314,
776247579600453632,2016-09-15 04:33:39,5586,16840,
776254365627719680,2016-09-15 05:00:37,2547,10558,
776269061823074304,2016-09-15 05:59:01,6679,22934,
776270376846422017,2016-09-15 06:04:14,2952,11848,
776372090068955136,2016-09-15 12:48:25,1783,9136,
776428916303138816,2016-09-15 16:34:13,3133,11039,
776432922450616320,2016-09-15 16:50:08,7432,20327,
776445262420123648,2016-09-15 17:39:10,2881,9234,
776468635955130368,2016-09-15 19:12:03,5104,13475,
776528966668652544,2016-09-15 23:11:47,3110,11554,
776551473475887104,2016-09-16 00:41:13,3336,12044,
776552722195705857,2016-09-16 00:46:11,9050,24457,
776611024996823040,2016-09-16 04:37:51,2100,8699,
776612349079855104,2016-09-16 04:43:07,3695,12891,
776624517087133696,2016-09-16 05:31:28,4944,15472,
776773380414537728,2016-09-16 15:23:00,5437,22181,
776842647294009344,2016-09-16 19:58:14,8727,22681,
776888753499561984,2016-09-16 23:01:27,8647,25364,
776952133358751744,2016-09-17 03:13:18,4819,19253,
776998082936315904,2016-09-17 06:15:53,7155,22709,
777004964409335808,2016-09-17 06:43:14,4357,11969,
777013142526185473,2016-09-17 07:15:44,5737,16098,
777015676586172417,2016-09-17 07:25:48,6982,17664,
777022559367770112,2016-09-17 07:53:09,11864,33666,
777112789672341504,2016-09-17 13:51:41,6131,20100,
777133433915002880,2016-09-17 15:13:43,10479,33058,
777197604887113728,2016-09-17 19:28:43,5080,17077,
777197786039103488,2016-09-17 19:29:26,4551,15308,
777260548991819776,2016-09-17 23:38:50,8323,26208,
777280259875975169,2016-09-18 00:57:09,6629,22892,
777281927841587200,2016-09-18 01:03:47,4765,19387,
777284744253812740,2016-09-18 01:14:58,4785,16910,
777494113834917888,2016-09-18 15:06:56,13279,44830,
777616135856545792,2016-09-18 23:11:48,9967,28911,
777696356211326976,2016-09-19 04:30:34,16284,41313,
777696726933180416,2016-09-19 04:32:03,10440,34101,
777825186758418432,2016-09-19 13:02:30,1792,9544,
777843428449251328,2016-09-19 14:14:59,3883,12669,
777846568741441536,2016-09-19 14:27:28,6483,15212,
777908242538196992,2016-09-19 18:32:32,13645,41715,
777910435425226753,2016-09-19 18:41:15,13219,35177,
777913567676866560,2016-09-19 18:53:42,8764,21289,
777958440211771392,2016-09-19 21:52:00,6769,14652,
778024608733749249,2016-09-20 02:14:56,2382,11370,
778025630956912640,2016-09-20 02:19:00,8950,23751,
778027605572329472,2016-09-20 02:26:50,7007,19339,
778202693215068161,2016-09-20 14:02:35,7797,23492,
778229686769967104,2016-09-20 15:49:50,4936,14584,
778229963216519168,2016-09-20 15:50:56,5016,14816,
778237485402980352,2016-09-20 16:20:50,10162,33553,
778237787355111424,2016-09-20 16:22:02,5496,20435,
778238281196662784,2016-09-20 16:23:59,24487,63065,
778331181083418624,2016-09-20 22:33:08,8172,24448,
778385212505989120,2016-09-21 02:07:51,6921,21206,
778553790568001540,2016-09-21 13:17:43,14287,36342,
778584630396129281,2016-09-21 15:20:15,8039,23831,
778585375174451200,2016-09-21 15:23:13,11161,33090,
778701067588472832,2016-09-21 23:02:56,7665,24704,
778724315244040194,2016-09-22 00:35:19,8727,23110,
778758058394738689,2016-09-22 02:49:24,4833,17280,
778759324491538432,2016-09-22 02:54:26,3877,13408,
778760237629210624,2016-09-22 02:58:03,3334,12411,
778912230633005056,2016-09-22 13:02:01,1926,10666,
778968533749338112,2016-09-22 16:45:45,3783,11575,
779127602988650498,2016-09-23 03:17:50,5201,15853,
779140534753435648,2016-09-23 04:09:13,6959,23541,
779349049778601984,2016-09-23 17:57:47,5283,13984,
779371482329837568,2016-09-23 19:26:56,16605,33544,
779372844513947648,2016-09-23 19:32:20,5925,13535,
779413482882162688,2016-09-23 22:13:49,3842,11425,
779503099492831233,2016-09-24 04:09:56,7665,23770,
779638140810194944,2016-09-24 13:06:32,5879,16326,
779660413000617985,2016-09-24 14:35:02,10453,36493,
779662636770353152,2016-09-24 14:43:52,8460,21152,
779684468814667777,2016-09-24 16:10:37,4041,13819,
779729180334387200,2016-09-24 19:08:17,26402,50975,
779827513375780864,2016-09-25 01:39:02,5418,17639,
780021651962462208,2016-09-25 14:30:28,7205,24287,
780030282854432768,2016-09-25 15:04:46,7048,22294,
780034352604405760,2016-09-25 15:20:56,7176,26447,
780108403326775297,2016-09-25 20:15:11,9848,26245,
780199873979219968,2016-09-26 02:18:40,9280,25183,
780213717082529792,2016-09-26 03:13:40,14328,53360,
780377077518364673,2016-09-26 14:02:48,9709,24530,
780535389853458432,2016-09-27 00:31:53,16082,49623,
780569413321789440,2016-09-27 02:47:05,15571,29199,
780577426657120258,2016-09-27 03:18:55,6627,15399,
780578636294459392,2016-09-27 03:23:43,4394,11610,
780579728964980736,2016-09-27 03:28:04,6569,18224,
780579923295600640,2016-09-27 03:28:50,8393,20289,
780580825234415616,2016-09-27 03:32:25,6870,14683,
780581215820591104,2016-09-27 03:33:59,10553,19410,
780581933176778752,2016-09-27 03:36:50,11295,28800,
780585742850555904,2016-09-27 03:51:58,10702,30445,
780592744355893248,2016-09-27 04:19:47,4841,10282,
780593298247483392,2016-09-27 04:21:59,7668,17569,
780594362862362624,2016-09-27 04:26:13,19288,36312,
780594918616162304,2016-09-27 04:28:26,10318,23574,
780596871102201856,2016-09-27 04:36:11,5743,12881,
780597941979480064,2016-09-27 04:40:26,25895,49896,
780598541441912832,2016-09-27 04:42:49,7426,16392,
780617562476441601,2016-09-27 05:58:24,16561,35655,
780618351601192960,2016-09-27 06:01:32,6573,19660,
780618680338178048,2016-09-27 06:02:51,4879,12642,
780626558176333824,2016-09-27 06:34:09,10742,34689,
780637633890451456,2016-09-27 07:18:10,6697,21098,
780642262921441280,2016-09-27 07:36:33,10574,23576,
780644145492877312,2016-09-27 07:44:02,14339,31015,
780646830090641408,2016-09-27 07:54:42,9508,22026,
780656338628145153,2016-09-27 08:32:29,9516,21310,
780719876335894528,2016-09-27 12:44:58,4058,14647,
780752274020761601,2016-09-27 14:53:42,21729,62534,
780752731418009600,2016-09-27 14:55:31,7152,15420,
780757611914391552,2016-09-27 15:14:55,9501,28265,
780758306239512577,2016-09-27 15:17:40,18385,50759,
780766220618436608,2016-09-27 15:49:07,6485,14212,
780781327050235905,2016-09-27 16:49:09,13329,33865,
780781898071207940,2016-09-27 16:51:25,7655,17115,
780783037743267840,2016-09-27 16:55:57,6253,10861,
780796008854876160,2016-09-27 17:47:29,14849,29144,
780813996739981316,2016-09-27 18:58:58,5197,14051,
780826236213927937,2016-09-27 19:47:36,9631,30951,
780853860135006211,2016-09-27 21:37:22,9253,31148,
780859319319400448,2016-09-27 21:59:04,7629,20505,
780861171238834176,2016-09-27 22:06:25,6465,15222,
780863218646474757,2016-09-27 22:14:33,6157,13546,
780876760086880256,2016-09-27 23:08:22,8228,19374,
780893126605037568,2016-09-28 00:13:24,4756,12287,
780935820299599872,2016-09-28 03:03:03,14112,38552,
780954455504199680,2016-09-28 04:17:06,8576,24729,
781111479974199296,2016-09-28 14:41:03,9402,32190,
781166581963296768,2016-09-28 18:20:01,3805,9779,
781183298110230528,2016-09-28 19:26:26,5537,14753,
781186755177308165,2016-09-28 19:40:10,6213,14900,
781265981675036672,2016-09-29 00:54:59,7444,17232,
781280866634964992,2016-09-29 01:54:08,3277,8960,
781282739026735105,2016-09-29 02:01:35,3677,11893,
781325613189754880,2016-09-29 04:51:57,5765,13561,
781333457477758976,2016-09-29 05:23:07,5625,13264,
781338220609073152,2016-09-29 05:42:03,6146,13577,
781555624446418944,2016-09-29 20:05:56,9526,33307,
781573427417128960,2016-09-29 21:16:40,6024,13607,
781608228710785024,2016-09-29 23:34:57,5526,14147,
781619038699094016,2016-09-30 00:17:55,14563,25977,
781678954570735616,2016-09-30 04:16:00,11569,31788,
781755469488615424,2016-09-30 09:20:02,15875,38557,
781784161044553728,2016-09-30 11:14:03,9385,24147,
781785509639118848,2016-09-30 11:19:25,9764,24245,
781788223055994880,2016-09-30 11:30:11,15065,29263,
781838706030313472,2016-09-30 14:50:48,14479,32755,
781861632167256064,2016-09-30 16:21:54,11764,32202,
781922648645185536,2016-09-30 20:24:21,22310,46374,
781926033159249920,2016-09-30 20:37:48,41166,108164,
781947646319665152,2016-09-30 22:03:41,4962,11220,
781949464152006657,2016-09-30 22:10:54,7196,17504,
781992481160323072,2016-10-01 01:01:50,8918,20845,
782020266771812352,2016-10-01 02:52:15,14955,33860,
782264189574377472,2016-10-01 19:01:31,13778,25098,
782313153308884992,2016-10-01 22:16:05,9020,30136,
782321125984436224,2016-10-01 22:47:45,8941,23331,
782330717539803136,2016-10-01 23:25:52,9229,25575,
782331741369462784,2016-10-01 23:29:56,7612,25174,
782541307168391168,2016-10-02 13:22:41,13232,34481,
782544407593619457,2016-10-02 13:35:00,16247,42889,
782553353242841088,2016-10-02 14:10:33,8880,22949,
782698760514207744,2016-10-02 23:48:21,13804,36519,
782701472685420544,2016-10-02 23:59:07,10308,32166,
782728287718150144,2016-10-03 01:45:40,11675,31251,
782946021957599232,2016-10-03 16:10:52,5138,11551,
783059449128759296,2016-10-03 23:41:35,5516,12603,
783065029172088832,2016-10-04 00:03:46,9878,20545,
783129603363659776,2016-10-04 04:20:21,7721,18005,
783149570721144832,2016-10-04 05:39:42,5719,12272,
783390310969651200,2016-10-04 21:36:19,2743,7670,
783391423663964160,2016-10-04 21:40:44,6150,21331,
783393314309484544,2016-10-04 21:48:15,7987,19598,
783436108176629760,2016-10-05 00:38:18,5754,16151,
783452759462850560,2016-10-05 01:44:28,4640,11573,
783455640643514368,2016-10-05 01:55:55,9830,28563,
783459936361512960,2016-10-05 02:12:59,6946,29326,
783461358436089856,2016-10-05 02:18:38,4481,17473,
783472068796911616,2016-10-05 03:01:12,3378,14933,
783473247694102528,2016-10-05 03:05:53,1832,9584,
783473285535150080,2016-10-05 03:06:02,3085,12121,
783474976842059777,2016-10-05 03:12:45,5603,18056,
783475635712765952,2016-10-05 03:15:22,3116,15165,
783475795238858752,2016-10-05 03:16:00,4631,19689,
783477336645566464,2016-10-05 03:22:08,5004,17806,
783478348848574465,2016-10-05 03:26:09,4214,17070,
783478918087004160,2016-10-05 03:28:25,7656,24574,
783479122555080704,2016-10-05 03:29:13,4085,14711,
783479483873583105,2016-10-05 03:30:39,9209,37623,
783480144614658048,2016-10-05 03:33:17,4431,15527,
783480283752390656,2016-10-05 03:33:50,3751,14833,
783480517089828866,2016-10-05 03:34:46,4101,17040,
783480600724328448,2016-10-05 03:35:06,3084,11600,
783480681229799424,2016-10-05 03:35:25,1537,7246,
783480766231552000,2016-10-05 03:35:45,8550,18433,
783481240108146688,2016-10-05 03:37:38,5829,24178,
783483379966554114,2016-10-05 03:46:08,5397,14871,
783484550861037568,2016-10-05 03:50:48,9562,32550,
783485003795529728,2016-10-05 03:52:36,5915,19286,
783485391084978176,2016-10-05 03:54:08,5226,18535,
783488370110451712,2016-10-05 04:05:58,5367,14214,
783489376651137025,2016-10-05 04:09:58,6133,12415,
783489985718517760,2016-10-05 04:12:23,7625,19142,
783490308818337796,2016-10-05 04:13:40,4567,12305,
783490731964981248,2016-10-05 04:15:21,5407,12388,
783490959027732484,2016-10-05 04:16:15,9278,16500,
783491875885813761,2016-10-05 04:19:54,5441,15254,
783492506319069184,2016-10-05 04:22:24,7708,18974,
783492660128419840,2016-10-05 04:23:01,5211,15797,
783493582803972096,2016-10-05 04:26:41,5663,13768,
783493739486416896,2016-10-05 04:27:18,8079,26341,
783494014276218884,2016-10-05 04:28:24,8769,27914,
783495937708527616,2016-10-05 04:36:02,30147,104667,
783660227530862592,2016-10-05 15:28:52,11229,41917,
783738595987169280,2016-10-05 20:40:17,6585,16331,
783741835420110848,2016-10-05 20:53:09,5268,12845,
783776670339641344,2016-10-05 23:11:34,5127,12608,
783778741646270464,2016-10-05 23:19:48,13988,34794,
783779512425119744,2016-10-05 23:22:52,9186,25675,
783789606663778304,2016-10-06 00:02:58,8391,18984,
783803377977135104,2016-10-06 00:57:42,6943,15998,
783803924050350080,2016-10-06 00:59:52,6026,14344,
783808918824681472,2016-10-06 01:19:43,11561,24707,
783838014363623424,2016-10-06 03:15:20,6080,15636,
783842408949841921,2016-10-06 03:32:48,7576,16608,
783847514088824832,2016-10-06 03:53:05,7798,17158,
783880036172623873,2016-10-06 06:02:19,7456,15916,
783881566510546944,2016-10-06 06:08:23,10508,26534,
783885674575491073,2016-10-06 06:24:43,14843,45612,
784132532073881600,2016-10-06 22:45:38,6763,10990,
784133078969090049,2016-10-06 22:47:49,9453,19628,
784149222870351872,2016-10-06 23:51:58,7739,16374,
784150639689490432,2016-10-06 23:57:35,9432,23676,
784164902780882944,2016-10-07 00:54:16,11082,24225,
784216198259085312,2016-10-07 04:18:06,5892,16536,
784227699321634817,2016-10-07 05:03:48,15045,45454,
784609194234306560,2016-10-08 06:19:43,43867,103421,
784767399442653184,2016-10-08 16:48:22,18410,51809,
784840992734064641,2016-10-08 21:40:48,34419,90497,
784916001783709696,2016-10-09 02:38:52,13152,44199,
785102728334893056,2016-10-09 15:00:51,15484,48124,
785106800572063744,2016-10-09 15:17:02,14804,21198,
785118003696373762,2016-10-09 16:01:33,8975,21333,
785118235452665856,2016-10-09 16:02:28,9664,25263,
785118470753095680,2016-10-09 16:03:24,8947,23278,
785118735543767040,2016-10-09 16:04:28,8763,22686,
785118941974757376,2016-10-09 16:05:17,7028,18846,
785120729364922369,2016-10-09 16:12:23,15416,41936,
785148463868735488,2016-10-09 18:02:35,8487,18494,
785167148150820864,2016-10-09 19:16:50,11719,19435,
785245066881216512,2016-10-10 00:26:27,6085,14400,
785260151099961345,2016-10-10 01:26:24,3802,11052,
785274843042230280,2016-10-10 02:24:46,10641,35525,
785286584950198272,2016-10-10 03:11:26,4880,12485,
785286990153543681,2016-10-10 03:13:03,7025,20926,
785289587157504000,2016-10-10 03:23:22,11964,32875,
785289945837629440,2016-10-10 03:24:47,3158,7884,
785290517835841536,2016-10-10 03:27:04,16672,38526,
785290904093491200,2016-10-10 03:28:36,7023,20298,
785291077649588226,2016-10-10 03:29:17,11006,28703,
785291193194254336,2016-10-10 03:29:45,15014,33240,
785291804816052225,2016-10-10 03:32:10,7788,14206,
785292623623905280,2016-10-10 03:35:26,5994,18110,
785292868915236868,2016-10-10 03:36:24,5917,16430,
785293229390454784,2016-10-10 03:37:50,23252,43455,
785294546326417408,2016-10-10 03:43:04,6105,13412,
785295100674998272,2016-10-10 03:45:16,6364,15607,
785295867863568384,2016-10-10 03:48:19,6100,12159,
785296272890662912,2016-10-10 03:49:56,9618,29009,
785296480672382979,2016-10-10 03:50:45,6431,16446,
785296681847906306,2016-10-10 03:51:33,5925,11624,
785298212513021953,2016-10-10 03:57:38,5176,14444,
785298936751882240,2016-10-10 04:00:31,26117,59578,
785300490716348416,2016-10-10 04:06:41,9763,19348,
785300814051041281,2016-10-10 04:07:58,6757,18199,
785301286816210944,2016-10-10 04:09:51,7581,15233,
785301685157695492,2016-10-10 04:11:26,6275,14972,
785302681560748033,2016-10-10 04:15:24,9617,23852,
785303494551044097,2016-10-10 04:18:37,10031,17649,
785303736868560897,2016-10-10 04:19:35,8465,22213,
785303987700527104,2016-10-10 04:20:35,12288,29533,
785304300364922880,2016-10-10 04:21:50,12593,34122,
785304682960916480,2016-10-10 04:23:21,4155,8859,
785305058757971968,2016-10-10 04:24:50,8150,20360,
785306429250998272,2016-10-10 04:30:17,10341,24690,
785306782033907713,2016-10-10 04:31:41,10177,22386,
785323809062653952,2016-10-10 05:39:21,13940,47821,
785527400528568320,2016-10-10 19:08:21,10174,43043,
785530928256933888,2016-10-10 19:22:22,25703,69380,
785559022082658305,2016-10-10 21:14:00,12190,28260,
785561269571026946,2016-10-10 21:22:56,13596,30153,
785563318652178432,2016-10-10 21:31:04,24339,59102,
785608815962099712,2016-10-11 00:31:52,17066,32476,
785654535234531329,2016-10-11 03:33:32,13158,33250,
785816454042124288,2016-10-11 14:16:57,15620,49729,
785828772423561216,2016-10-11 15:05:53,15297,36637,
785842546878578688,2016-10-11 16:00:38,20239,54507,
785846205750337537,2016-10-11 16:15:10,12840,35120,
785854588654092290,2016-10-11 16:48:29,19896,49864,
785863826361184257,2016-10-11 17:25:11,16318,26060,
785885793340448769,2016-10-11 18:52:28,19103,41238,
785890855760465920,2016-10-11 19:12:35,7018,24172,
785898532645502980,2016-10-11 19:43:06,20238,48558,
785910334427058177,2016-10-11 20:29:59,11519,18245,
785913754194104320,2016-10-11 20:43:35,24835,44213,
785947219216125952,2016-10-11 22:56:33,6987,13828,
785957064480653313,2016-10-11 23:35:41,11036,26278,
785979396620324865,2016-10-12 01:04:25,24650,50669,
786007502639038464,2016-10-12 02:56:06,6747,15787,
786054986534969344,2016-10-12 06:04:47,16474,42467,
786189446274248704,2016-10-12 14:59:05,15859,42953,
786201435486781440,2016-10-12 15:46:43,20347,47206,
786204978629185536,2016-10-12 16:00:48,21613,35883,
786285509668696065,2016-10-12 21:20:48,12607,33149,
786310855843512320,2016-10-12 23:01:31,10112,22404,
786340623804751872,2016-10-13 00:59:48,7659,18803,
786554517680693248,2016-10-13 15:09:45,13352,35008,
786560925113266176,2016-10-13 15:35:12,12490,29829,
786565208663785476,2016-10-13 15:52:14,6305,15198,
786589172911964161,2016-10-13 17:27:27,12095,26994,
786589454991499264,2016-10-13 17:28:34,8232,25998,
786658827429154816,2016-10-13 22:04:14,7596,26578,
786691718062235649,2016-10-14 00:14:56,9117,26143,
786700864752914433,2016-10-14 00:51:17,14245,36653,
786710113163812864,2016-10-14 01:28:02,6707,16427,
786716631644897280,2016-10-14 01:53:56,4895,14137,
786737820669009921,2016-10-14 03:18:07,15146,40971,
786950598826532864,2016-10-14 17:23:38,12453,22934,
787012170630455297,2016-10-14 21:28:18,8547,21750,
787025537483046913,2016-10-14 22:21:25,10866,23165,
787099202291634177,2016-10-15 03:14:08,10593,28312,
787127225581707265,2016-10-15 05:05:29,13358,27301,
787244543003467776,2016-10-15 12:51:40,13650,35293,
787258211283918848,2016-10-15 13:45:58,25927,68283,
787266044213723138,2016-10-15 14:17:06,5544,13233,
787267564405653505,2016-10-15 14:23:08,30370,73020,
787320326573228032,2016-10-15 17:52:48,11691,22285,
787320961934688257,2016-10-15 17:55:19,6425,19695,
787355131062943744,2016-10-15 20:11:06,11173,27592,
787359730465329152,2016-10-15 20:29:22,17736,51056,
787425145489072128,2016-10-16 00:49:18,13572,32598,
787430717387055105,2016-10-16 01:11:27,9668,22474,
787443714239164416,2016-10-16 02:03:06,7289,19030,
787443829146353664,2016-10-16 02:03:33,8226,17913,
787444478512603136,2016-10-16 02:06:08,8540,21828,
787612552654155776,2016-10-16 13:14:00,15668,45055,
787618207444131840,2016-10-16 13:36:28,15255,41520,
787632098794467328,2016-10-16 14:31:40,16172,39390,
787642321072513024,2016-10-16 15:12:17,11087,20782,
787643017234636800,2016-10-16 15:15:03,13977,24666,
787686322001612800,2016-10-16 18:07:08,11343,20238,
787686533209939968,2016-10-16 18:07:58,20372,31100,
787699930718695425,2016-10-16 19:01:12,18305,48644,
787736416671367168,2016-10-16 21:26:11,12084,22659,
787748349898264576,2016-10-16 22:13:36,5940,13718,
787756849453989889,2016-10-16 22:47:23,10618,27530,
787758668565581824,2016-10-16 22:54:37,9520,25515,
787760670590791680,2016-10-16 23:02:34,12518,32585,
787779039079624704,2016-10-17 00:15:33,12499,27623,
787782613633208320,2016-10-17 00:29:46,19284,38058,
787783828358258688,2016-10-17 00:34:35,12564,32880,
787990502415167488,2016-10-17 14:15:50,8657,23609,
787991439196229632,2016-10-17 14:19:33,10120,15612,
787992753829478400,2016-10-17 14:24:47,8813,15582,
787993803504414720,2016-10-17 14:28:57,7092,15672,
787995025527410688,2016-10-17 14:33:48,12065,30114,
787995512448380928,2016-10-17 14:35:45,16186,40951,
788031447932215300,2016-10-17 16:58:32,12864,22699,
788036918764269568,2016-10-17 17:20:17,12366,21979,
788037987556794368,2016-10-17 17:24:31,16882,39966,
788050035539865600,2016-10-17 18:12:24,12013,31361,
788095098902962176,2016-10-17 21:11:28,9494,15081,
788098066075230208,2016-10-17 21:23:15,12484,18129,
788100107220709376,2016-10-17 21:31:22,11661,31117,
788123233442824192,2016-10-17 23:03:16,24252,47114,
788132030429233153,2016-10-17 23:38:13,4684,10963,
788133616593276928,2016-10-17 23:44:31,6586,13390,
788138062853332997,2016-10-18 00:02:11,12591,32712,
788144305701548032,2016-10-18 00:27:00,6874,25306,
788149137820614657,2016-10-18 00:46:12,10188,15972,
788150475258343424,2016-10-18 00:51:31,39361,58098,
788193441733808128,2016-10-18 03:42:15,14077,21576,
788193776577675264,2016-10-18 03:43:34,9659,18140,
788199901209452544,2016-10-18 04:07:55,14115,35590,
788342075582328832,2016-10-18 13:32:52,11832,27314,
788402585816276992,2016-10-18 17:33:18,11610,23222,
788402786970939392,2016-10-18 17:34:06,13318,22084,
788403448593002496,2016-10-18 17:36:44,17142,32046,
788440948275421184,2016-10-18 20:05:45,9733,14544,
788450384809340928,2016-10-18 20:43:15,7104,12842,
788468036541874176,2016-10-18 21:53:23,11087,27909,
788495515021299713,2016-10-18 23:42:34,14465,21857,
788538003836678144,2016-10-19 02:31:25,8799,13831,
788538743950938112,2016-10-19 02:34:21,22168,44518,
788543616926912512,2016-10-19 02:53:43,19932,35522,
788545364664070144,2016-10-19 03:00:40,8218,13549,
788552360326893568,2016-10-19 03:28:27,9550,14930,
788765196584038400,2016-10-19 17:34:12,8066,15404,
788786220671176704,2016-10-19 18:57:44,8317,12745,
788786885015457792,2016-10-19 19:00:22,6975,11874,
788803222496346112,2016-10-19 20:05:18,6000,10867,
788803495507832833,2016-10-19 20:06:23,6718,12029,
788804579106226176,2016-10-19 20:10:41,10178,15480,
788819370919157760,2016-10-19 21:09:28,5486,9783,
788824835019255808,2016-10-19 21:31:10,3959,9875,
788831347036917760,2016-10-19 21:57:03,6675,11987,
788852833810427905,2016-10-19 23:22:26,8924,17287,
788853838191075328,2016-10-19 23:26:25,7487,17504,
788854422105235456,2016-10-19 23:28:45,12385,29208,
788865913822916608,2016-10-20 00:14:24,4050,9519,
788866344733114368,2016-10-20 00:16:07,6505,10491,
788876733332062208,2016-10-20 00:57:24,15902,21894,
788904702528229376,2016-10-20 02:48:32,6346,21747,
788906847906304004,2016-10-20 02:57:04,4231,7053,
788907319434158080,2016-10-20 02:58:56,4102,9315,
788908831304654848,2016-10-20 03:04:57,5973,15416,
788909516775567360,2016-10-20 03:07:40,6187,10421,
788910201755742208,2016-10-20 03:10:23,5159,11551,
788910896026357761,2016-10-20 03:13:09,4192,9219,
788911161605443584,2016-10-20 03:14:12,4142,8404,
788912156234227712,2016-10-20 03:18:09,4267,8951,
788913202474000384,2016-10-20 03:22:19,6600,14367,
788913356656652289,2016-10-20 03:22:56,5902,10928,
788913564765478913,2016-10-20 03:23:45,5578,13949,
788913709313699840,2016-10-20 03:24:20,5150,11375,
788914665136922624,2016-10-20 03:28:08,4947,12965,
788914805583208449,2016-10-20 03:28:41,4104,8071,
788914975779663872,2016-10-20 03:29:22,9443,17779,
788915831094677507,2016-10-20 03:32:46,5354,10209,
788916346432000000,2016-10-20 03:34:49,7398,13457,
788917052337557505,2016-10-20 03:37:37,5819,10736,
788917347826278404,2016-10-20 03:38:47,3740,8624,
788917524322627585,2016-10-20 03:39:29,4613,8332,
788917570317320192,2016-10-20 03:39:40,6018,10743,
788918380082319360,2016-10-20 03:42:53,3165,7140,
788918790624948224,2016-10-20 03:44:31,3427,7927,
788918810040344576,2016-10-20 03:44:36,5344,9368,
788919099275390976,2016-10-20 03:45:45,5203,14184,
788919388850094080,2016-10-20 03:46:54,5377,10875,
788919918007758849,2016-10-20 03:49:00,3920,7998,
788920252931280896,2016-10-20 03:50:20,4305,10524,
788920482238038016,2016-10-20 03:51:15,6841,13018,
788920628535435265,2016-10-20 03:51:49,5572,14844,
788921604130562052,2016-10-20 03:55:42,9244,14125,
788921683629400064,2016-10-20 03:56:01,11391,20842,
788921907835830272,2016-10-20 03:56:54,8027,12860,
788921932523593728,2016-10-20 03:57:00,6181,13627,
788922326729367552,2016-10-20 03:58:34,5551,11897,
788922462733869056,2016-10-20 03:59:07,7244,13607,
788923253473419264,2016-10-20 04:02:15,6102,13373,
788923410353008640,2016-10-20 04:02:53,5630,10858,
788924731541958656,2016-10-20 04:08:08,4968,9623,
788925593051992065,2016-10-20 04:11:33,6493,13816,
788926328976187392,2016-10-20 04:14:29,6536,14154,
788926818162139136,2016-10-20 04:16:25,10010,18284,
788927558288969729,2016-10-20 04:19:22,5389,12793,
788928050008207360,2016-10-20 04:21:19,3620,7902,
788928106950070272,2016-10-20 04:21:32,5603,12063,
788929328696348674,2016-10-20 04:26:24,6122,12502,
788929609458823168,2016-10-20 04:27:31,5591,11608,
788929804351385600,2016-10-20 04:28:17,7203,17777,
788930105976299521,2016-10-20 04:29:29,5881,12780,
788930515520724992,2016-10-20 04:31:07,6705,13375,
788930678255517696,2016-10-20 04:31:45,13929,28928,
788930977301090304,2016-10-20 04:32:57,13090,20923,
788931248672563200,2016-10-20 04:34:01,6229,13005,
788932604460347392,2016-10-20 04:39:25,12330,31303,
788932848317116416,2016-10-20 04:40:23,16071,39679,
788934601506889728,2016-10-20 04:47:21,8633,20389,
788935685088477185,2016-10-20 04:51:39,3977,10302,
788937644642213888,2016-10-20 04:59:26,18994,61951,
788954581346779136,2016-10-20 06:06:44,12956,30972,
788955427975393281,2016-10-20 06:10:06,7784,16537,
788957439542587392,2016-10-20 06:18:06,18042,38050,
788959791179767808,2016-10-20 06:27:27,15019,29516,
789001728632946688,2016-10-20 09:14:05,16477,38422,
789095747635572736,2016-10-20 15:27:41,17163,37526,
789117930801926148,2016-10-20 16:55:50,16475,42912,
789132223479947264,2016-10-20 17:52:38,14007,32792,
789157526378012672,2016-10-20 19:33:10,9563,23025,
789170710270742528,2016-10-20 20:25:34,13272,24890,
789192376002551810,2016-10-20 21:51:39,4417,10808,
789192459179790337,2016-10-20 21:51:59,4920,10462,
789196063819390976,2016-10-20 22:06:18,9075,21982,
789201022442962944,2016-10-20 22:26:01,10781,19772,
789202030493634560,2016-10-20 22:30:01,10413,20526,
789224624320028672,2016-10-20 23:59:48,9765,20101,
789226753831075841,2016-10-21 00:08:15,11506,20485,
789487320290430976,2016-10-21 17:23:39,13409,21395,
789520268972601344,2016-10-21 19:34:35,14306,48393,
789522551462428672,2016-10-21 19:43:39,8727,21976,
789540253791059974,2016-10-21 20:54:00,10405,15912,
789541345216036864,2016-10-21 20:58:20,10394,16903,
789573953144680448,2016-10-21 23:07:54,9066,20363,
789589818581848064,2016-10-22 00:10:57,9813,17022,
789590785733918721,2016-10-22 00:14:47,8316,13647,
789594671387447297,2016-10-22 00:30:14,9751,16010,
789596138462650372,2016-10-22 00:36:04,9819,17027,
789598795315150853,2016-10-22 00:46:37,8093,13952,
789599646821806085,2016-10-22 00:50:00,10325,17156,
789631866714386432,2016-10-22 02:58:02,8254,18688,
789657808052621313,2016-10-22 04:41:07,7321,17891,
789668492480016384,2016-10-22 05:23:34,9588,31055,
789671091182632960,2016-10-22 05:33:54,20242,54093,
789792240390533124,2016-10-22 13:35:18,12134,21038,
789792909969195009,2016-10-22 13:37:58,5287,12648,
789828981197602816,2016-10-22 16:01:18,5099,12169,
789833922590957568,2016-10-22 16:20:56,12873,29843,
789886518303330304,2016-10-22 19:49:56,8463,19143,
789887588178006017,2016-10-22 19:54:11,8328,13617,
789893765397897216,2016-10-22 20:18:43,12031,27165,
789899250834534400,2016-10-22 20:40:31,12823,27358,
789917911821520898,2016-10-22 21:54:40,10620,22122,
789936850051932161,2016-10-22 23:09:56,8197,21273,
789943092564652032,2016-10-22 23:34:44,8680,16011,
789966670630715394,2016-10-23 01:08:25,5580,13845,
790011110984445952,2016-10-23 04:05:01,10168,16290,
790015269074792448,2016-10-23 04:21:32,10352,20902,
790016528011890688,2016-10-23 04:26:32,10554,17351,
790025084870287360,2016-10-23 05:00:32,12585,30644,
790174395985788929,2016-10-23 14:53:51,21927,50308,
790192053489729538,2016-10-23 16:04:01,21854,50302,
790227242500644864,2016-10-23 18:23:50,7924,16441,
790228805986217985,2016-10-23 18:30:03,10176,18570,
790229932341354496,2016-10-23 18:34:32,9868,20029,
790250615398133760,2016-10-23 19:56:43,5472,13984,
790268732354461696,2016-10-23 21:08:42,13989,22382,
790337063489040384,2016-10-24 01:40:14,13921,34581,
790343447987314692,2016-10-24 02:05:36,9647,22191,
790343997814403072,2016-10-24 02:07:47,14588,20531,
790378549395988480,2016-10-24 04:25:05,11148,16424,
790523240351498241,2016-10-24 14:00:02,21954,46002,
790534428942622721,2016-10-24 14:44:29,16274,38028,
790539740118446080,2016-10-24 15:05:36,12560,31390,
790557856806371328,2016-10-24 16:17:35,19327,41954,
790565076159922177,2016-10-24 16:46:16,12808,26742,
790582555871326208,2016-10-24 17:55:44,5764,13271,
790584855150997504,2016-10-24 18:04:52,8824,13744,
790592685144846336,2016-10-24 18:35:59,6620,16684,
790593186787840000,2016-10-24 18:37:58,9864,15224,
790621559920615424,2016-10-24 20:30:43,8665,19382,
790629257546379264,2016-10-24 21:01:18,4644,11041,
790654003981918208,2016-10-24 22:39:38,10417,25492,
790662999841333249,2016-10-24 23:15:23,5127,11009,
790671814276083712,2016-10-24 23:50:25,16579,24493,
790672365466316800,2016-10-24 23:52:36,5275,10775,
790712761407926272,2016-10-25 02:33:07,18760,34516,
790726388978515968,2016-10-25 03:27:16,13783,32522,
790730455129714688,2016-10-25 03:43:26,13331,29405,
790923701193768960,2016-10-25 16:31:19,7156,12570,
790924363348541445,2016-10-25 16:33:57,8009,14364,
790925669937123328,2016-10-25 16:39:09,6977,11394,
790927104921767940,2016-10-25 16:44:51,11206,23393,
790936027871477764,2016-10-25 17:20:18,10652,19013,
790936360953716736,2016-10-25 17:21:37,6005,11617,
790936603590033408,2016-10-25 17:22:35,6777,13996,
790948782288596992,2016-10-25 18:10:59,10161,17147,
790951230906458113,2016-10-25 18:20:43,14637,26397,
790983039056769024,2016-10-25 20:27:06,17110,42261,
791017424426504192,2016-10-25 22:43:45,11164,27537,
791022438486343680,2016-10-25 23:03:40,13338,21152,
791030789001605126,2016-10-25 23:36:51,7614,18553,
791035128176844800,2016-10-25 23:54:05,10809,23115,
791037075030179840,2016-10-26 00:01:50,14099,32212,
791043842124439552,2016-10-26 00:28:43,8704,20604,
791059759663288321,2016-10-26 01:31:58,8576,21231,
791233632593739776,2016-10-26 13:02:53,16930,45896,
791351142760321024,2016-10-26 20:49:49,7146,14620,
791398814049456128,2016-10-26 23:59:15,32002,60449,
791457576030535680,2016-10-27 03:52:45,9239,22080,
791458860930392065,2016-10-27 03:57:51,8555,21369,
791614912833449984,2016-10-27 14:17:57,12789,25960,
791625798792974336,2016-10-27 15:01:12,16758,33484,
791642669256769536,2016-10-27 16:08:15,10836,19437,
791643269109350400,2016-10-27 16:10:38,7366,12071,
791643789609865216,2016-10-27 16:12:42,7928,12450,
791648893725450240,2016-10-27 16:32:59,10036,20306,
791651860889427968,2016-10-27 16:44:46,6159,14366,
791653174994202624,2016-10-27 16:49:59,11291,17788,
791697302519947264,2016-10-27 19:45:20,3778,10188,
791722658358439936,2016-10-27 21:26:05,6261,14277,
791738173462310912,2016-10-27 22:27:44,12944,26456,
791746832686682112,2016-10-27 23:02:09,4307,10325,
791748254991912960,2016-10-27 23:07:48,3796,10318,
791762650195632128,2016-10-28 00:05:00,11775,24859,
791767413465419777,2016-10-28 00:23:56,5038,15266,
791768269615169538,2016-10-28 00:27:20,12702,24350,
791770795165057025,2016-10-28 00:37:22,14307,22986,
791795308162408448,2016-10-28 02:14:46,5501,13008,
791818552600821761,2016-10-28 03:47:08,14485,36385,
792024896616407040,2016-10-28 17:27:05,6995,16351,
792027901126406144,2016-10-28 17:39:01,4871,11353,
792031499075944448,2016-10-28 17:53:19,14992,41141,
792049535195439104,2016-10-28 19:04:59,6536,21133,
792054354991800320,2016-10-28 19:24:08,13106,31790,
792083605405171712,2016-10-28 21:20:22,22275,46428,
792176315478609920,2016-10-29 03:28:46,5441,20774,
792176856086622208,2016-10-29 03:30:55,13034,35686,
792215485941186560,2016-10-29 06:04:25,11249,28752,
792217215114342400,2016-10-29 06:11:17,7268,16618,
792352376828993538,2016-10-29 15:08:22,10692,36395,
792389892298780672,2016-10-29 17:37:26,10119,26175,
792409386073202688,2016-10-29 18:54:54,5119,11053,
792411187547734016,2016-10-29 19:02:04,9533,16669,
792455164615544832,2016-10-29 21:56:49,8350,22162,
792456539151806464,2016-10-29 22:02:16,19849,52135,
792537371291987968,2016-10-30 02:23:28,13261,33238,
792540629548933120,2016-10-30 02:36:25,9384,22444,
792726526127067136,2016-10-30 14:55:06,17864,55151,
792728791743291392,2016-10-30 15:04:06,16380,40991,
792734426912337920,2016-10-30 15:26:30,31597,63148,
792787872789045248,2016-10-30 18:58:52,6717,16863,
792804645542305792,2016-10-30 20:05:31,7134,19080,
792868471734345728,2016-10-31 00:19:09,10132,22917,
792869550593146880,2016-10-31 00:23:26,9707,23415,
792922071437287428,2016-10-31 03:52:08,11067,24426,
792939101494337540,2016-10-31 04:59:48,6859,16257,
793120426541056000,2016-10-31 17:00:19,12344,18930,
793129964476436480,2016-10-31 17:38:13,11305,36926,
793155579019681792,2016-10-31 19:20:00,7822,18341,
793165820889358338,2016-10-31 20:00:42,8131,19191,
793167761509851137,2016-10-31 20:08:25,13739,23084,
793193310219272198,2016-10-31 21:49:56,7301,20206,
793400131525677056,2016-11-01 11:31:46,18098,46881,
793421274043285504,2016-11-01 12:55:47,13966,32971,
793422633111023616,2016-11-01 13:01:11,20079,50620,
793446442031575040,2016-11-01 14:35:47,7515,14010,
793456094198759424,2016-11-01 15:14:09,27805,69393,
793503948313419776,2016-11-01 18:24:18,6580,17399,
793524189240188928,2016-11-01 19:44:44,9091,20003,
793562183573442560,2016-11-01 22:15:42,9342,15282,
793562498100178945,2016-11-01 22:16:57,7278,15222,
793563282854383617,2016-11-01 22:20:04,7759,12700,
793565506431168512,2016-11-01 22:28:55,9080,17786,
793569883409657856,2016-11-01 22:46:18,7146,13731,
793572802729086976,2016-11-01 22:57:54,12347,21481,
793611795156111360,2016-11-02 01:32:51,10981,27259,
793659710054498304,2016-11-02 04:43:15,7140,15659,
793763567837253633,2016-11-02 11:35:56,21453,50496,
793769750056677376,2016-11-02 12:00:30,15032,44477,
793796754193936385,2016-11-02 13:47:48,15673,41948,
793802617428160513,2016-11-02 14:11:06,6898,16678,
793804514583252992,2016-11-02 14:18:39,6397,17145,
793824247168765952,2016-11-02 15:37:03,25972,77010,
793864122987323393,2016-11-02 18:15:30,10639,28894,
793889694064967680,2016-11-02 19:57:07,9503,18704,
793890059510505472,2016-11-02 19:58:34,8515,16390,
793892802040041472,2016-11-02 20:09:28,22631,41837,
793928267250171904,2016-11-02 22:30:24,14214,39904,
793959470585913345,2016-11-03 00:34:23,15171,32242,
794025263604625409,2016-11-03 04:55:49,9487,25030,
794154017983238145,2016-11-03 13:27:27,10378,40323,
794155725152980992,2016-11-03 13:34:14,13320,40075,
794197242471124992,2016-11-03 16:19:12,25702,64764,
794259252613414915,2016-11-03 20:25:37,14521,48843,
794281211963338752,2016-11-03 21:52:52,10628,29176,
794281898570825728,2016-11-03 21:55:36,16790,31281,
794290058685661184,2016-11-03 22:28:01,5529,16179,
794367345359732740,2016-11-04 03:35:08,10306,27884,
794562979652128772,2016-11-04 16:32:31,3582,11211,
794574267878928384,2016-11-04 17:17:22,6365,12846,
794577092453212160,2016-11-04 17:28:36,6785,13611,
794611850499489793,2016-11-04 19:46:42,6385,17993,
794614251709169664,2016-11-04 19:56:15,14712,22543,
794617042888491008,2016-11-04 20:07:20,35324,89681,
794638650382368768,2016-11-04 21:33:12,3175,11726,
794679364289986560,2016-11-05 00:14:59,8272,22257,
794683513853382656,2016-11-05 00:31:28,29142,57243,
794688416663437312,2016-11-05 00:50:57,5736,17163,
794690094594740224,2016-11-05 00:57:37,4637,14508,
794734211559292928,2016-11-05 03:52:56,8859,24724,
794895332941381633,2016-11-05 14:33:10,49294,100972,
794943632176451584,2016-11-05 17:45:05,4956,14317,
794994280829952000,2016-11-05 21:06:21,7135,20659,
794996097370427392,2016-11-05 21:13:34,9593,28547,
795014711716757504,2016-11-05 22:27:32,5796,18259,
795017350688935936,2016-11-05 22:38:01,10773,18368,
795017781423067136,2016-11-05 22:39:44,6869,14098,
795019500345233408,2016-11-05 22:46:34,9210,18922,
795057936565313536,2016-11-06 01:19:18,5959,15917,
795058179168055296,2016-11-06 01:20:16,4022,15402,
795084117192810496,2016-11-06 03:03:20,15855,40953,
795145824586137600,2016-11-06 07:08:32,9447,27784,
795311315304714242,2016-11-06 18:06:08,7276,16657,
795346759119736832,2016-11-06 20:26:58,7937,23334,
795402627701964800,2016-11-07 00:08:58,8747,23820,
795411058357837825,2016-11-07 00:42:28,8227,22158,
795417907476000768,2016-11-07 01:09:41,13070,32603,
795443728282505216,2016-11-07 02:52:18,13455,34320,
795479521520717825,2016-11-07 05:14:31,15930,42506,
795515037632921601,2016-11-07 07:35:39,10815,29445,
795674761309417472,2016-11-07 18:10:20,12012,31566,
795709959245856768,2016-11-07 20:30:12,12426,35762,
795710386855088129,2016-11-07 20:31:54,7230,22933,
795733366842806272,2016-11-07 22:03:13,9248,27147,
795740720388866048,2016-11-07 22:32:26,6036,15509,
795741423756840960,2016-11-07 22:35:14,8124,20786,
795741975022604293,2016-11-07 22:37:25,13655,32442,
795753162623815680,2016-11-07 23:21:53,10680,32058,
795770006306861057,2016-11-08 00:28:48,8765,27429,
795779987152523264,2016-11-08 01:08:28,7743,25771,
795781945607278592,2016-11-08 01:16:15,12110,32433,
795782371895349250,2016-11-08 01:17:57,11281,38360,
795834203430645760,2016-11-08 04:43:54,7796,28222,
795879172795203584,2016-11-08 07:42:36,14825,47589,
795954831718498305,2016-11-08 12:43:14,295817,518347,
796029413318082560,2016-11-08 17:39:36,25253,58547,
796050609254395905,2016-11-08 19:03:49,20214,54335,
796055597594578944,2016-11-08 19:23:39,21319,53872,
796099494442057728,2016-11-08 22:18:04,20740,110358,
796102093727793152,2016-11-08 22:28:24,17966,40635,
796102830352465921,2016-11-08 22:31:20,30178,102850,
796126077647196160,2016-11-09 00:03:42,21773,56796,
796182637622816768,2016-11-09 03:48:27,38474,168959,
796315640307060738,2016-11-09 12:36:58,187379,564352,
796797436752707585,2016-11-10 20:31:27,38747,149631,
796897928048766976,2016-11-11 03:10:46,32012,170375,
796900183955095552,2016-11-11 03:19:44,58027,201909,
797034721075228672,2016-11-11 12:14:20,46678,195230,
797069763801387008,2016-11-11 14:33:35,28146,156824,
797098212599496704,2016-11-11 16:26:37,39962,148889,
797455295928791040,2016-11-12 16:05:33,44926,176617,
797805407179866112,2016-11-13 15:16:46,29152,109757,
797812048805695488,2016-11-13 15:43:09,18351,74969,
797812630312382464,2016-11-13 15:45:28,12880,96896,
797822192931262470,2016-11-13 16:23:28,15231,94245,
797823553244712960,2016-11-13 16:28:52,19282,110059,
797832229800050688,2016-11-13 17:03:21,24610,80661,
797839801735114752,2016-11-13 17:33:26,13862,68309,
797873313561198593,2016-11-13 19:46:36,19661,98475,
798519600413601792,2016-11-15 14:34:43,41269,156372,
798521053551140864,2016-11-15 14:40:29,32693,111276,
798721142525665280,2016-11-16 03:55:34,23461,104688,
798850338384023552,2016-11-16 12:28:57,28727,88162,
798861300453539840,2016-11-16 13:12:30,17479,66933,
798862483255652352,2016-11-16 13:17:12,21504,76655,
798864532433211392,2016-11-16 13:25:21,20024,77750,
799232214793760768,2016-11-17 13:46:23,17977,84351,
799432403727028224,2016-11-18 03:01:52,41769,146577,
799435824622252032,2016-11-18 03:15:28,24887,103856,
799742847310319616,2016-11-18 23:35:27,22443,106763,
799969130237542400,2016-11-19 14:34:38,13713,79200,
799970371705380864,2016-11-19 14:39:34,10875,54066,
799972624713420804,2016-11-19 14:48:31,28585,107323,
799974635274194947,2016-11-19 14:56:30,36857,131369,
800298286204723200,2016-11-20 12:22:34,21301,90949,
800303776615854080,2016-11-20 12:44:23,11813,59586,
800329364986626048,2016-11-20 14:26:04,13504,59990,
800332639844659201,2016-11-20 14:39:05,18205,71592,
800339165829283840,2016-11-20 15:05:01,9875,48656,
800850810490023937,2016-11-22 00:58:06,35374,89012,
800885097775955974,2016-11-22 03:14:21,16068,69235,
800887087780294656,2016-11-22 03:22:16,18307,56084,
801021596228091905,2016-11-22 12:16:45,14532,59160,
801025256487940096,2016-11-22 12:31:18,7889,33421,
801026635579424768,2016-11-22 12:36:46,9919,42596,
801029194906038272,2016-11-22 12:46:57,14486,70896,
801057215226544128,2016-11-22 14:38:17,7328,27017,
801057586162319360,2016-11-22 14:39:46,8933,32838,
801087976889520128,2016-11-22 16:40:31,6057,29284,
801110690387857408,2016-11-22 18:10:47,23054,124006,
801219908910469120,2016-11-23 01:24:46,23655,117405,
801610648010575872,2016-11-24 03:17:26,41823,149212,
801629061831331840,2016-11-24 04:30:36,41130,164309,
801805564577808385,2016-11-24 16:11:58,26157,122141,
802499192237080576,2016-11-26 14:08:11,82268,181203,
802671162383802368,2016-11-27 01:31:32,26276,83699,
802723588759375873,2016-11-27 04:59:52,26043,86556,
802849330176659456,2016-11-27 13:19:31,22268,83988,
802858273284255744,2016-11-27 13:55:03,9421,37943,
802859802749784064,2016-11-27 14:01:08,8328,35298,
802861553905238017,2016-11-27 14:08:05,7558,32550,
802864075822788608,2016-11-27 14:18:06,7986,33559,
802865382490968064,2016-11-27 14:23:18,10608,43127,
802866941820071937,2016-11-27 14:29:30,14425,64739,
802972944532209664,2016-11-27 21:30:43,44942,142251,
802973848022847489,2016-11-27 21:34:18,9640,41417,
802975667197386752,2016-11-27 21:41:32,8999,41585,
803033642545115140,2016-11-28 01:31:54,26160,87690,
803237535178772481,2016-11-28 15:02:06,20749,72720,
803343150907617284,2016-11-28 22:01:47,11676,59860,
803421742815412224,2016-11-29 03:14:04,6615,25656,
803422200594309120,2016-11-29 03:15:54,6364,26581,
803423203620245504,2016-11-29 03:19:53,6487,27841,
803423503978532864,2016-11-29 03:21:04,7657,28581,
803434300846862336,2016-11-29 04:03:59,20878,78667,
803558077144399873,2016-11-29 12:15:49,18085,85512,
803562827776720896,2016-11-29 12:34:42,15816,62915,
803567993036754944,2016-11-29 12:55:13,63812,191168,
803692055897788424,2016-11-29 21:08:12,24461,94595,
803704881278230528,2016-11-29 21:59:10,5663,21179,
803744769566339072,2016-11-30 00:37:40,5583,23994,
803805823503925250,2016-11-30 04:40:16,13307,61878,
803808454620094465,2016-11-30 04:50:44,15969,73960,
803921522784092160,2016-11-30 12:20:01,28642,93134,
803926488579973120,2016-11-30 12:39:45,9527,39171,
803927774784344064,2016-11-30 12:44:52,8974,39250,
803930240661811200,2016-11-30 12:54:40,9648,44463,
803931490514075648,2016-11-30 12:59:38,14824,67565,
803982850081099776,2016-11-30 16:23:43,6861,26589,
803997374016167936,2016-11-30 17:21:26,6040,22680,
804052438546317312,2016-11-30 21:00:14,12391,45292,
804170300908781570,2016-12-01 04:48:35,10645,59103,
804333718999539712,2016-12-01 15:37:57,10265,57537,
804333771021570048,2016-12-01 15:38:09,8300,49866,
804458095569158144,2016-12-01 23:52:10,4681,27035,
804516764562374656,2016-12-02 03:45:18,14770,63494,
804848711599882240,2016-12-03 01:44:20,20804,96611,
804863098138005504,2016-12-03 02:41:30,32313,106007,
804884532671430658,2016-12-03 04:06:41,14672,55715,
805088569765359616,2016-12-03 17:37:27,7878,32970,
805126876779913216,2016-12-03 20:09:40,8267,33635,
805127720749383680,2016-12-03 20:13:01,7821,33968,
805278955150471168,2016-12-04 06:13:58,23228,99878,
805376548882776064,2016-12-04 12:41:47,11414,45923,
805378393537658880,2016-12-04 12:49:06,9951,39642,
805380553008680961,2016-12-04 12:57:41,10192,41432,
805382541343653888,2016-12-04 13:05:35,8017,34643,
805386422807105536,2016-12-04 13:21:01,8617,36170,
805387038048612356,2016-12-04 13:23:27,12248,49765,
805486509914779649,2016-12-04 19:58:43,20953,81729,
805528947190616065,2016-12-04 22:47:21,5475,27130,
805538149157969924,2016-12-04 23:23:55,17195,57980,
805539770864693253,2016-12-04 23:30:22,12013,44532,
805772007220645888,2016-12-05 14:53:11,23138,94580,
805804034309427200,2016-12-05 17:00:27,32480,123232,
805911307270713348,2016-12-06 00:06:43,6863,23188,
806134244384899072,2016-12-06 14:52:35,36451,124366,
806177746397306883,2016-12-06 17:45:27,5493,23171,
806214078465245185,2016-12-06 20:09:49,23983,77199,
806214236053667842,2016-12-06 20:10:27,10916,41602,
806246271405162500,2016-12-06 22:17:45,11942,61406,
806340792247795715,2016-12-07 04:33:20,6510,31616,
806473064703725568,2016-12-07 13:18:56,4548,27816,
806568460620857349,2016-12-07 19:38:00,15667,67762,
806583438748815361,2016-12-07 20:37:32,5360,23833,
806660011904614408,2016-12-08 01:41:48,10652,42722,
806678853305384960,2016-12-08 02:56:40,11794,49492,
806970576359325696,2016-12-08 22:15:52,17043,83703,
806995622117122048,2016-12-08 23:55:24,3416,18839,
806999846674698240,2016-12-09 00:12:11,5092,17657,
807057700857188355,2016-12-09 04:02:04,7923,35336,
807309464705630208,2016-12-09 20:42:30,4521,19919,
807347429062443009,2016-12-09 23:13:21,7688,31851,
807427326522884096,2016-12-10 04:30:50,7719,33358,
807545243608420352,2016-12-10 12:19:24,6036,26031,
807547249681166336,2016-12-10 12:27:22,9472,43001,
807565127021109252,2016-12-10 13:38:24,15686,93842,
807588632877998081,2016-12-10 15:11:49,20896,64315,
807589280071684096,2016-12-10 15:14:23,10312,26666,
807663477322027008,2016-12-10 20:09:13,6107,23937,
807932020236124160,2016-12-11 13:56:18,4777,26141,
807935995316408322,2016-12-11 14:12:06,10999,69586,
807945982633709570,2016-12-11 14:51:47,8303,44371,
807970490635743237,2016-12-11 16:29:10,10804,45806,
808107215492091904,2016-12-12 01:32:28,4527,24007,
808114703922843649,2016-12-12 02:02:14,16528,61667,
808299841147248640,2016-12-12 14:17:54,28140,92708,
808300706914594816,2016-12-12 14:21:20,13219,51588,
808301935728230404,2016-12-12 14:26:13,13669,51798,
808437742904418304,2016-12-12 23:25:52,6616,23306,
808456602076545025,2016-12-13 00:40:48,24550,90992,
808469755749339136,2016-12-13 01:33:05,13890,54580,
808528428123254785,2016-12-13 05:26:13,10183,48491,
808529888630239232,2016-12-13 05:32:01,8170,37029,
808532286664822784,2016-12-13 05:41:33,8878,40447,
808638507161882624,2016-12-13 12:43:38,19889,67146,
808642018612310016,2016-12-13 12:57:35,15200,67200,
808653723639697408,2016-12-13 13:44:06,12545,51389,
808787048144453632,2016-12-13 22:33:53,5329,20191,
808881429715316737,2016-12-14 04:48:55,8161,37105,
809097603010981888,2016-12-14 19:07:55,11875,50186,
809383989018497024,2016-12-15 14:05:55,7392,31664,
809384826193276928,2016-12-15 14:09:14,8989,49268,
809389774066814976,2016-12-15 14:28:54,11509,52282,
809403760099422208,2016-12-15 15:24:29,33801,107073,
809525257371578369,2016-12-15 23:27:16,4754,19243,
809571983428120577,2016-12-16 02:32:56,7535,33246,
809717035353722880,2016-12-16 12:09:19,27604,93830,
809790978332786689,2016-12-16 17:03:09,15251,61321,
809803893920165892,2016-12-16 17:54:28,5996,24076,
809969373754654721,2016-12-17 04:52:01,9412,37883,
810108542921408512,2016-12-17 14:05:02,5446,31396,
810109131537481728,2016-12-17 14:07:22,6012,30485,
810112407309844480,2016-12-17 14:20:23,6965,35051,
810121703288410112,2016-12-17 14:57:20,16249,52292,
810276411177107456,2016-12-18 01:12:05,11032,48147,
810288321880555520,2016-12-18 01:59:25,15097,56394,
810604216771284992,2016-12-18 22:54:40,30336,117098,
810988379051610112,2016-12-20 00:21:11,32178,97340,
810996052241293312,2016-12-20 00:51:41,49573,195879,
811039925571354624,2016-12-20 03:46:01,8935,43396,
811041034323054592,2016-12-20 03:50:25,12939,64383,
811195441710764032,2016-12-20 14:03:59,15571,68027,
811196778779463684,2016-12-20 14:09:18,7405,36250,
811307169043849216,2016-12-20 21:27:57,13260,59271,
811560662853939200,2016-12-21 14:15:14,13595,59180,
811562990285848576,2016-12-21 14:24:29,10286,46854,
811564284706689024,2016-12-21 14:29:38,17034,71039,
811778176120668160,2016-12-22 04:39:33,10940,56933,
811928543366148096,2016-12-22 14:37:04,8696,30769,
811975049431416832,2016-12-22 17:41:52,16031,63642,
811977223326625792,2016-12-22 17:50:30,17785,62887,
812061677160202240,2016-12-22 23:26:05,12470,53960,
812115501791006720,2016-12-23 02:59:58,26021,103709,
812264762981675008,2016-12-23 12:53:05,12978,46393,
812266152684650496,2016-12-23 12:58:36,12154,55657,
812390964740427776,2016-12-23 21:14:34,28214,84581,
812406855469252608,2016-12-23 22:17:42,15398,43342,
812408189492797442,2016-12-23 22:23:00,14633,55777,
812450976670121985,2016-12-24 01:13:02,26025,96368,
812764662500622336,2016-12-24 21:59:30,13837,53878,
812773204561379330,2016-12-24 22:33:27,16556,72546,
812775995837218816,2016-12-24 22:44:32,18181,73123,
813003030186622976,2016-12-25 13:46:41,35191,132698,
813079058896535552,2016-12-25 18:48:48,41770,186258,
813498739923054593,2016-12-26 22:36:28,18514,79023,
813500123053490176,2016-12-26 22:41:58,18667,67316,
813527932165558273,2016-12-27 00:32:28,25084,111830,
813578484572450816,2016-12-27 03:53:20,14701,62249,
813581917215977473,2016-12-27 04:06:59,13148,58876,
813865160163098628,2016-12-27 22:52:29,19356,86769,
813945096269860866,2016-12-28 04:10:07,15885,67964,
814110460761018368,2016-12-28 15:07:13,26563,102340,
814113616110751744,2016-12-28 15:19:46,25433,93467,
814114980983427073,2016-12-28 15:25:11,29033,102879,
814231064847728640,2016-12-28 23:06:28,11674,44791,
814484710025994241,2016-12-29 15:54:21,9469,39306,
814919370711461890,2016-12-30 20:41:33,29104,83039,
814920722208296960,2016-12-30 20:46:55,6201,21635,
814958820980039681,2016-12-30 23:18:18,19319,72360,
815185071317676033,2016-12-31 14:17:21,121041,314786,
815270850916208644,2016-12-31 19:58:12,8082,48667,
